综合排名,球员姓名,位置大类,出场次数,场均时间(分钟),场均得分,真实命中率TS(%),场均篮板,场均助攻,场均抢断,场均盖帽,场均失误,助攻失误比,每36分钟得分,两双次数,三双次数,巨星指数,巨星指数百分位,同位置表现指数,是否数据型巨星
1,尼古拉·约基奇,中锋,62,35.0,27.9,67.3913043478261,12.9,10.9,1.4,0.8,3.8,2.5348837209302326,28.697142857142858,53,32,2.3223717491290614,100.0,93.15789473684211,巨星组
2,卢卡·东契奇,后卫,64,35.8,33.5,61.48142710321539,7.7,8.3,1.6,0.5,4.0,1.8444444444444446,33.68715083798883,34,8,1.9492588736490584,99.62962962962963,94.57720588235296,巨星组
3,谢伊·吉尔杰斯-亚历山大,后卫,66,33.3,31.4,66.67232886020044,4.4,6.5,1.4,0.8,2.2,2.4074074074074074,33.945945945945944,7,0,1.8003333652471571,99.25925925925925,93.125,巨星组
4,泰瑞斯·马克西,后卫,66,38.2,28.6,58.886509635974306,4.2,6.7,1.9,0.8,2.4,2.310344827586207,26.952879581151834,7,0,1.7383449142081542,98.88888888888889,89.70588235294119,巨星组
5,杰伦·约翰逊,前锋,69,35.2,22.8,58.53357979051139,10.3,8.0,1.3,0.4,3.4,2.0512820512820515,23.318181818181817,47,13,1.556720661136759,98.51851851851852,86.95312500000001,巨星组
6,凯德·坎宁安,后卫,61,34.4,24.5,56.639541335306085,5.6,9.9,1.5,0.9,3.7,2.357142857142857,25.63953488372093,37,3,1.5474025382107164,98.14814814814815,87.05882352941175,巨星组
7,科怀·伦纳德,前锋,62,32.0,28.0,62.8930817610063,6.3,3.6,1.9,0.4,2.0,1.44,31.5,5,0,1.4765654984717174,97.77777777777777,88.28125,巨星组
8,多诺万·米切尔,后卫,69,33.4,27.8,61.00772471910112,4.5,5.7,1.5,0.3,2.8,1.7272727272727275,29.96407185628743,5,0,1.416090112465264,97.4074074074074,86.61764705882354,巨星组
9,贾马尔·默里,后卫,73,35.3,25.5,62.23155017571261,4.4,7.2,0.9,0.4,2.3,2.5714285714285716,26.005665722379604,18,0,1.4033768880617576,97.03703703703704,87.15073529411765,巨星组
10,詹姆斯·哈登,后卫,68,35.0,23.7,61.398963730569946,4.9,8.1,1.1,0.4,3.5,2.025,24.377142857142854,20,2,1.3863063139826513,96.66666666666667,88.10661764705884,巨星组
11,安东尼·爱德华兹,后卫,60,35.2,28.9,61.57320606783705,5.0,3.7,1.4,0.8,2.8,1.1212121212121213,29.556818181818176,2,0,1.35111717495516,96.29629629629629,84.9264705882353,巨星组
12,维克托·文班亚马,前锋,62,29.4,24.9,62.31231231231232,11.6,3.1,1.0,3.1,2.4,1.0689655172413794,30.48979591836735,41,1,1.3422782436781513,95.92592592592592,84.89583333333333,巨星组
13,凯文·杜兰特,前锋,75,36.4,25.9,63.98221343873517,5.4,4.8,0.8,0.9,3.2,1.2972972972972971,25.615384615384617,7,0,1.2566840778315964,95.55555555555556,86.015625,巨星组
14,杰伦·布朗,后卫,69,34.4,28.7,57.071269487750556,7.0,5.2,1.0,0.4,3.6,1.2682926829268295,30.034883720930235,14,3,1.252035046408845,95.18518518518519,78.65808823529412,巨星组
15,奥斯汀·里夫斯,后卫,51,34.5,23.3,64.32199646643109,4.7,5.5,1.1,0.4,3.0,1.5714285714285714,24.313043478260873,6,0,1.1850383649350136,94.81481481481482,85.14705882352939,巨星组
16,德尼·阿夫迪亚,前锋,62,33.1,23.9,59.476408520804306,7.0,6.7,0.8,0.6,3.8,1.558139534883721,25.993957703927492,18,3,1.17854424563723,94.44444444444444,82.60416666666667,巨星组
17,阿尔佩伦·申京,中锋,69,33.4,20.6,56.98163310466917,8.8,6.2,1.2,1.1,3.1,1.7222222222222223,22.20359281437126,33,4,1.1765848991616588,94.07407407407408,81.77631578947368,巨星组
18,斯科蒂·巴恩斯,前锋,76,33.7,18.1,57.17715440990651,7.5,5.9,1.5,1.5,2.7,1.84375,19.335311572700295,29,2,1.1270686475123088,93.7037037037037,82.21354166666666,巨星组
19,勒布朗·詹姆斯,前锋,56,33.4,20.6,58.89752973467522,6.0,6.9,1.1,0.6,2.9,2.0294117647058827,22.20359281437126,14,3,1.1002730786112525,93.33333333333333,82.86458333333333,巨星组
20,杰伦·布伦森,后卫,71,35.0,26.0,58.014994644769736,3.4,6.7,0.7,0.1,2.4,2.310344827586207,26.742857142857144,10,0,1.0813965049260534,92.96296296296296,73.93382352941177,巨星组
21,基扬特·乔治,后卫,54,33.1,23.6,60.8875128998968,3.7,6.1,1.1,0.3,3.1,1.6944444444444442,25.667673716012086,4,0,1.0688327459504787,92.5925925925926,80.75367647058825,巨星组
22,阿门·汤普森,后卫,76,37.3,17.9,58.66544310435238,7.8,5.3,1.5,0.6,2.4,1.8275862068965518,17.276139410187668,19,0,1.0523397652712263,92.22222222222223,83.54779411764706,巨星组
23,特雷·墨菲三世,前锋,66,35.5,21.5,61.33044272021908,5.7,3.8,1.5,0.4,1.8,1.6521739130434783,21.802816901408452,4,0,1.0486131441443183,91.85185185185185,85.26041666666667,巨星组
24,约什·吉迪,后卫,54,32.1,17.0,56.11301822022708,8.3,9.1,1.0,0.5,3.6,2.2195121951219514,19.06542056074766,28,13,1.024193284202159,91.48148148148148,77.48161764705881,巨星组
25,德文·布克,后卫,62,33.4,25.8,58.31826401446655,3.9,6.0,0.8,0.3,3.1,1.6666666666666665,27.808383233532936,6,0,1.0142358460776455,91.11111111111111,76.5625,巨星组
26,保罗·班凯罗,前锋,68,34.9,22.2,56.32230566267504,8.4,5.1,0.7,0.6,3.1,1.4166666666666665,22.89971346704871,25,2,0.9146268357722406,90.74074074074075,75.28645833333334,巨星组
27,朱利叶斯·兰德尔,前锋,78,33.1,21.1,58.37760070827801,6.8,5.1,1.1,0.2,2.8,1.5454545454545454,22.948640483383684,15,3,0.8975058882157759,90.37037037037037,79.0625,巨星组
28,杰伦·杜伦,中锋,67,28.3,19.5,68.25819098291795,10.6,1.9,0.8,0.9,1.8,0.8260869565217391,24.80565371024735,41,0,0.8925870097836727,90.0,75.98684210526315,其他球员
29,小迈克尔·波特,前锋,52,32.5,24.2,59.50039339103069,7.1,3.0,1.1,0.3,2.3,1.0714285714285714,26.806153846153844,12,0,0.8900912157641823,89.62962962962962,79.27083333333334,其他球员
30,帕斯卡尔·西亚卡姆,前锋,62,33.2,24.0,56.38037962788949,6.6,3.8,1.1,0.4,2.2,1.4074074074074072,26.024096385542165,10,0,0.8797255386590279,89.25925925925927,77.34374999999999,其他球员
31,埃文·莫布里,中锋,62,32.1,18.1,59.61791831357049,9.0,3.6,0.8,1.8,1.8,1.565217391304348,20.299065420560748,26,0,0.8627267662068963,88.88888888888889,78.42105263157896,其他球员
32,卡尔-安东尼·唐斯,中锋,72,31.0,20.1,61.626195732156,11.9,2.9,0.8,0.5,2.5,0.9666666666666667,23.34193548387097,53,1,0.8506954597020757,88.51851851851852,75.4605263157895,其他球员
33,库珀·弗拉格,前锋,65,33.8,20.8,54.99153976311337,6.6,4.5,1.2,0.9,2.4,1.5517241379310345,22.153846153846157,12,0,0.8479699876897014,88.14814814814815,78.17708333333331,其他球员
34,锡安·威廉森,前锋,62,29.7,21.0,64.41717791411043,5.7,3.2,1.0,0.5,2.0,1.28,25.454545454545457,6,0,0.8014563807101309,87.77777777777777,80.26041666666666,其他球员
35,拉梅洛·鲍尔,后卫,69,27.8,19.8,54.52742894910772,4.8,7.2,1.2,0.2,2.7,2.25,25.640287769784173,10,1,0.7919739841696154,87.4074074074074,73.06985294117646,其他球员
36,伊曼纽尔·奎克利,后卫,67,32.4,16.9,58.01977478714638,4.1,6.0,1.3,0.1,1.5,3.0,18.77777777777778,8,0,0.7904312065780512,87.03703703703704,74.7610294117647,其他球员
37,巴姆·阿德巴约,中锋,69,32.2,20.2,55.20332313073896,10.0,3.0,1.2,0.7,1.7,1.3636363636363635,22.583850931677013,32,0,0.7877094072796029,86.66666666666667,75.98684210526315,其他球员
38,瑞安·罗林斯,后卫,73,32.1,17.2,58.408041293126864,4.6,5.6,1.5,0.4,2.7,1.7499999999999998,19.28971962616822,6,0,0.7849434250596766,86.29629629629629,79.20955882352942,其他球员
39,达龙·福克斯,后卫,68,31.0,18.5,58.03011292346299,3.8,6.2,1.2,0.3,2.3,2.2142857142857144,21.483870967741936,7,0,0.7735541940306584,85.92592592592592,77.1139705882353,其他球员
40,德斯蒙德·贝恩,后卫,78,34.1,20.4,60.743211052882316,4.2,4.2,1.0,0.4,2.0,1.6800000000000002,21.5366568914956,1,0,0.768284731428759,85.55555555555556,78.87867647058825,其他球员
41,尼基尔·亚历山大-沃克,后卫,75,33.2,20.6,60.375146541617816,3.5,3.7,1.3,0.5,2.1,1.4230769230769231,22.33734939759036,2,0,0.7552052385504913,85.18518518518519,76.28676470588235,其他球员
42,斯蒂芬·卡斯尔,后卫,66,30.0,16.7,57.55445271574304,5.2,7.3,1.1,0.3,3.2,1.9729729729729728,20.04,16,4,0.75327135140051,84.81481481481481,75.11029411764706,其他球员
43,戴森·丹尼尔斯,后卫,73,33.1,11.8,54.10858400586941,6.7,5.9,2.0,0.4,1.8,2.565217391304348,12.833836858006043,13,1,0.7167659769674268,84.44444444444444,69.17279411764707,其他球员
44,德里克·怀特,后卫,74,34.3,16.7,52.8882695718267,4.5,5.5,1.1,1.3,1.8,2.3913043478260874,17.527696793002914,1,0,0.6660103476661169,84.07407407407408,71.34191176470588,其他球员
45,欧吉·阿奴诺比,前锋,64,33.4,16.9,62.150632538982045,5.3,2.2,1.6,0.7,1.9,0.9166666666666667,18.21556886227545,5,0,0.6546222382508506,83.7037037037037,75.02604166666666,其他球员
46,安德鲁·内姆哈德,后卫,57,31.3,16.9,56.31831511596908,2.8,7.7,0.9,0.1,2.4,2.6551724137931036,19.43769968051118,13,0,0.6471070743798222,83.33333333333334,67.15073529411765,其他球员
47,切特·霍姆格伦,中锋,67,29.0,17.0,65.08422664624808,8.8,1.6,0.6,1.9,1.5,0.8,21.103448275862068,22,0,0.6266574827578216,82.96296296296296,67.82894736842104,其他球员
48,奥涅卡·奥孔古,前锋,71,31.0,15.4,59.542220847510066,7.7,3.2,1.1,1.1,1.7,1.4545454545454546,17.883870967741935,16,0,0.6004589043857195,82.5925925925926,78.22916666666667,其他球员
49,布兰登·英格拉姆,前锋,73,33.8,21.3,56.70926517571885,5.5,3.6,0.7,0.7,2.5,1.2,22.686390532544383,2,0,0.5972970299435602,82.22222222222221,70.49479166666666,其他球员
50,诺曼·鲍威尔,后卫,55,30.1,22.1,60.98233995584991,3.6,2.6,1.1,0.3,1.9,1.0833333333333335,26.431893687707642,1,0,0.594904793830265,81.85185185185185,70.53308823529412,其他球员
51,贾勒特·阿伦,中锋,54,27.1,15.4,67.07317073170732,8.5,1.8,1.0,0.8,1.3,1.0,20.457564575645755,20,0,0.5832072101742466,81.48148148148148,68.75,其他球员
52,鲁迪·戈贝尔,中锋,75,31.3,11.0,66.5859564164649,11.5,1.7,0.8,1.6,1.4,0.8947368421052632,12.651757188498403,33,0,0.5815633555706271,81.11111111111111,62.5,其他球员
53,特雷·琼斯,后卫,61,27.0,13.7,63.449425713227114,3.1,5.4,1.2,0.2,1.4,2.842105263157895,18.266666666666666,5,0,0.5790045657521995,80.74074074074075,70.88235294117646,其他球员
54,康·克努佩尔,后卫,78,31.5,18.7,63.70945761787953,5.3,3.4,0.7,0.2,2.0,1.3599999999999999,21.37142857142857,7,0,0.5723273848915457,80.37037037037037,72.15073529411764,其他球员
55,朱·霍勒迪,后卫,49,29.1,16.3,58.06497577657452,4.5,6.1,1.1,0.1,2.8,1.8484848484848484,20.16494845360825,7,0,0.5655033821698323,80.0,70.88235294117646,其他球员
56,维杰·埃奇库姆,后卫,71,34.8,16.1,54.55407969639469,5.5,4.1,1.4,0.5,1.8,1.7826086956521738,16.655172413793107,7,0,0.5588266885229999,79.62962962962963,71.96691176470588,其他球员
57,米卡尔·布里奇斯,后卫,78,33.3,14.7,58.66858237547892,3.9,3.8,1.3,0.8,1.1,2.3749999999999996,15.891891891891891,1,0,0.5564788218564302,79.25925925925927,73.87867647058823,其他球员
58,德玛尔·德罗赞,后卫,77,31.2,18.4,59.11076843998971,2.9,4.1,1.0,0.3,1.2,2.411764705882353,21.23076923076923,2,0,0.5510708016593079,78.88888888888889,72.31617647058825,其他球员
59,佩顿·普里查德,后卫,76,32.4,17.0,58.25109649122807,4.0,5.1,0.8,0.1,1.4,2.6842105263157894,18.88888888888889,4,0,0.5475099697445891,78.51851851851852,69.96323529411764,其他球员
60,约什·哈特,后卫,63,30.1,12.1,60.88969404186796,7.6,4.9,1.1,0.3,1.9,2.041666666666667,14.47176079734219,13,2,0.547487240628413,78.14814814814814,71.15808823529412,其他球员
61,杰伦·萨格斯,后卫,53,27.5,13.7,55.38486416558861,3.9,5.5,1.9,0.7,2.7,1.71875,17.934545454545454,3,1,0.5444800602729665,77.77777777777779,68.16176470588235,其他球员
62,布兰登·米勒,前锋,62,30.3,20.2,57.39940895658104,5.0,3.4,1.0,0.7,2.6,1.096774193548387,23.999999999999996,3,0,0.5418745634952263,77.4074074074074,70.10416666666666,其他球员
63,小贾伦·杰克逊,前锋,48,30.3,19.4,57.57359924026591,5.7,2.0,1.1,1.4,2.2,0.7407407407407407,23.04950495049505,3,0,0.5099600338407775,77.03703703703704,67.29166666666667,其他球员
64,拉塞尔·威斯布鲁克,后卫,64,29.0,15.2,52.86588759042849,5.4,6.7,1.3,0.2,3.3,1.7631578947368423,18.868965517241378,16,6,0.4983520869253594,76.66666666666667,66.67279411764706,其他球员
65,谢登·夏普,后卫,48,30.0,21.4,55.2685950413223,4.4,2.6,1.4,0.1,3.0,0.7428571428571429,25.68,0,0,0.4456122343352603,76.29629629629629,63.382352941176464,其他球员
66,安德鲁·威金斯,前锋,64,30.6,15.6,58.593749999999986,5.0,2.7,1.2,1.1,1.5,1.35,18.352941176470587,2,0,0.42741255583267335,75.92592592592592,71.61458333333333,其他球员
67,阿尔杰·巴雷特,前锋,54,30.2,19.1,58.18912990494761,5.2,3.4,0.7,0.3,1.8,1.4782608695652175,22.768211920529804,0,0,0.41430579279038554,75.55555555555556,66.27604166666666,其他球员
68,杰登·麦克丹尼尔斯,前锋,71,31.9,14.8,61.66666666666667,4.2,2.7,1.1,1.0,1.8,1.173913043478261,16.702194357366775,0,0,0.41119359665923666,75.18518518518519,71.11979166666667,其他球员
69,格雷森·阿伦,后卫,49,29.2,16.8,56.72609400324149,3.0,3.9,1.4,0.2,1.6,1.857142857142857,20.71232876712329,0,0,0.4020601581342619,74.81481481481481,65.60661764705881,其他球员
70,尼古拉·武切维奇,中锋,61,28.7,15.4,57.63473053892216,8.5,3.3,0.6,0.7,1.3,1.8333333333333333,19.317073170731707,23,0,0.3817282948516082,74.44444444444444,64.67105263157895,其他球员
71,多诺万·克林根,中锋,73,27.2,12.0,60.072086503804556,11.6,2.1,0.6,1.7,1.3,1.1666666666666667,15.882352941176471,33,0,0.3710452692864806,74.07407407407408,63.02631578947368,其他球员
72,萨迪克·贝,后卫,72,31.2,17.7,58.20836621941594,5.6,2.5,0.9,0.1,0.9,1.7857142857142858,20.42307692307692,7,0,0.3678126704779716,73.70370370370371,66.1029411764706,其他球员
73,伊维察·祖巴茨,中锋,48,30.1,14.1,62.27915194346289,10.6,2.2,0.4,0.8,1.8,0.9565217391304349,16.86378737541528,24,0,0.3667989369135302,73.33333333333333,63.355263157894726,其他球员
74,安东尼·布莱克,后卫,60,30.7,15.3,55.09939498703543,3.9,3.8,1.4,0.7,2.1,1.4615384615384615,17.9413680781759,2,0,0.36125941247668203,72.96296296296296,66.69117647058825,其他球员
75,凯肖恩·乔治,前锋,48,29.0,14.8,56.111616621170754,5.1,4.5,1.0,0.9,2.6,1.4516129032258065,18.37241379310345,3,0,0.35789189022605766,72.5925925925926,66.09375,其他球员
76,亚历克斯·萨尔,中锋,48,27.2,16.3,54.26098535286285,7.4,2.7,0.8,2.0,1.7,1.2272727272727273,21.57352941176471,12,0,0.34138269404376925,72.22222222222221,63.94736842105263,其他球员
77,西杰·麦科勒姆,后卫,73,29.8,18.7,56.639205233826026,3.3,3.8,0.8,0.4,1.8,1.6521739130434783,22.590604026845636,0,0,0.341215297807426,71.85185185185186,65.09191176470588,其他球员
78,纳吉·马绍尔,前锋,72,29.6,15.4,59.671419714817105,4.7,3.3,1.1,0.1,1.6,1.5714285714285712,18.72972972972973,2,0,0.3329891838565177,71.48148148148148,68.671875,其他球员
79,科林·吉莱斯皮,后卫,77,28.8,12.9,57.671673819742495,4.1,4.8,1.2,0.2,1.6,2.2857142857142856,16.125,3,0,0.33263498249646895,71.11111111111111,65.18382352941175,其他球员
80,迈尔斯·布里奇斯,前锋,74,31.2,17.4,57.04169944925255,5.8,3.2,0.6,0.4,1.4,1.6842105263157896,20.076923076923077,7,0,0.32274802548556786,70.74074074074073,65.13020833333333,其他球员
81,以赛亚·科利尔,后卫,59,25.7,11.7,57.12890625,2.5,7.2,1.1,0.3,2.5,2.4,16.389105058365757,10,0,0.31756936362976607,70.37037037037037,59.375,其他球员
82,阿约·多苏穆,后卫,67,27.2,14.7,63.231245698554716,3.5,3.6,0.8,0.3,1.3,2.0,19.455882352941174,2,1,0.31387367917895737,70.0,66.89338235294117,其他球员
83,小贾巴里·史密斯,前锋,74,35.0,15.7,57.11583236321304,6.9,1.9,0.8,0.9,1.4,1.0,16.148571428571426,14,0,0.3087265690784202,69.62962962962963,64.55729166666666,其他球员
84,马塔斯·布泽利斯,前锋,76,29.2,16.3,59.21243824469631,5.8,2.0,0.7,1.5,2.1,0.7692307692307692,20.09589041095891,4,0,0.2873857271527218,69.25925925925925,63.04687500000001,其他球员
85,尼克·克拉克斯顿,中锋,69,27.8,11.7,59.378806333739334,6.9,3.7,0.7,1.1,1.4,1.9473684210526319,15.151079136690647,11,2,0.2833863078317937,68.88888888888889,60.986842105263165,其他球员
86,丹特·迪文琴佐,后卫,78,30.8,12.3,57.09246193835872,4.2,3.9,1.3,0.4,1.5,1.95,14.376623376623376,1,0,0.2733862442905332,68.51851851851852,65.86397058823529,其他球员
87,卡姆·斯潘塞,后卫,71,23.9,11.1,64.2658638258453,2.6,5.5,0.7,0.2,1.3,3.0555555555555554,16.719665271966527,6,0,0.2726541396889712,68.14814814814815,58.639705882352935,其他球员
88,布兰丁·波杰姆斯基,后卫,78,28.5,13.5,58.029573590096284,5.3,3.8,1.1,0.2,1.6,1.8095238095238093,17.05263157894737,5,0,0.26909877372167346,67.77777777777779,64.6875,其他球员
89,尼米亚斯·科塔,中锋,73,25.5,10.2,66.61442006269593,8.4,1.6,0.8,1.3,1.0,1.0666666666666667,14.4,16,0,0.26685074352441884,67.4074074074074,54.4078947368421,其他球员
90,本尼迪克特·马瑟林,后卫,50,30.6,18.2,58.27356557377048,5.5,2.3,0.8,0.2,2.2,0.8518518518518517,21.41176470588235,3,0,0.2608163291618134,67.03703703703704,63.01470588235294,其他球员
91,小海梅·哈克斯,前锋,71,28.3,15.2,56.213017751479285,5.1,4.7,0.7,0.3,2.0,1.8800000000000001,19.335689045936395,6,0,0.26020107685794414,66.66666666666666,60.15625,其他球员
92,杰拉米·格兰特,前锋,57,29.7,18.6,60.92767295597484,3.5,2.1,0.7,0.6,2.1,0.8076923076923077,22.545454545454547,0,0,0.2577111544818021,66.2962962962963,60.41666666666667,其他球员
93,阿杰·米切尔,后卫,55,25.9,13.8,58.59375,3.4,3.6,1.3,0.3,1.5,1.8,19.181467181467184,1,0,0.22338659181877715,65.92592592592592,63.713235294117645,其他球员
94,戴维恩·米切尔,后卫,67,28.6,9.2,57.52876438219109,2.7,6.5,1.0,0.2,1.5,3.25,11.58041958041958,4,0,0.22033727858142635,65.55555555555556,55.404411764705884,其他球员
95,里德·谢泼德,后卫,78,26.4,13.6,56.742323097463284,2.9,3.4,1.5,0.7,1.6,1.6190476190476188,18.545454545454547,2,0,0.21705221943003405,65.18518518518519,60.93750000000001,其他球员
96,德安德烈·艾顿,中锋,67,27.3,12.4,67.86339754816112,8.2,0.8,0.6,0.9,1.2,0.4705882352941177,16.351648351648354,21,0,0.21668152077266672,64.81481481481481,53.68421052631578,其他球员
97,小温德尔·卡特,中锋,74,29.6,12.1,62.60347682119204,7.5,2.0,0.8,0.6,1.3,1.1111111111111112,14.716216216216214,12,0,0.21386161708322687,64.44444444444444,62.10526315789474,其他球员
98,佩顿·沃特森,后卫,54,29.6,14.6,59.15721231766613,4.9,2.1,0.9,1.1,1.7,0.9545454545454545,17.756756756756758,2,0,0.1981618147740213,64.07407407407408,63.014705882352935,其他球员
99,马克·威廉姆斯,中锋,58,23.6,11.6,67.19184430027804,8.0,1.0,0.9,0.9,1.1,0.625,17.694915254237287,14,0,0.19307590389457602,63.70370370370371,51.31578947368421,其他球员
100,奥萨尔·汤普森,后卫,69,26.0,9.9,53.874619068350015,5.8,3.0,2.0,0.9,1.5,1.5,13.707692307692309,3,0,0.17482146970712445,63.33333333333333,55.863970588235304,其他球员
101,科比·怀特,后卫,48,25.4,17.5,59.4752582925503,3.5,4.1,0.5,0.1,2.6,1.3225806451612903,24.803149606299215,1,0,0.17028056551199713,62.96296296296296,60.09191176470587,其他球员
102,狄龙·布鲁克斯,前锋,53,30.5,20.4,54.3015332197615,3.6,1.8,1.0,0.2,1.8,0.782608695652174,24.078688524590163,0,0,0.16854391173603073,62.59259259259259,53.515625,其他球员
103,图马尼·卡马拉,前锋,78,33.2,13.2,57.65199161425577,5.2,2.4,1.1,0.4,1.8,1.0434782608695652,14.313253012048191,3,0,0.1588976455689867,62.22222222222222,61.901041666666664,其他球员
104,穆萨·迪亚巴特,前锋,70,25.9,8.0,65.57377049180329,8.8,1.9,0.8,1.0,1.0,1.2666666666666666,11.11969111969112,20,0,0.15275968759034342,61.85185185185185,55.494791666666664,其他球员
105,科林·塞克斯顿,后卫,64,23.3,15.3,62.33702737940027,2.2,3.3,1.0,0.2,2.1,1.2692307692307692,23.639484978540775,1,0,0.14218751620079786,61.48148148148148,58.511029411764696,其他球员
106,昆汀·格兰姆斯,后卫,71,29.7,13.5,58.6548488008342,3.7,3.4,0.9,0.4,1.8,1.4782608695652175,16.363636363636363,2,0,0.13870498859297056,61.111111111111114,61.81985294117647,其他球员
107,约翰·科林斯,前锋,65,27.4,13.7,64.81831945495836,5.2,1.0,0.9,0.7,1.3,0.5555555555555556,18.0,3,0,0.12912667264757055,60.74074074074074,57.23958333333334,其他球员
108,卡梅隆·约翰逊,前锋,52,30.4,12.0,62.34413965087282,3.8,2.4,0.8,0.4,0.8,1.846153846153846,14.210526315789474,1,0,0.1184150926431902,60.370370370370374,61.25,其他球员
109,皮杰·华盛顿,前锋,55,31.0,14.1,53.19951705402958,7.1,1.8,1.0,1.1,1.7,0.8181818181818181,16.374193548387094,8,0,0.1028056527604215,60.0,58.75,其他球员
110,德文·瓦塞尔,后卫,63,30.5,14.0,57.47126436781609,4.0,2.5,0.8,0.4,0.9,1.7857142857142858,16.524590163934427,1,0,0.07928533846761962,59.62962962962963,59.92647058823529,其他球员
111,纳兹·里德,中锋,75,26.1,13.5,56.23125624791735,6.3,2.2,0.9,1.0,1.6,1.0476190476190477,18.620689655172413,6,0,0.057749410323185174,59.25925925925925,58.026315789473685,其他球员
112,杰伦·泰森,后卫,64,27.0,13.1,61.19207772795217,5.1,2.2,0.8,0.4,1.5,1.1,17.466666666666665,7,0,0.05348772149997838,58.88888888888889,59.595588235294116,其他球员
113,托拜厄斯·哈里斯,前锋,60,27.9,13.2,56.41025641025641,5.1,2.6,0.9,0.4,1.0,1.7333333333333334,17.032258064516128,3,0,0.0437129184090188,58.51851851851851,58.333333333333336,其他球员
114,克里斯·邓恩,后卫,78,27.3,7.5,59.14826498422712,3.3,3.6,1.6,0.2,1.3,2.0,9.89010989010989,0,0,0.035494993413912344,58.14814814814815,53.49264705882352,其他球员
115,德里克·奎因,中锋,78,24.4,11.2,54.3267365153279,6.8,3.6,1.0,0.9,2.3,1.2857142857142858,16.524590163934427,11,2,0.028218367534682723,57.77777777777777,53.684210526315795,其他球员
116,凯尔·菲利波夫斯基,前锋,76,23.5,11.4,58.56966707768188,7.2,2.5,1.0,0.5,1.6,1.1904761904761905,17.463829787234044,13,0,0.025357497731032318,57.407407407407405,60.234375,其他球员
117,德雷蒙德·格林,前锋,65,27.6,8.6,54.238143289606455,5.5,5.5,0.9,0.6,2.6,1.7741935483870968,11.217391304347824,2,0,0.02259967247954811,57.03703703703704,52.44791666666667,其他球员
118,丹尼尔·加福德,前锋,54,21.8,9.6,67.83493499152064,6.9,1.1,0.7,1.2,1.2,0.6470588235294118,15.85321100917431,10,0,0.01915229372131476,56.666666666666664,47.18750000000001,其他球员
119,萨姆·梅里尔,后卫,50,26.4,12.7,64.32333873581847,2.6,2.4,0.6,0.1,0.8,1.846153846153846,17.31818181818182,1,0,-0.005885250342373909,56.2962962962963,52.38970588235294,其他球员
120,罗伊斯·奥尼尔,前锋,75,28.7,9.8,58.894230769230774,4.8,2.7,1.1,0.4,1.4,1.4210526315789476,12.292682926829269,2,0,-0.011589598887929443,55.925925925925924,56.432291666666664,其他球员
121,塞德里克·考沃德,前锋,60,26.0,13.4,57.81843286158094,5.9,2.8,0.6,0.4,1.8,1.2173913043478262,18.553846153846155,7,0,-0.017324460438501426,55.55555555555556,57.03125,其他球员
122,瑞安·卡尔克布伦纳,中锋,66,21.5,7.6,75.27733755942947,5.5,0.8,0.5,1.5,0.9,0.5714285714285715,12.725581395348836,3,0,-0.02433864688523822,55.18518518518518,36.38157894736842,其他球员
123,凯尔埃尔·韦尔,中锋,73,22.2,11.1,61.177248677248684,9.1,0.7,0.8,1.1,0.8,0.5384615384615384,18.0,24,0,-0.03165076182273273,54.81481481481482,44.276315789473685,其他球员
124,桑德罗·马穆凯拉什维利,前锋,76,21.9,11.2,63.78132118451024,4.9,1.9,0.8,0.5,0.8,1.4615384615384615,18.410958904109588,3,0,-0.03756673128378558,54.44444444444444,54.973958333333336,其他球员
125,佩勒·拉尔松,后卫,67,26.3,11.3,60.41488451668092,3.5,3.4,0.7,0.2,1.4,1.7894736842105263,15.467680608365018,1,0,-0.041412022072164066,54.074074074074076,54.06249999999999,其他球员
126,罗伯特·威廉姆斯三世,中锋,55,16.9,6.7,72.88946910356832,6.9,1.0,0.6,1.5,0.8,0.7692307692307692,14.272189349112429,4,0,-0.041554165337664734,53.70370370370371,36.776315789473685,其他球员
127,朱利安·尚帕尼,前锋,78,27.7,11.3,61.09429065743945,5.8,1.5,0.8,0.4,0.9,1.0714285714285714,14.68592057761733,7,0,-0.05645082863124315,53.333333333333336,54.0625,其他球员
128,迈尔斯·特纳,中锋,70,26.9,11.9,58.333333333333336,5.3,1.4,0.7,1.6,1.2,0.8235294117647058,15.92565055762082,4,0,-0.05830768666504293,52.96296296296297,47.171052631578945,其他球员
129,戴隆·夏普,中锋,62,18.7,8.7,63.9705882352941,6.7,2.3,1.1,0.4,1.7,1.0454545454545452,16.74866310160428,5,0,-0.06039032545127051,52.59259259259259,48.35526315789473,其他球员
130,比拉尔·库利巴利,后卫,54,26.3,11.4,52.466863033873345,4.4,2.6,1.4,0.9,1.5,1.3,15.604562737642587,0,0,-0.0613150824263658,52.22222222222223,51.98529411764706,其他球员
131,卡森·华莱士,后卫,75,26.7,8.7,53.730237154150196,3.1,2.6,2.0,0.4,0.9,1.8571428571428574,11.730337078651685,1,0,-0.06699541926808675,51.85185185185185,47.29779411764706,其他球员
132,布兰登·威廉姆斯,后卫,65,22.1,13.0,56.897759103641455,2.9,3.9,0.9,0.3,1.9,1.625,21.176470588235293,1,0,-0.06970540538750086,51.48148148148148,53.713235294117645,其他球员
133,凯尔·库兹马,前锋,68,26.3,13.1,58.02622253720765,4.6,2.6,0.7,0.4,1.7,1.1818181818181817,17.931558935361213,4,0,-0.07112090510909007,51.11111111111111,53.41145833333333,其他球员
134,迪伦·哈珀,后卫,65,22.4,11.7,57.64682696097753,3.4,3.9,0.8,0.3,1.4,2.0526315789473686,18.80357142857143,0,0,-0.07363870040444534,50.74074074074074,53.970588235294116,其他球员
135,马克西姆·雷诺,中锋,71,26.2,12.1,61.30928252938792,7.5,1.3,0.5,0.5,1.2,0.7647058823529412,16.62595419847328,18,0,-0.0770436819877357,50.37037037037037,46.44736842105263,其他球员
136,邓肯·罗宾逊,前锋,74,27.6,12.0,62.39600665557404,2.7,2.1,0.6,0.3,0.7,1.7500000000000002,15.652173913043477,0,0,-0.08490678035483637,50.0,51.92708333333333,其他球员
137,卢克·科内特,中锋,65,21.0,6.5,68.44987363100252,6.1,1.8,0.4,1.0,0.4,2.0,11.142857142857142,3,0,-0.10127521758329558,49.629629629629626,41.973684210526315,其他球员
138,米切尔·罗宾逊,中锋,58,19.6,5.6,67.50241080038573,8.7,0.9,0.9,1.1,0.7,0.75,10.285714285714285,6,0,-0.10980470919601157,49.25925925925926,38.0921052631579,其他球员
139,博比·波蒂斯,前锋,67,24.2,13.7,58.84879725085911,6.4,1.6,0.6,0.2,1.0,1.0666666666666667,20.380165289256198,11,0,-0.11568336388620032,48.888888888888886,50.755208333333336,其他球员
140,提杰·麦康奈尔,后卫,56,17.2,9.4,57.17761557177615,2.2,5.1,1.0,0.2,1.1,3.1874999999999996,19.674418604651166,1,0,-0.11732066281457851,48.51851851851852,46.10294117647058,其他球员
141,摩西·穆迪,后卫,60,25.7,12.1,59.688239936858714,3.3,1.6,1.0,0.6,1.0,1.0666666666666667,16.94941634241245,0,0,-0.11865793296703941,48.148148148148145,52.058823529411754,其他球员
142,杰里迈亚·菲尔斯,后卫,79,25.2,13.4,52.392868314044414,3.6,3.3,1.1,0.4,2.2,1.222222222222222,19.142857142857146,2,0,-0.12027456593404023,47.77777777777778,51.19485294117647,其他球员
143,马库斯·斯马特,后卫,60,28.8,9.5,55.07884972170686,2.8,2.8,1.4,0.4,1.5,1.4,11.875,0,0,-0.1435437101167365,47.40740740740741,48.89705882352941,其他球员
144,小蒂姆·哈达威,后卫,77,26.7,13.6,62.96296296296296,2.6,1.3,0.5,0.1,0.5,1.3,18.337078651685392,0,0,-0.1683574631019079,47.03703703703704,46.72794117647058,其他球员
145,马克斯·克里斯蒂,后卫,72,29.4,12.2,59.523809523809526,3.3,2.0,0.6,0.3,1.3,1.1111111111111112,14.938775510204081,0,0,-0.1736624898149955,46.666666666666664,50.22058823529412,其他球员
146,马文·巴格利三世,前锋,56,20.0,10.3,65.18987341772153,6.1,1.4,0.5,0.7,1.1,0.8749999999999999,18.54,6,0,-0.17443377358465834,46.2962962962963,48.56770833333333,其他球员
147,凯尔登·约翰逊,前锋,78,23.2,13.0,62.09400076423386,5.3,1.4,0.5,0.1,0.8,1.0769230769230769,20.17241379310345,5,0,-0.17456746630232645,45.925925925925924,47.786458333333336,其他球员
148,布莱斯·森萨博,前锋,73,23.6,14.8,58.99234693877551,3.1,1.9,0.7,0.2,1.6,0.9047619047619047,22.576271186440678,0,0,-0.17933736761311989,45.55555555555556,47.08333333333333,其他球员
149,奥索·伊戈达罗,前锋,78,22.3,6.5,63.52619233776389,5.1,2.3,0.9,0.7,1.2,1.352941176470588,10.493273542600896,4,0,-0.18989773799207635,45.18518518518518,48.125,其他球员
150,布布·卡林顿,后卫,78,27.5,10.3,54.950917626973975,3.4,4.6,0.6,0.2,2.3,1.6428571428571428,13.483636363636364,0,0,-0.1931601006568734,44.81481481481481,47.48161764705881,其他球员
151,科林·默里-博伊尔斯,前锋,54,22.0,8.5,61.274509803921575,4.9,1.9,0.9,0.9,1.1,1.1874999999999998,13.909090909090908,4,0,-0.19688638870486297,44.44444444444444,47.49999999999999,其他球员
152,卢克·肯纳德,后卫,73,21.2,8.1,70.95304835318849,2.2,1.9,0.6,0.1,0.7,1.5833333333333333,13.754716981132074,0,0,-0.2037363478195523,44.074074074074076,36.3235294117647,其他球员
153,艾斯·贝利,后卫,70,27.6,13.6,53.425518541797615,4.1,1.8,0.8,0.7,1.4,0.9473684210526316,17.739130434782606,0,0,-0.21151988111368283,43.7037037037037,48.952205882352935,其他球员
154,丹尼斯·施罗德,后卫,67,24.4,10.8,52.54963020630596,2.7,4.8,0.8,0.2,1.8,2.0869565217391304,15.934426229508198,2,0,-0.21374228671539008,43.333333333333336,45.69852941176471,其他球员
155,贾克森·海斯,中锋,65,18.1,7.3,74.9794576828266,4.1,0.9,0.4,0.8,0.4,1.0,14.519337016574585,1,0,-0.23444704235243832,42.96296296296296,31.31578947368421,其他球员
156,安芬尼·西蒙斯,后卫,55,24.9,14.3,57.586984536082475,2.5,2.4,0.5,0.1,1.2,1.411764705882353,20.674698795180728,0,0,-0.23822615291811927,42.592592592592595,45.257352941176464,其他球员
157,以赛亚·斯图尔特,前锋,55,23.1,10.0,62.406390414378436,5.1,1.2,0.3,1.6,1.1,0.7499999999999999,15.584415584415584,2,0,-0.2424804753393202,42.22222222222222,43.177083333333336,其他球员
158,赫伯特·琼斯,前锋,56,28.4,8.9,49.53250222617987,3.4,2.8,1.6,0.5,1.3,1.5555555555555554,11.281690140845072,0,0,-0.24254289723868525,41.85185185185185,46.588541666666664,其他球员
159,普雷舍斯·阿丘瓦,前锋,70,23.6,9.9,56.948918545789226,6.7,1.3,0.9,0.7,0.9,0.9285714285714287,15.101694915254237,11,0,-0.2502284312497254,41.48148148148148,44.869791666666664,其他球员
160,吉·桑托斯,前锋,66,20.5,9.3,62.06620395088095,3.9,2.3,0.9,0.3,1.5,1.15,16.33170731707317,3,0,-0.2506400625352123,41.11111111111111,47.369791666666664,其他球员
161,叶戈尔·杰明,后卫,52,25.2,10.3,56.14914958569559,3.2,3.3,0.8,0.3,1.7,1.4999999999999998,14.714285714285715,1,0,-0.25279819501924417,40.74074074074074,46.69117647058824,其他球员
162,诺阿·克洛尼,前锋,66,27.0,12.3,55.4253785147801,4.1,1.6,0.8,0.7,1.5,0.8,16.400000000000002,1,0,-0.2546307763167972,40.370370370370374,44.84375,其他球员
163,贾雷斯·沃克,前锋,73,25.6,11.5,54.47139067828722,5.1,2.4,0.8,0.3,1.8,1.0434782608695652,16.171875,3,0,-0.26617830053023567,40.0,46.45833333333333,其他球员
164,哈里森·巴恩斯,前锋,73,25.9,10.0,60.94588005850804,2.8,2.0,0.7,0.2,0.8,1.5384615384615383,13.8996138996139,0,0,-0.2681082048545105,39.62962962962963,45.234375,其他球员
165,乔丹·米勒,后卫,56,21.7,9.8,62.21432199085831,3.0,2.2,0.8,0.2,1.1,1.375,16.258064516129032,1,0,-0.27109340703206486,39.25925925925926,46.3235294117647,其他球员
166,杰克·拉拉维亚,前锋,77,24.9,8.3,57.70300333704116,3.9,1.8,1.2,0.5,1.0,1.2,12.000000000000002,1,0,-0.28527107695705656,38.88888888888889,43.35937499999999,其他球员
167,杰伦·史密斯,前锋,53,20.7,10.2,60.7721639656816,6.7,1.2,0.5,0.8,1.0,0.7999999999999999,17.73913043478261,9,0,-0.28995020719182485,38.51851851851852,43.671875,其他球员
168,以赛亚·乔,后卫,69,21.2,10.8,64.6861523718256,2.6,1.3,0.7,0.2,0.6,1.1818181818181817,18.339622641509436,0,0,-0.290696978653887,38.148148148148145,42.518382352941174,其他球员
169,吉吉·杰克逊,前锋,54,21.5,12.5,59.029089535322996,4.3,1.4,0.6,0.8,1.6,0.6666666666666666,20.930232558139537,1,0,-0.29199775311328957,37.77777777777778,43.72395833333332,其他球员
170,乔克·兰代尔,中锋,68,22.1,10.6,59.31065353625783,5.7,1.7,0.5,0.5,0.9,1.2142857142857144,17.266968325791854,9,0,-0.296727377244589,37.407407407407405,39.73684210526316,其他球员
171,马利克·蒙克,后卫,60,22.4,12.6,56.29020729092209,1.9,3.1,0.6,0.4,1.5,1.55,20.25,0,0,-0.2987774122847924,37.03703703703704,43.89705882352941,其他球员
172,杰伦·韦尔斯,前锋,69,26.4,12.5,55.80357142857143,3.2,1.6,0.9,0.1,1.1,1.0,17.045454545454547,0,0,-0.3130506872392921,36.666666666666664,41.97916666666667,其他球员
173,艾杰·格林,后卫,74,28.7,9.8,61.61971830985916,2.6,1.9,0.5,0.1,1.0,1.2666666666666666,12.292682926829269,0,0,-0.32248573081929094,36.2962962962963,42.463235294117645,其他球员
174,塔里·伊森,前锋,56,25.8,10.4,51.06048703849175,6.3,1.5,1.2,0.5,1.4,0.7894736842105263,14.511627906976745,6,0,-0.32470456283548876,35.92592592592593,46.06770833333333,其他球员
175,乔丹·古德温,后卫,68,22.6,8.7,52.08333333333333,4.9,2.2,1.5,0.2,1.0,1.4666666666666668,13.858407079646016,2,0,-0.32872378256233986,35.55555555555556,42.279411764705884,其他球员
176,齐艾尔·威廉姆斯,前锋,56,22.9,10.2,57.954545454545446,2.4,1.1,1.4,0.4,1.1,0.6875,16.034934497816593,0,0,-0.3437128102165363,35.18518518518518,37.994791666666664,其他球员
177,杰伊·赫夫,中锋,78,20.8,9.4,59.28355196770938,3.8,1.4,0.5,1.8,0.9,1.0,16.26923076923077,1,0,-0.3479587708834525,34.81481481481482,35.59210526315789,其他球员
178,多米尼克·巴洛,前锋,67,24.0,7.9,60.434516523867806,4.7,1.3,0.8,0.7,0.8,1.0,11.850000000000001,2,0,-0.34990783505384415,34.44444444444444,38.958333333333336,其他球员
179,特里斯坦·达席尔瓦,前锋,73,24.7,10.0,57.95085767269356,3.7,1.5,0.9,0.3,0.9,1.0714285714285714,14.574898785425102,0,0,-0.35449559994310004,34.074074074074076,41.53645833333333,其他球员
180,八村塁,前锋,63,28.1,11.1,61.39380530973452,3.2,0.8,0.5,0.3,0.6,0.7272727272727273,14.220640569395016,0,0,-0.3610695200075019,33.7037037037037,37.473958333333336,其他球员
181,奥利维耶-马克桑斯·普罗斯珀,前锋,52,18.5,9.7,64.94376004284949,3.5,1.0,0.8,0.3,0.9,0.7142857142857143,18.875675675675677,1,0,-0.36918373546152233,33.33333333333333,36.79687499999999,其他球员
182,杰林·威廉姆斯,前锋,63,19.8,7.4,60.064935064935064,5.5,2.4,0.5,0.7,1.1,1.4999999999999998,13.454545454545455,6,0,-0.3750877990589042,32.96296296296296,43.385416666666664,其他球员
183,贾斯廷·尚帕尼,前锋,66,19.7,8.6,60.05586592178771,5.5,1.2,0.8,0.6,0.6,1.0909090909090908,15.715736040609135,4,0,-0.3767884858049597,32.592592592592595,40.20833333333333,其他球员
184,凯文·赫尔特,后卫,66,22.4,9.9,54.756637168141594,3.5,2.5,0.8,0.5,1.0,1.6666666666666667,15.910714285714288,1,0,-0.3769267900240525,32.22222222222222,44.13602941176471,其他球员
185,斯维·米哈伊柳克,后卫,50,23.1,9.4,62.968917470525184,2.5,1.9,0.5,0.1,0.8,1.4615384615384615,14.64935064935065,0,0,-0.38423487630024195,31.851851851851855,39.8345588235294,其他球员
186,杰里科·西姆斯,中锋,63,18.7,4.5,77.69337016574586,5.3,1.3,0.2,0.2,1.1,0.8125,8.663101604278076,4,0,-0.4007347164390522,31.48148148148148,26.25,其他球员
187,贾马尔·谢德,后卫,78,22.6,6.7,48.8338192419825,1.8,5.4,1.0,0.2,1.3,3.0,10.672566371681416,2,0,-0.41967877566528367,31.11111111111111,34.83455882352941,其他球员
188,丹尼斯·詹金斯,后卫,68,20.1,9.4,52.99954894000902,2.3,3.8,0.9,0.2,1.5,1.9,16.83582089552239,3,0,-0.4337855670568524,30.74074074074074,38.40073529411765,其他球员
189,艾萨克·奥科罗,前锋,62,27.1,9.2,56.84626791893227,2.7,1.6,0.7,0.5,0.7,1.3333333333333335,12.22140221402214,0,0,-0.4357328773347624,30.37037037037037,36.61458333333333,其他球员
190,以赛亚·杰克逊,前锋,55,16.5,6.7,65.22585669781932,5.3,0.9,0.7,0.9,1.1,0.5625,14.618181818181819,7,0,-0.43922336048434063,30.0,33.984375,其他球员
191,特伦斯·曼,后卫,63,24.3,7.2,56.49717514124294,3.2,3.0,0.7,0.2,1.1,1.875,10.666666666666666,0,0,-0.4469720047946034,29.629629629629626,37.97794117647059,其他球员
192,布鲁斯·布朗,后卫,78,24.3,7.8,56.03448275862068,3.8,2.0,1.0,0.2,1.1,1.25,11.555555555555555,1,0,-0.4546737519610816,29.259259259259256,38.54779411764706,其他球员
193,克里斯·米德尔顿,前锋,58,23.3,10.4,52.695581678151605,3.8,2.9,0.7,0.2,1.8,1.2608695652173914,16.068669527896997,2,0,-0.4594820854203869,28.888888888888886,40.651041666666664,其他球员
194,约什·米诺特,前锋,49,17.0,7.4,65.74271499644634,3.2,0.9,0.9,0.5,0.9,0.6428571428571429,15.670588235294119,1,0,-0.4603593355978258,28.51851851851852,33.177083333333336,其他球员
195,维特·克雷伊奇,后卫,64,21.7,8.6,60.97560975609756,2.3,1.6,0.7,0.3,0.6,1.4545454545454546,14.267281105990783,0,0,-0.46231087957661876,28.14814814814815,37.99632352941176,其他球员
196,加里·佩顿二世,后卫,69,15.6,7.4,62.5,3.7,1.7,0.9,0.3,0.9,1.2142857142857144,17.07692307692308,2,0,-0.4712108000775002,27.77777777777778,39.981617647058826,其他球员
197,卢卡·加尔扎,中锋,67,15.9,7.7,68.70092790863669,3.9,0.9,0.4,0.4,0.6,0.8181818181818181,17.433962264150942,1,0,-0.4824448369226425,27.40740740740741,28.486842105263158,其他球员
198,萨姆·豪瑟,前锋,75,24.8,9.1,58.0949948927477,3.8,1.4,0.5,0.3,0.5,1.4,13.209677419354836,0,0,-0.4851971436847802,27.037037037037038,34.791666666666664,其他球员
199,扎卡里·里萨谢,前锋,64,22.7,9.7,55.9271217712177,3.8,1.1,0.9,0.5,0.9,0.7857142857142858,15.383259911894273,0,0,-0.49769571953667907,26.666666666666668,33.333333333333336,其他球员
200,特雷·约翰逊,后卫,60,24.1,12.2,53.228621291448505,2.8,2.0,0.6,0.3,1.6,0.9523809523809523,18.224066390041493,0,0,-0.5029145227647325,26.296296296296294,37.610294117647065,其他球员
201,兰德里·沙梅特,后卫,48,23.0,9.6,60.30150753768844,1.9,1.4,0.6,0.2,0.6,1.2727272727272725,15.026086956521738,0,0,-0.5042702062088739,25.925925925925924,35.82720588235294,其他球员
202,何塞·阿尔瓦拉多,后卫,67,19.7,7.2,54.02160864345738,2.4,3.4,1.0,0.1,1.1,2.125,13.157360406091371,1,0,-0.5106733680816494,25.555555555555554,33.3639705882353,其他球员
203,约翰·康查尔,后卫,53,19.1,4.2,55.97014925373135,4.0,1.8,1.4,0.6,0.6,1.6363636363636362,7.9162303664921465,1,0,-0.5237764144640934,25.185185185185183,34.26470588235294,其他球员
204,威尔·理查德,后卫,67,20.2,6.6,60.52824651504035,2.5,1.4,1.2,0.1,0.8,1.0769230769230769,11.762376237623762,0,0,-0.523858471590398,24.814814814814813,32.922794117647065,其他球员
205,威尔·赖利,后卫,70,21.4,10.2,56.94506476105404,2.7,1.9,0.7,0.1,1.2,1.1176470588235294,17.1588785046729,2,0,-0.5272883244956108,24.444444444444443,35.80882352941177,其他球员
206,贾科比·沃尔特,后卫,68,20.1,7.3,60.55076310550762,2.5,1.2,1.0,0.2,0.5,1.2,13.074626865671641,0,0,-0.5407894919355669,24.074074074074073,33.98897058823529,其他球员
207,阿隆·威金斯,后卫,61,21.9,9.6,54.029716343989186,3.1,1.7,0.9,0.4,1.3,0.9444444444444444,15.780821917808218,0,0,-0.5579195430686522,23.703703703703706,36.654411764705884,其他球员
208,迪恩·韦德,前锋,57,22.4,5.8,56.77368833202819,4.2,1.5,0.8,0.4,0.3,1.875,9.321428571428571,1,0,-0.564300700173413,23.333333333333332,31.041666666666668,其他球员
209,博恩斯·海兰德,后卫,69,16.4,8.3,59.42153493699885,1.8,2.6,0.6,0.2,0.9,1.8571428571428574,18.219512195121954,0,0,-0.5650563956722265,22.962962962962962,34.90808823529412,其他球员
210,安东尼·吉尔,前锋,51,16.3,5.4,68.1130171543895,2.8,1.3,0.5,0.4,0.7,1.0833333333333335,11.92638036809816,0,0,-0.5747897898683735,22.59259259259259,26.067708333333336,其他球员
211,科迪·威廉姆斯,前锋,64,23.8,8.5,53.472571716155,2.9,1.9,0.8,0.4,1.0,1.2666666666666666,12.857142857142856,2,0,-0.5908750771566624,22.22222222222222,32.21354166666667,其他球员
212,小沃尔特·克莱顿,后卫,67,20.4,7.7,52.083333333333336,2.0,4.0,0.7,0.3,1.7,1.8181818181818181,13.588235294117647,0,0,-0.5950580509167444,21.85185185185185,32.352941176470594,其他球员
213,肯塔维厄斯·考德威尔-波普,后卫,51,21.3,8.4,53.137651821862356,2.5,2.7,0.8,0.2,1.2,1.5882352941176472,14.19718309859155,0,0,-0.5986440875076076,21.48148148148148,32.94117647058823,其他球员
214,卡斯帕拉斯·亚库乔尼斯,后卫,49,17.8,6.2,60.45241809672387,2.6,2.6,0.6,0.1,1.0,1.7333333333333334,12.53932584269663,0,0,-0.6016560693267502,21.11111111111111,31.801470588235293,其他球员
215,布鲁克·洛佩兹,中锋,71,21.4,8.2,55.107526881720425,3.4,1.3,0.6,1.2,0.8,1.0,13.794392523364486,1,0,-0.6040941465841717,20.74074074074074,30.0,其他球员
216,德鲁·史密斯,后卫,70,16.3,5.6,53.2319391634981,2.5,2.6,1.4,0.3,0.8,2.0,12.368098159509202,0,0,-0.6050985678918246,20.37037037037037,31.36029411764706,其他球员
217,斯潘塞·琼斯,前锋,64,22.1,5.5,61.76999101527404,3.3,0.8,0.8,0.5,0.5,0.8,8.959276018099548,1,0,-0.6122334596133663,20.0,27.447916666666664,其他球员
218,亚历克斯·卡鲁索,后卫,54,18.5,6.3,54.347826086956516,2.8,2.0,1.3,0.3,0.9,1.4285714285714286,12.259459459459459,0,0,-0.6136260241791086,19.62962962962963,31.029411764705888,其他球员
219,吕冈茨·多尔特,后卫,65,27.2,8.5,52.49505928853755,3.7,1.2,0.8,0.4,0.8,0.923076923076923,11.25,0,0,-0.6147884421749691,19.25925925925926,33.14338235294118,其他球员
220,丹尼·沃尔夫,前锋,57,20.8,8.9,52.132146204311155,4.9,2.2,0.5,0.6,1.3,1.2222222222222223,15.403846153846155,2,0,-0.6151864636736847,18.88888888888889,33.75,其他球员
221,基翁·埃利斯,后卫,69,20.4,6.6,57.93539325842697,1.9,0.9,1.2,0.7,0.6,0.8181818181818181,11.647058823529413,0,0,-0.6187724163692288,18.51851851851852,29.65073529411765,其他球员
222,尼克·克利福德,后卫,72,24.6,8.2,50.097751710654926,3.7,2.3,0.9,0.3,1.5,1.15,11.999999999999998,0,0,-0.6230026911057424,18.14814814814815,35.055147058823536,其他球员
223,克莱·汤普森,后卫,66,21.8,11.8,54.589193190229466,2.1,1.4,0.5,0.3,0.9,1.0,19.486238532110093,0,0,-0.6270366081420169,17.77777777777778,31.580882352941167,其他球员
224,诺兰·特拉奥雷,后卫,54,22.6,8.9,47.60376551133933,1.7,3.9,0.8,0.4,2.3,1.392857142857143,14.176991150442479,1,0,-0.6355242214162218,17.40740740740741,34.797794117647065,其他球员
225,贾文特·格林,后卫,78,17.6,6.8,60.070671378091866,2.7,0.7,1.2,0.3,0.6,0.6363636363636362,13.909090909090907,1,0,-0.6368996571065835,17.037037037037038,32.05882352941176,其他球员
226,安德烈·德拉蒙德,中锋,59,19.3,6.3,53.644414168937324,8.2,1.2,0.6,0.8,1.0,0.7999999999999999,11.751295336787564,15,0,-0.6386566856089158,16.666666666666664,23.421052631578945,其他球员
227,阿德姆·博纳,中锋,68,17.4,4.9,64.40588853838065,4.4,0.5,0.4,1.2,0.8,0.3846153846153846,10.13793103448276,1,0,-0.6503716188640346,16.296296296296298,18.750000000000004,其他球员
228,罗纳德·霍兰二世,前锋,74,19.8,8.1,52.056555269922875,4.1,1.2,1.2,0.3,1.2,0.7058823529411765,14.727272727272725,2,0,-0.6739457316507189,15.925925925925927,26.40625,其他球员
229,科里·基斯珀特,前锋,55,18.8,9.1,59.83692793266702,2.3,1.6,0.3,0.2,0.8,1.2307692307692308,17.425531914893615,0,0,-0.674916642948363,15.555555555555555,31.015624999999996,其他球员
230,凯莱布·勒夫,后卫,47,21.5,10.8,49.815498154981555,2.4,2.6,0.6,0.1,1.3,1.4444444444444444,18.08372093023256,0,0,-0.6764608597907342,15.185185185185185,31.28676470588235,其他球员
231,乔丹·沃尔什,后卫,64,17.5,5.2,62.6204238921002,4.0,0.8,0.7,0.5,0.5,0.8,10.697142857142858,2,0,-0.6777353877448568,14.814814814814813,32.07720588235294,其他球员
232,本·谢泼德,后卫,65,21.4,7.1,55.887909319899244,3.0,1.8,0.6,0.1,0.6,1.6363636363636362,11.94392523364486,0,0,-0.6939484324834146,14.444444444444443,27.35294117647059,其他球员
233,伊夫·米西,中锋,66,19.7,5.7,55.23255813953488,5.8,1.3,0.3,1.5,0.8,1.0,10.416243654822336,5,0,-0.6957616446486146,14.074074074074074,23.092105263157897,其他球员
234,帕特·斯潘塞,后卫,62,18.0,7.1,52.2366097704532,2.4,3.5,0.7,0.1,1.3,1.9444444444444444,14.2,1,0,-0.698809210486707,13.703703703703704,26.966911764705884,其他球员
235,卡里斯·勒韦尔,后卫,57,19.4,7.4,51.58951477969883,2.0,2.7,0.8,0.7,1.4,1.4210526315789476,13.7319587628866,0,0,-0.706332397891387,13.333333333333334,29.154411764705884,其他球员
236,科比·桑德斯,后卫,64,19.8,7.1,58.774834437086085,2.2,1.6,0.7,0.1,1.2,0.9411764705882354,12.909090909090908,0,0,-0.7185131035009474,12.962962962962962,26.360294117647058,其他球员
237,克里斯·默里,前锋,53,23.6,5.8,53.30882352941176,3.7,1.4,0.9,0.4,0.8,1.0769230769230769,8.847457627118644,0,0,-0.7284814007817942,12.592592592592592,25.755208333333336,其他球员
238,小克雷格·波特,后卫,61,17.7,4.3,50.42213883677298,3.3,3.1,0.9,0.6,0.9,2.2142857142857144,8.745762711864407,0,0,-0.7435688302504505,12.222222222222221,29.209558823529417,其他球员
239,泰勒·亨德里克斯,前锋,58,18.9,7.3,55.912990196078425,3.7,0.9,0.8,0.5,0.8,0.6923076923076923,13.904761904761907,2,0,-0.7451964540514446,11.851851851851853,21.71875,其他球员
240,特伦登·沃特福德,前锋,52,16.5,6.6,57.291666666666664,3.3,2.5,0.3,0.4,1.2,1.4705882352941178,14.4,1,1,-0.7544276565787786,11.481481481481481,28.489583333333336,其他球员
241,赛昂·詹姆斯,后卫,79,22.6,5.4,53.69928400954653,3.5,2.0,0.6,0.3,0.8,1.5384615384615383,8.601769911504425,0,0,-0.7724934992868223,11.11111111111111,27.169117647058822,其他球员
242,昆滕·波斯特,中锋,67,17.3,7.7,56.08974358974359,4.0,1.4,0.4,0.5,0.8,1.0769230769230769,16.023121387283236,0,0,-0.7748052512475467,10.74074074074074,24.802631578947373,其他球员
243,瑞安·邓恩,前锋,66,19.3,5.8,53.07467057101024,4.2,1.4,0.9,0.4,0.8,1.0769230769230769,10.818652849740932,1,0,-0.7876071902953883,10.37037037037037,24.192708333333332,其他球员
244,瑞安·内姆哈德,后卫,56,18.7,6.2,48.28660436137071,2.0,4.9,0.4,0.0,1.4,2.578947368421053,11.93582887700535,3,0,-0.7907493073160214,10.0,23.38235294117647,其他球员
245,西蒙尼·丰泰基奥,前锋,69,16.6,8.3,56.724986331328594,3.0,1.4,0.5,0.1,0.7,1.1666666666666667,18.0,0,0,-0.7958870463573405,9.62962962962963,21.953125,其他球员
246,贝勒·谢尔曼,后卫,73,18.2,5.0,59.073724007561445,3.5,1.5,0.5,0.1,0.6,1.3636363636363635,9.89010989010989,4,0,-0.8115142934557964,9.25925925925926,25.643382352941174,其他球员
247,巴迪·希尔德,后卫,50,16.0,7.2,55.316533497234175,2.3,1.4,0.8,0.2,0.9,1.0,16.2,0,0,-0.8531656622462902,8.88888888888889,22.849264705882355,其他球员
248,贾里德·范德比尔特,前锋,60,17.5,4.5,54.931640625,4.5,1.2,0.9,0.3,0.8,0.923076923076923,9.257142857142858,1,0,-0.8555700526796745,8.518518518518519,20.208333333333332,其他球员
249,约什·格林,后卫,55,16.0,4.4,64.32748538011695,1.8,0.9,0.6,0.1,0.6,0.8181818181818181,9.9,0,0,-0.8627912536248722,8.148148148148149,20.055147058823533,其他球员
250,贾斯廷·爱德华兹,前锋,60,15.3,6.0,57.6036866359447,1.5,1.3,0.8,0.2,0.6,1.1818181818181817,14.117647058823529,0,0,-0.8811184224635336,7.777777777777778,20.729166666666668,其他球员
251,小加里·特伦特,后卫,64,21.2,8.2,54.290254237288124,1.0,1.2,0.5,0.0,0.6,1.0909090909090908,13.924528301886792,0,0,-0.8907764596825527,7.4074074074074066,18.36397058823529,其他球员
252,德雷克·鲍威尔,后卫,60,20.6,6.5,54.82456140350877,1.7,1.5,0.6,0.2,0.9,1.0714285714285714,11.359223300970873,0,0,-0.8961495782044009,7.037037037037037,18.952205882352942,其他球员
253,乌斯曼·吉昂,前锋,53,18.2,7.2,52.11349160393747,2.9,2.1,0.4,0.3,1.0,1.4000000000000001,14.241758241758241,4,0,-0.899368081101648,6.666666666666667,21.40625,其他球员
254,尼古拉斯·巴图姆,前锋,71,17.8,4.0,59.031877213695395,2.5,0.9,0.7,0.3,0.5,0.9,8.089887640449438,0,0,-0.9056609009752176,6.296296296296296,17.1875,其他球员
255,乔丹·克拉克森,后卫,68,18.0,8.8,55.19317611640743,1.8,1.3,0.4,0.1,0.9,0.9285714285714287,17.6,0,0,-0.9098753409750262,5.9259259259259265,20.643382352941178,其他球员
256,贾里德·麦凯恩,后卫,63,17.3,8.2,54.69583778014942,2.1,1.3,0.5,0.1,0.8,1.0,17.0635838150289,0,0,-0.9182297147514935,5.555555555555555,19.246323529411764,其他球员
257,迈克·康利,后卫,52,18.2,4.4,49.549549549549546,1.7,2.9,0.6,0.3,0.6,2.6363636363636362,8.703296703296704,0,0,-0.9392378724235321,5.185185185185185,20.0,其他球员
258,科比·布朗,后卫,58,15.3,5.6,59.0717299578059,2.9,1.3,0.3,0.2,0.8,1.0,13.176470588235293,0,0,-0.9544950960708455,4.814814814814815,21.96691176470588,其他球员
259,尼古拉·约维奇,前锋,47,17.2,7.3,47.87513116474291,3.3,2.2,0.6,0.4,1.4,1.1578947368421053,15.279069767441861,0,0,-0.9570212487766673,4.444444444444445,23.255208333333336,其他球员
260,杰文·卡特,后卫,49,16.3,6.5,52.623056994818654,1.7,1.6,0.7,0.2,0.7,1.3333333333333335,14.355828220858895,0,0,-0.9787867944637223,4.074074074074074,16.691176470588236,其他球员
261,穆罕默德·盖耶,前锋,74,15.4,4.5,54.190751445086704,3.6,0.9,0.8,0.5,0.4,1.0,10.519480519480519,3,0,-0.9788638743984598,3.7037037037037033,15.859375,其他球员
262,杰登·哈迪,后卫,56,15.8,9.2,56.289769946157605,1.5,1.0,0.3,0.1,1.1,0.625,20.962025316455694,0,0,-0.989252288535071,3.3333333333333335,19.301470588235293,其他球员
263,约什·奥科吉,后卫,74,17.2,4.6,56.15234375,2.4,0.8,0.8,0.2,0.5,0.8,9.627906976744185,1,0,-1.0007885630504638,2.9629629629629632,17.077205882352942,其他球员
264,杰伦·皮克特,后卫,47,15.8,4.9,54.06001765225067,2.3,2.2,0.3,0.1,0.6,2.0,11.164556962025316,0,0,-1.015396248031346,2.5925925925925926,17.33455882352941,其他球员
265,西迪·西索科,后卫,71,19.9,5.3,50.68859984697781,2.3,1.5,0.7,0.4,1.0,1.0,9.587939698492463,0,0,-1.0238872015465754,2.2222222222222223,17.738970588235293,其他球员
266,纳奎恩·汤姆林,前锋,61,15.2,5.5,53.96389324960753,2.7,0.7,0.6,0.5,0.4,0.7777777777777777,13.026315789473685,0,0,-1.073506906812631,1.8518518518518516,9.999999999999998,其他球员
267,帕特里克·威廉姆斯,前锋,68,19.7,6.6,48.24561403508771,2.8,1.3,0.6,0.3,1.0,0.8666666666666667,12.060913705583756,0,0,-1.085690224575058,1.4814814814814816,14.322916666666664,其他球员
268,拉扬·鲁珀特,后卫,62,16.0,4.8,50.5050505050505,2.6,1.0,0.8,0.1,0.7,0.8333333333333334,10.799999999999999,1,1,-1.1741917736036098,1.1111111111111112,12.16911764705882,其他球员
269,奥柴·阿巴吉,后卫,62,15.7,5.1,53.036605657237935,2.3,0.8,0.4,0.3,0.5,0.8,11.694267515923567,0,0,-1.2101148826903085,0.7407407407407408,10.661764705882353,其他球员
270,盖布·文森特,后卫,50,16.8,4.4,50.27422303473492,1.0,1.4,0.5,0.1,0.5,1.4,9.428571428571429,0,0,-1.2422042770403618,0.3703703703703704,8.088235294117649,其他球员
