球队,分区,联盟排名,胜率,场均得分,投篮命中率(%),三分命中率(%),场均篮板,场均助攻,场均抢断,场均盖帽,场均失误,三分出手占比,助攻失误比,球队聚类,PC1,PC2
底特律活塞,东部,1,0.731,117.5,48.3,35.4,45.6,27.5,10.4,6.3,14.1,0.3444816053511705,1.950354609929078,1,0.6930935347839482,3.504472490416894
波士顿凯尔特人,东部,2,0.679,114.6,46.7,36.4,46.5,24.6,7.1,5.1,11.4,0.4629014396456257,2.1578947368421053,1,1.2090414205041573,-0.4514976872328452
纽约尼克斯,东部,3,0.641,116.9,47.7,37.4,46.0,27.5,8.1,4.0,13.0,0.4280936454849498,2.1153846153846154,1,1.895492178480069,-1.108917791079827
克利夫兰骑士,东部,4,0.628,119.3,48.0,36.0,44.3,28.3,8.5,5.0,13.2,0.4450610432852386,2.143939393939394,1,1.8704915295363438,-0.0511056552185205
亚特兰大老鹰,东部,5,0.577,118.6,47.5,37.1,43.4,30.3,9.5,4.7,13.4,0.429193899782135,2.2611940298507465,1,2.3490673481469195,-0.5064735175939009
多伦多猛龙,东部,7,0.551,114.4,48.0,35.1,42.1,29.5,8.8,4.9,13.0,0.3645598194130925,2.269230769230769,1,1.3239932527582674,0.44235531263660316
迈阿密热火,东部,10,0.526,120.8,46.6,36.0,46.6,28.7,8.8,4.3,13.1,0.4053475935828877,2.1908396946564888,1,2.216603928968248,-0.01003271723517092
俄克拉荷马城雷霆,西部,16,0.795,119.2,48.4,36.3,44.2,25.6,9.6,5.5,12.0,0.4247191011235954,2.1333333333333333,1,1.939852141048764,1.4166418175025117
圣安东尼奥马刺,西部,17,0.756,119.8,48.3,35.9,47.1,28.0,7.5,5.4,12.7,0.4242761692650334,2.204724409448819,1,2.6174252023487914,0.6629782619977913
丹佛掘金,西部,19,0.641,121.6,49.4,39.6,43.6,28.8,6.8,3.9,12.2,0.4089347079037801,2.3606557377049184,1,4.496485435819069,-2.0190767380610155
费城76人,东部,6,0.551,116.2,46.3,35.1,43.3,24.8,9.1,5.8,13.0,0.3924611973392461,1.907692307692308,2,-0.5660279128856353,1.7655510819176605
夏洛特黄蜂,东部,8,0.544,116.5,46.2,38.1,46.2,26.5,7.0,4.5,14.4,0.4842696629213483,1.8402777777777777,2,0.1708231589312416,-1.9204574197100277
奥兰多魔术,东部,9,0.538,115.4,46.3,34.3,43.3,26.4,8.4,4.6,13.6,0.3877551020408163,1.9411764705882355,2,-0.6453284481843822,0.3339680013234949
密尔沃基雄鹿,东部,11,0.397,110.8,47.8,38.8,40.7,25.7,7.5,3.9,14.4,0.4521028037383178,1.784722222222222,2,-0.8869410506644803,-2.717600909237505
芝加哥公牛,东部,12,0.372,116.1,46.9,35.9,45.0,28.4,7.4,5.0,14.6,0.4456762749445676,1.9452054794520548,2,0.16276586871785456,-0.6680645426282796
布鲁克林篮网,东部,13,0.244,106.2,44.4,34.2,39.4,25.2,8.0,4.3,15.2,0.4568047337278106,1.6578947368421053,2,-4.534716239053515,-1.9365247489801583
印第安纳步行者,东部,14,0.231,112.5,45.8,35.7,41.7,27.5,7.3,4.5,13.7,0.4204035874439462,2.007299270072993,2,-0.7419774538013578,-1.460599964484921
华盛顿奇才,东部,15,0.218,113.1,46.3,35.9,42.1,25.0,7.9,5.6,15.1,0.4019933554817275,1.6556291390728477,2,-2.303609378546637,0.5040077678311359
洛杉矶湖人,西部,18,0.641,116.5,50.1,35.6,41.0,25.4,8.4,4.4,13.9,0.3969010727056018,1.8273381294964024,2,0.12587487937608313,0.16370106582883887
休斯顿火箭,西部,20,0.628,114.8,47.8,36.7,47.9,25.4,8.6,5.8,14.4,0.3501118568232662,1.7638888888888888,2,-0.1575317157634932,2.358004705440689
明尼苏达森林狼,西部,21,0.59,117.5,47.9,36.9,44.5,26.0,8.7,5.7,14.2,0.4192090395480226,1.8309859154929575,2,0.23716150358853946,1.0635933390564012
菲尼克斯太阳,西部,22,0.551,112.9,45.5,36.3,43.0,24.9,9.7,4.1,13.4,0.4540420819490587,1.8582089552238803,2,-1.230089143969533,-0.9541003023977226
洛杉矶快船,西部,23,0.513,114.0,48.6,36.7,40.5,23.8,9.2,4.9,13.6,0.4028776978417266,1.75,2,-0.8882601534453536,0.45933213910185106
波特兰开拓者,西部,24,0.513,115.4,45.3,34.1,46.1,25.1,8.2,5.5,16.6,0.4688888888888889,1.5120481927710845,2,-3.1575971015041655,0.5897249756591803
金州勇士,西部,25,0.462,114.8,46.1,35.6,42.5,29.0,9.8,4.3,15.0,0.4994388327721661,1.9333333333333331,2,-0.7238376785332482,-1.5564955325254728
孟菲斯灰熊,西部,26,0.321,114.8,45.8,35.3,42.3,27.9,8.9,4.9,14.7,0.4307862679955703,1.8979591836734693,2,-1.0598857212112158,-0.3518381765949801
达拉斯独行侠,西部,27,0.321,113.6,46.7,34.2,44.7,25.2,7.5,5.1,14.4,0.3519553072625698,1.75,2,-1.6254451895749902,1.23432372439487
新奥尔良鹈鹕,西部,28,0.316,114.8,46.5,34.8,43.7,25.1,8.8,5.2,13.5,0.3588888888888888,1.8592592592592596,2,-0.930233109760522,1.5225532591011617
萨克拉门托国王,西部,29,0.266,110.9,46.7,34.0,42.1,25.6,8.0,4.5,13.7,0.3378226711560045,1.8686131386861315,2,-1.7096714343372164,0.5464709237639465
犹他爵士,西部,30,0.266,117.1,46.5,34.6,43.6,29.4,8.7,3.8,15.0,0.4061810154525386,1.96,2,-0.14701965177255108,-0.8548931629926831
