球员姓名,位置大类,出场次数,场均时间(分钟),场均得分,场均篮板,场均助攻,每36分钟得分,每36分钟篮板,每36分钟助攻,每36分钟抢断,每36分钟盖帽,每36分钟失误,真实命中率TS(%),三分出手占比,助攻失误比,球员聚类,PC1,PC2
维克托·文班亚马,前锋,62,29.4,24.9,11.6,3.1,30.48979591836735,14.20408163265306,3.795918367346939,1.2244897959183674,3.795918367346939,2.9387755102040813,62.31231231231232,0.3254437869822486,1.2916666666666667,1,3.7097708109072998,2.815635773680188
巴姆·阿德巴约,中锋,69,32.2,20.2,10.0,3.0,22.583850931677013,11.180124223602483,3.354037267080745,1.3416149068322978,0.7826086956521738,1.900621118012422,55.20332313073896,0.3503184713375796,1.7647058823529411,1,0.9699824254319178,0.7107961858178117
卡尔-安东尼·唐斯,中锋,72,31.0,20.1,11.9,2.9,23.34193548387097,13.819354838709678,3.367741935483871,0.9290322580645162,0.5806451612903226,2.903225806451613,61.626195732156,0.2971014492753622,1.16,1,2.1572632818768898,1.8676494799925376
杰伦·杜伦,中锋,67,28.3,19.5,10.6,1.9,24.80565371024735,13.484098939929329,2.4169611307420493,1.017667844522968,1.1448763250883391,2.2897526501766783,68.25819098291795,0.0,1.0555555555555556,1,3.7868037726595314,1.9208325579260075
小贾伦·杰克逊,前锋,48,30.3,19.4,5.7,2.0,23.04950495049505,6.772277227722773,2.376237623762376,1.306930693069307,1.6633663366336633,2.613861386138614,57.57359924026591,0.3266666666666667,0.9090909090909092,1,1.608980173268576,0.9333052140052662
埃文·莫布里,中锋,62,32.1,18.1,9.0,3.6,20.299065420560748,10.093457943925234,4.037383177570093,0.897196261682243,2.0186915887850465,2.0186915887850465,59.61791831357049,0.25,2.0,1,2.13625883110943,0.9447273190391667
切特·霍姆格伦,中锋,67,29.0,17.0,8.8,1.6,21.103448275862068,10.924137931034483,1.986206896551724,0.7448275862068965,2.358620689655172,1.862068965517241,65.08422664624808,0.3097345132743362,1.0666666666666669,1,3.673313519370843,0.40466623654613265
亚历克斯·萨尔,中锋,48,27.2,16.3,7.4,2.7,21.57352941176471,9.794117647058824,3.573529411764706,1.0588235294117647,2.647058823529412,2.25,54.26098535286285,0.2262773722627737,1.5882352941176472,1,2.4813620012261883,1.0540322968882672
马塔斯·布泽利斯,前锋,76,29.2,16.3,5.8,2.0,20.09589041095891,7.150684931506849,2.4657534246575343,0.863013698630137,1.8493150684931507,2.589041095890411,59.21243824469631,0.5161290322580645,0.9523809523809524,1,1.677416035980998,0.34736472869537405
贾勒特·阿伦,中锋,54,27.1,15.4,8.5,1.8,20.457564575645755,11.29151291512915,2.391143911439114,1.328413284132841,1.062730627306273,1.726937269372694,67.07317073170732,0.0210526315789473,1.3846153846153846,1,2.9888897033851434,0.8915641284579088
尼古拉·武切维奇,中锋,61,28.7,15.4,8.5,3.3,19.317073170731707,10.662020905923344,4.139372822299651,0.7526132404181184,0.8780487804878049,1.6306620209059235,57.63473053892216,0.3307086614173228,2.5384615384615383,1,0.8438798334919952,0.408553124341804
奥涅卡·奥孔古,前锋,71,31.0,15.4,7.7,3.2,17.883870967741935,8.941935483870967,3.7161290322580647,1.2774193548387098,1.2774193548387098,1.9741935483870967,59.54222084751007,0.4444444444444445,1.8823529411764708,1,0.9537959295241404,0.21838960249813408
佩顿·沃特森,后卫,54,29.6,14.6,4.9,2.1,17.756756756756758,5.95945945945946,2.5540540540540544,1.0945945945945943,1.3378378378378375,2.0675675675675675,59.15721231766613,0.3333333333333333,1.2352941176470589,1,1.2115536329332166,-0.03032129190795579
伊维察·祖巴茨,中锋,48,30.1,14.1,10.6,2.2,16.86378737541528,12.677740863787374,2.6312292358803986,0.4784053156146179,0.9568106312292358,2.1528239202657806,62.27915194346289,0.0,1.2222222222222223,1,3.141725880502992,0.8230667537744926
皮杰·华盛顿,前锋,55,31.0,14.1,7.1,1.8,16.374193548387094,8.24516129032258,2.0903225806451613,1.1612903225806452,1.2774193548387098,1.9741935483870967,53.19951705402958,0.347457627118644,1.0588235294117647,1,1.3033701725490194,-0.41829606741201747
约翰·科林斯,前锋,65,27.4,13.7,5.2,1.0,18.0,6.832116788321168,1.3138686131386863,1.1824817518248176,0.9197080291970804,1.708029197080292,64.81831945495836,0.3333333333333333,0.7692307692307692,1,1.854189423956152,-0.45747750174758356
纳兹·里德,中锋,75,26.1,13.5,6.3,2.2,18.620689655172413,8.689655172413792,3.034482758620689,1.2413793103448274,1.379310344827586,2.206896551724138,56.23125624791735,0.5132743362831858,1.375,1,0.9956803904842406,0.08567291195040917
吉吉·杰克逊,前锋,54,21.5,12.5,4.3,1.4,20.930232558139537,7.199999999999999,2.344186046511628,1.0046511627906975,1.3395348837209302,2.6790697674418604,59.029089535323,0.3723404255319149,0.8749999999999999,1,1.548905115503218,0.7006703259842162
德安德烈·艾顿,中锋,67,27.3,12.4,8.2,0.8,16.351648351648354,10.813186813186812,1.054945054945055,0.7912087912087911,1.1868131868131868,1.582417582417582,67.86339754816112,0.0,0.6666666666666667,1,3.847341833061617,-0.038194780088506096
马克西姆·雷诺,中锋,71,26.2,12.1,7.5,1.3,16.62595419847328,10.30534351145038,1.7862595419847331,0.6870229007633588,0.6870229007633588,1.648854961832061,61.30928252938792,0.1011235955056179,1.0833333333333337,1,2.4337331969142384,-0.10292686073541747
小温德尔·卡特,中锋,74,29.6,12.1,7.5,2.0,14.716216216216214,9.12162162162162,2.4324324324324325,0.9729729729729728,0.7297297297297296,1.5810810810810811,62.60347682119204,0.36144578313253,1.5384615384615383,1,1.4224952480440716,-0.589550402164163
多诺万·克林根,中锋,73,27.2,12.0,11.6,2.1,15.882352941176473,15.352941176470589,2.7794117647058827,0.7941176470588235,2.25,1.7205882352941178,60.07208650380456,0.3522727272727272,1.6153846153846154,1,3.4493585071166746,-0.025908300927036453
迈尔斯·特纳,中锋,70,26.9,11.9,5.3,1.4,15.92565055762082,7.092936802973977,1.8736059479553904,0.9368029739776952,2.1412639405204463,1.6059479553903344,58.333333333333336,0.5934065934065935,1.1666666666666667,1,1.741204676378892,-1.137095326086928
尼克·克拉克斯顿,中锋,69,27.8,11.7,6.9,3.7,15.151079136690647,8.93525179856115,4.7913669064748206,0.9064748201438848,1.4244604316546765,1.8129496402877696,59.37880633373933,0.0357142857142857,2.6428571428571432,1,1.4072039151844464,0.7360047502763868
马克·威廉姆斯,中锋,58,23.6,11.6,8.0,1.0,17.694915254237287,12.203389830508474,1.5254237288135593,1.3728813559322033,1.3728813559322033,1.6779661016949152,67.19184430027804,0.0,0.9090909090909092,1,3.8119331915621766,0.4104971545926226
凯尔·菲利波夫斯基,前锋,76,23.5,11.4,7.2,2.5,17.463829787234044,11.029787234042551,3.8297872340425534,1.5319148936170213,0.7659574468085106,2.451063829787234,58.56966707768188,0.3411764705882353,1.5625,1,1.0715777577702505,0.8128260362894528
凯尔埃尔·韦尔,中锋,73,22.2,11.1,9.1,0.7,18.0,14.756756756756756,1.135135135135135,1.2972972972972974,1.783783783783784,1.2972972972972974,61.17724867724869,0.3529411764705882,0.8749999999999999,1,3.670992623646189,-0.5337125912492362
鲁迪·戈贝尔,中锋,75,31.3,11.0,11.5,1.7,12.651757188498404,13.226837060702875,1.9552715654952075,0.9201277955271564,1.840255591054313,1.6102236421725238,66.5859564164649,0.0153846153846153,1.2142857142857144,1,4.21804851088467,-0.06569899942873393
乔克·兰代尔,中锋,68,22.1,10.6,5.7,1.7,17.266968325791854,9.285067873303168,2.7692307692307687,0.8144796380090498,0.8144796380090498,1.4660633484162895,59.31065353625783,0.345679012345679,1.8888888888888888,1,1.1672517266716385,-0.3608816946528819
马文·巴格利三世,前锋,56,20.0,10.3,6.1,1.4,18.54,10.98,2.52,0.9,1.26,1.98,65.18987341772153,0.1176470588235294,1.2727272727272725,1,2.9267777138091247,0.6741748609109566
杰伦·史密斯,前锋,53,20.7,10.2,6.7,1.2,17.73913043478261,11.65217391304348,2.0869565217391304,0.8695652173913043,1.3913043478260871,1.7391304347826086,60.7721639656816,0.5526315789473685,1.2,1,2.1713392526458417,-0.47406893643252385
尼米亚斯·科塔,中锋,73,25.5,10.2,8.4,1.6,14.4,11.858823529411763,2.2588235294117647,1.1294117647058823,1.835294117647059,1.411764705882353,66.61442006269593,0.0151515151515151,1.6,1,3.680845800971134,0.011904894862492051
以赛亚·斯图尔特,前锋,55,23.1,10.0,5.1,1.2,15.584415584415584,7.948051948051948,1.8701298701298696,0.4675324675324674,2.493506493506493,1.7142857142857142,62.40639041437844,0.3,1.0909090909090908,1,3.1728081280252436,-0.5207107148495707
奥萨尔·汤普森,后卫,69,26.0,9.9,5.8,3.0,13.707692307692309,8.03076923076923,4.153846153846154,2.769230769230769,1.2461538461538462,2.076923076923077,53.874619068350015,0.0375,2.0,1,0.5748883144272914,0.5674011753271135
普雷舍斯·阿丘瓦,前锋,70,23.6,9.9,6.7,1.3,15.101694915254235,10.220338983050848,1.9830508474576272,1.3728813559322033,1.0677966101694911,1.3728813559322033,56.948918545789226,0.1645569620253164,1.4444444444444444,1,1.8995060272750852,-0.5505714837034889
丹尼尔·加福德,前锋,54,21.8,9.6,6.9,1.1,15.85321100917431,11.394495412844035,1.81651376146789,1.1559633027522935,1.9816513761467889,1.9816513761467889,67.83493499152064,0.0,0.9166666666666669,1,4.178736491402234,0.5017966038433217
杰伊·赫夫,中锋,78,20.8,9.4,3.8,1.4,16.26923076923077,6.576923076923076,2.423076923076923,0.8653846153846153,3.115384615384615,1.5576923076923077,59.28355196770938,0.6216216216216215,1.5555555555555554,1,1.874432406453851,-1.022077805258498
特里斯坦·武克切维奇,前锋,49,13.7,9.0,3.0,1.1,23.649635036496356,7.883211678832117,2.89051094890511,1.3138686131386863,1.8394160583941608,3.416058394160584,59.90415335463258,0.4461538461538461,0.8461538461538461,1,1.7509024419565486,1.6732174598971623
戴隆·夏普,中锋,62,18.7,8.7,6.7,2.3,16.74866310160428,12.898395721925136,4.427807486631016,2.117647058823529,0.770053475935829,3.2727272727272725,63.9705882352941,0.1052631578947368,1.352941176470588,1,1.9605731248266842,2.157724581710033
贾斯廷·尚帕尼,前锋,66,19.7,8.6,5.5,1.2,15.715736040609135,10.050761421319796,2.1928934010152283,1.4619289340101524,1.0964467005076142,1.0964467005076142,60.05586592178771,0.3384615384615385,2.0,1,1.454147704797841,-0.8291595039864831
科林·默里-博伊尔斯,前锋,54,22.0,8.5,4.9,1.9,13.909090909090908,8.018181818181818,3.109090909090909,1.4727272727272729,1.4727272727272729,1.8,61.274509803921575,0.1475409836065574,1.727272727272727,1,1.742509032148245,-0.005793870525031171
约纳斯·瓦兰丘纳斯,中锋,61,13.1,8.2,4.8,1.1,22.53435114503817,13.190839694656487,3.0229007633587788,0.549618320610687,1.3740458015267176,3.0229007633587788,61.89613526570047,0.0526315789473684,1.0,1,3.4017392676279075,2.136626460479525
穆萨·迪亚巴特,前锋,70,25.9,8.0,8.8,1.9,11.11969111969112,12.231660231660232,2.6409266409266405,1.111969111969112,1.38996138996139,1.38996138996139,65.57377049180329,0.0,1.9,1,3.143417186191516,-0.23014713847550783
多米尼克·巴洛,前锋,67,24.0,7.9,4.7,1.3,11.85,7.050000000000001,1.95,1.2,1.05,1.2,60.434516523867806,0.2105263157894736,1.625,1,1.4365627816482525,-1.1855346285060575
卢卡·加尔扎,中锋,67,15.9,7.7,3.9,0.9,17.433962264150942,8.830188679245284,2.037735849056604,0.9056603773584906,0.9056603773584906,1.3584905660377358,68.70092790863669,0.3673469387755101,1.5,1,2.0341725974051688,-0.4689840865331834
瑞安·卡尔克布伦纳,中锋,66,21.5,7.6,5.5,0.8,12.725581395348836,9.209302325581396,1.3395348837209302,0.8372093023255814,2.511627906976744,1.5069767441860464,75.27733755942947,0.0232558139534883,0.888888888888889,1,4.722094005678023,-0.3657420024895889
保罗·里德,前锋,61,13.8,7.5,4.5,1.2,19.565217391304348,11.739130434782608,3.130434782608696,2.347826086956521,2.347826086956521,2.347826086956521,64.12448700410397,0.1176470588235294,1.3333333333333333,1,3.228250524489088,1.380615087701932
贾克森·海斯,中锋,65,18.1,7.3,4.1,0.9,14.519337016574584,8.154696132596683,1.7900552486187844,0.7955801104972375,1.591160220994475,0.7955801104972375,74.9794576828266,0.0,2.25,1,3.1745162601539234,-0.5845933626219876
以赛亚·杰克逊,前锋,55,16.5,6.7,5.3,0.9,14.61818181818182,11.563636363636364,1.963636363636364,1.5272727272727271,1.963636363636364,2.4,65.22585669781932,0.0232558139534883,0.8181818181818181,1,3.842803503927727,0.6768395518725379
罗伯特·威廉姆斯三世,中锋,55,16.9,6.7,6.9,1.0,14.272189349112429,14.698224852071007,2.1301775147929,1.2781065088757395,3.195266272189349,1.7041420118343198,72.88946910356832,0.0952380952380952,1.25,1,5.290624487863769,0.3529065210083518
卢克·科内特,中锋,65,21.0,6.5,6.1,1.8,11.142857142857142,10.457142857142856,3.0857142857142854,0.6857142857142857,1.7142857142857142,0.6857142857142857,68.44987363100252,0.0,4.5,1,2.1017092926390606,-0.5350891891058441
奥索·伊戈达罗,前锋,78,22.3,6.5,5.1,2.3,10.493273542600896,8.233183856502242,3.713004484304933,1.452914798206278,1.1300448430493273,1.937219730941704,63.52619233776389,0.0,1.9166666666666663,1,1.7323592360500104,0.19174483668382908
安德烈·德拉蒙德,中锋,59,19.3,6.3,8.2,1.2,11.751295336787564,15.295336787564766,2.2383419689119166,1.1191709844559583,1.4922279792746114,1.865284974093264,53.64441416893733,0.2641509433962264,1.2,1,2.7586403344878088,-0.49508617268549965
托马斯·布莱恩特,中锋,60,12.2,6.2,3.4,0.6,18.29508196721312,10.0327868852459,1.7704918032786885,0.8852459016393442,1.1803278688524592,1.475409836065574,62.19903691813804,0.4888888888888889,1.2,1,1.9985894749597155,-0.6483673967539003
尼克·理查兹,中锋,48,14.6,5.8,5.1,0.3,14.301369863013695,12.575342465753424,0.7397260273972602,0.4931506849315069,1.726027397260274,2.958904109589041,56.59640905542545,0.0952380952380952,0.25,1,3.6368456596509837,0.5004740595789228
卡洛·马特科维奇,前锋,62,14.7,5.7,3.7,0.8,13.95918367346939,9.06122448979592,1.959183673469388,0.979591836734694,2.204081632653061,1.2244897959183674,69.37682570593964,0.3947368421052631,1.6,1,3.0441188545784876,-0.937659574749084
伊夫·米西,中锋,66,19.7,5.7,5.8,1.3,10.416243654822336,10.598984771573605,2.375634517766498,0.5482233502538071,2.741116751269036,1.4619289340101524,55.23255813953488,0.0,1.625,1,3.5856602434585283,-0.6536766803273097
米切尔·罗宾逊,中锋,58,19.6,5.6,8.7,0.9,10.285714285714285,15.979591836734691,1.6530612244897958,1.6530612244897958,2.020408163265306,1.2857142857142856,67.50241080038573,0.0,1.2857142857142858,1,4.530057860008705,-0.4612184108544461
戈加·比塔泽,中锋,60,14.9,5.5,4.7,1.3,13.288590604026846,11.355704697986578,3.1409395973154366,1.4496644295302012,2.174496644295302,1.691275167785235,69.44444444444444,0.0606060606060606,1.8571428571428572,1,3.5566112334872053,0.3496843683032584
安东尼·吉尔,前锋,51,16.3,5.4,2.8,1.3,11.92638036809816,6.184049079754601,2.8711656441717794,1.1042944785276072,0.8834355828220859,1.5460122699386505,68.1130171543895,0.2162162162162162,1.8571428571428572,1,1.3788937235339067,-0.5520699776874547
阿德姆·博纳,中锋,68,17.4,4.9,4.4,0.5,10.13793103448276,9.10344827586207,1.0344827586206895,0.8275862068965518,2.4827586206896552,1.6551724137931036,64.40588853838065,0.032258064516129,0.625,1,4.248944831167736,-0.8163199931080174
杰里科·西姆斯,中锋,63,18.7,4.5,5.3,1.3,8.663101604278076,10.203208556149733,2.502673796791444,0.3850267379679145,0.3850267379679145,2.117647058823529,77.69337016574586,0.0,1.1818181818181817,1,2.9677698191758797,0.00689081999386351
泽克·纳吉,前锋,49,11.9,3.7,2.6,0.5,11.19327731092437,7.865546218487395,1.512605042016807,0.907563025210084,1.2100840336134453,1.512605042016807,56.12864077669904,0.3448275862068966,1.0,1,1.6183782858735556,-1.44455384090698
克林特·卡佩拉,中锋,71,12.3,3.5,4.6,0.7,10.24390243902439,13.46341463414634,2.048780487804878,1.4634146341463414,2.341463414634146,1.7560975609756095,53.09466019417476,0.0,1.1666666666666667,1,3.6078452887679426,-0.39316572242296083
德怀特·鲍威尔,前锋,58,14.0,3.3,3.8,0.9,8.485714285714286,9.77142857142857,2.314285714285714,1.2857142857142858,0.7714285714285714,1.5428571428571427,70.63356164383562,0.0666666666666666,1.5,1,2.5946739314031553,-0.5974264365879323
乔纳森·艾萨克,前锋,52,10.0,2.6,2.5,0.4,9.36,9.0,1.44,1.44,2.16,1.0799999999999998,50.30959752321982,0.3333333333333333,1.3333333333333337,1,1.9230966074344407,-1.972789465138118
卢卡·东契奇,后卫,64,35.8,33.5,7.7,8.3,33.68715083798883,7.743016759776537,8.3463687150838,1.6089385474860336,0.5027932960893855,4.022346368715084,61.48142710321539,0.4736842105263158,2.075,2,-0.9309985751177787,4.262898770507939
谢伊·吉尔杰斯-亚历山大,后卫,66,33.3,31.4,4.4,6.5,33.945945945945944,4.756756756756757,7.027027027027027,1.5135135135135136,0.8648648648648649,2.3783783783783785,66.67232886020044,0.2256410256410256,2.954545454545454,2,-0.41000776941224587,3.062298575048434
安东尼·爱德华兹,后卫,60,35.2,28.9,5.0,3.7,29.556818181818176,5.113636363636363,3.784090909090909,1.4318181818181817,0.8181818181818181,2.8636363636363638,61.57320606783705,0.4187192118226601,1.3214285714285716,2,0.2412940488481639,2.0422097076303567
杰伦·布朗,后卫,69,34.4,28.7,7.0,5.2,30.034883720930235,7.325581395348838,5.44186046511628,1.0465116279069768,0.4186046511627907,3.767441860465116,57.07126948775056,0.2614678899082568,1.4444444444444444,2,0.03297617694056507,3.439659460132992
泰瑞斯·马克西,后卫,66,38.2,28.6,4.2,6.7,26.952879581151837,3.958115183246073,6.31413612565445,1.790575916230366,0.7539267015706805,2.2617801047120416,58.88650963597431,0.3981481481481481,2.791666666666667,2,-1.3736221524515888,1.9483184786049426
科怀·伦纳德,前锋,62,32.0,28.0,6.3,3.6,31.5,7.0875,4.05,2.1375,0.45,2.25,62.8930817610063,0.3556701030927836,1.8,2,0.06088273286510552,2.0181846051248584
尼古拉·约基奇,中锋,62,35.0,27.9,12.9,10.9,28.697142857142858,13.268571428571429,11.211428571428572,1.44,0.8228571428571428,3.908571428571428,67.3913043478261,0.264367816091954,2.868421052631579,2,0.4720258130478621,5.212934679681507
多诺万·米切尔,后卫,69,33.4,27.8,4.5,5.7,29.96407185628743,4.850299401197605,6.1437125748503005,1.6167664670658684,0.3233532934131736,3.017964071856288,61.00772471910112,0.4427860696517413,2.035714285714286,2,-1.0999004164760313,2.771792459384074
杰伦·布伦森,后卫,71,35.0,26.0,3.4,6.7,26.742857142857144,3.497142857142857,6.891428571428572,0.72,0.1028571428571428,2.4685714285714284,58.014994644769736,0.3618090452261306,2.791666666666667,2,-1.7319398336663072,2.148145501053607
凯文·杜兰特,前锋,75,36.4,25.9,5.4,4.8,25.615384615384617,5.340659340659341,4.747252747252747,0.7912087912087913,0.8901098901098901,3.164835164835165,63.98221343873517,0.3295454545454545,1.4999999999999998,2,0.5924529698160448,2.2713336958573502
德文·布克,后卫,62,33.4,25.8,3.9,6.0,27.808383233532936,4.203592814371258,6.467065868263473,0.8622754491017964,0.3233532934131736,3.341317365269461,58.31826401446655,0.3118279569892472,1.9354838709677415,2,-0.940436053273039,2.9329401768313703
贾马尔·默里,后卫,73,35.3,25.5,4.4,7.2,26.005665722379604,4.4872521246458925,7.342776203966006,0.9178470254957508,0.4079320113314448,2.3456090651558075,62.23155017571261,0.4120879120879121,3.130434782608696,2,-1.4234360992157236,2.1874707924970913
凯德·坎宁安,后卫,61,34.4,24.5,5.6,9.9,25.63953488372093,5.8604651162790695,10.360465116279071,1.5697674418604652,0.9418604651162792,3.872093023255815,56.639541335306085,0.3068783068783069,2.6756756756756754,2,-1.516505995564076,4.208326717448977
小迈克尔·波特,前锋,52,32.5,24.2,7.1,3.0,26.806153846153844,7.864615384615385,3.3230769230769237,1.2184615384615385,0.3323076923076922,2.547692307692308,59.50039339103069,0.5054347826086957,1.3043478260869563,2,0.22748199435785194,1.3048965261558674
帕斯卡尔·西亚卡姆,前锋,62,33.2,24.0,6.6,3.8,26.024096385542165,7.156626506024096,4.120481927710842,1.1927710843373494,0.4337349397590361,2.3855421686746987,56.38037962788949,0.2526881720430107,1.727272727272727,2,0.13187390165358026,1.6168079550009358
德尼·阿夫迪亚,前锋,62,33.1,23.9,7.0,6.7,25.99395770392749,7.613293051359516,7.287009063444109,0.8700906344410876,0.6525679758308156,4.1329305135951655,59.47640852080431,0.375,1.7631578947368425,2,-0.2219032161931047,3.5633230237925635
詹姆斯·哈登,后卫,68,35.0,23.7,4.9,8.1,24.377142857142854,5.04,8.331428571428571,1.1314285714285717,0.4114285714285714,3.6,61.398963730569946,0.5125,2.314285714285714,2,-1.5086258748381327,3.0703861620978983
基扬特·乔治,后卫,54,33.1,23.6,3.7,6.1,25.66767371601209,4.024169184290031,6.634441087613292,1.1963746223564955,0.3262839879154078,3.3716012084592144,60.8875128998968,0.4110429447852761,1.9677419354838708,2,-1.1466252302507083,2.692977004885454
奥斯汀·里夫斯,后卫,51,34.5,23.3,4.7,5.5,24.313043478260877,4.904347826086957,5.739130434782608,1.1478260869565218,0.4173913043478261,3.130434782608696,64.32199646643109,0.4295302013422818,1.8333333333333333,2,-0.47288537807869463,2.2175697397683316
杰伦·约翰逊,前锋,69,35.2,22.8,10.3,8.0,23.318181818181817,10.534090909090908,8.181818181818182,1.3295454545454546,0.409090909090909,3.477272727272726,58.53357979051139,0.2807017543859649,2.3529411764705883,2,-0.3162959129576134,3.4081860620093805
保罗·班凯罗,前锋,68,34.9,22.2,8.4,5.1,22.89971346704871,8.664756446991404,5.260744985673353,0.7220630372492837,0.6189111747851003,3.197707736389685,56.32230566267504,0.2422360248447204,1.6451612903225803,2,0.49286855349655906,2.2606403943807702
诺曼·鲍威尔,后卫,55,30.1,22.1,3.6,2.6,26.43189368770764,4.305647840531561,3.109634551495017,1.3156146179401993,0.3588039867109634,2.272425249169435,60.98233995584991,0.4522292993630573,1.368421052631579,2,-0.19987741204965748,0.9579024432551712
谢登·夏普,后卫,48,30.0,21.4,4.4,2.6,25.68,5.28,3.12,1.68,0.12,3.6,55.2685950413223,0.3522727272727272,0.8666666666666667,2,-0.3928623710379045,2.007623521794779
布兰登·英格拉姆,前锋,73,33.8,21.3,5.5,3.6,22.686390532544383,5.8579881656804735,3.834319526627219,0.7455621301775148,0.7455621301775148,2.6627218934911245,56.70926517571885,0.2738095238095238,1.44,2,0.4290738708867409,1.2814117494839319
朱利叶斯·兰德尔,前锋,78,33.1,21.1,6.8,5.1,22.948640483383684,7.3957703927492435,5.546827794561933,1.1963746223564955,0.2175226586102719,3.0453172205438066,58.37760070827801,0.2810457516339869,1.8214285714285716,2,-0.26653694578253995,2.1801783221238766
锡安·威廉森,前锋,62,29.7,21.0,5.7,3.2,25.454545454545457,6.90909090909091,3.878787878787879,1.2121212121212122,0.6060606060606061,2.4242424242424243,64.41717791411043,0.0076923076923076,1.6,2,1.3146390018807812,2.0853477319528895
库珀·弗拉格,前锋,65,33.8,20.8,6.6,4.5,22.15384615384616,7.029585798816568,4.792899408284024,1.2781065088757395,0.9585798816568049,2.5562130177514795,54.99153976311337,0.2083333333333333,1.875,2,0.28260764062393645,1.5722138538331716
阿尔佩伦·申京,中锋,69,33.4,20.6,8.8,6.2,22.20359281437126,9.48502994011976,6.682634730538923,1.2934131736526946,1.18562874251497,3.341317365269461,56.98163310466917,0.1210191082802547,2.0,2,0.7551994866472089,2.9782378016696787
勒布朗·詹姆斯,前锋,56,33.4,20.6,6.0,6.9,22.20359281437126,6.467065868263473,7.437125748502995,1.18562874251497,0.6467065868263473,3.125748502994012,58.89752973467522,0.2697368421052631,2.3793103448275863,2,-0.6327442592983474,2.6584983124519885
尼基尔·亚历山大-沃克,后卫,75,33.2,20.6,3.5,3.7,22.33734939759036,3.795180722891566,4.0120481927710845,1.4096385542168677,0.5421686746987951,2.27710843373494,60.375146541617816,0.5228758169934641,1.761904761904762,2,-0.7044680125261165,0.6384246206490485
德斯蒙德·贝恩,后卫,78,34.1,20.4,4.2,4.2,21.5366568914956,4.434017595307918,4.434017595307918,1.0557184750733135,0.4222873900293255,2.1114369501466275,60.74321105288232,0.3557046979865771,2.1,2,-0.4527751501974998,0.8210523470948532
布兰登·米勒,前锋,62,30.3,20.2,5.0,3.4,24.0,5.9405940594059405,4.03960396039604,1.188118811881188,0.8316831683168316,3.089108910891089,57.39940895658104,0.5093167701863354,1.3076923076923077,2,-0.03525676811498112,1.480999529144934
拉梅洛·鲍尔,后卫,69,27.8,19.8,4.8,7.2,25.640287769784173,6.215827338129496,9.323741007194243,1.553956834532374,0.2589928057553957,3.4964028776978417,54.52742894910772,0.5847953216374269,2.6666666666666665,2,-2.473737205864954,3.203476446804381
阿尔杰·巴雷特,前锋,54,30.2,19.1,5.2,3.4,22.768211920529804,6.198675496688742,4.0529801324503305,0.8344370860927153,0.3576158940397351,2.1456953642384105,58.18912990494761,0.3496503496503496,1.8888888888888888,2,-0.10436734253183691,0.8872709017429228
西杰·麦科勒姆,后卫,73,29.8,18.7,3.3,3.8,22.59060402684564,3.9865771812080535,4.590604026845637,0.9664429530201344,0.4832214765100671,2.174496644295302,56.639205233826026,0.4437086092715232,2.111111111111111,2,-0.9309634502700848,0.7615904078116368
康·克努佩尔,后卫,78,31.5,18.7,5.3,3.4,21.37142857142857,6.057142857142857,3.885714285714285,0.7999999999999999,0.2285714285714285,2.2857142857142856,63.70945761787953,0.5895522388059702,1.7,2,-0.20401056542573948,0.526804952981589
杰拉米·格兰特,前锋,57,29.7,18.6,3.5,2.1,22.545454545454547,4.242424242424242,2.545454545454546,0.8484848484848485,0.7272727272727272,2.545454545454546,60.92767295597484,0.4765624999999999,1.0,2,0.4261974488864134,0.5322816956831826
达龙·福克斯,后卫,68,31.0,18.5,3.8,6.2,21.483870967741936,4.412903225806451,7.2,1.393548387096774,0.3483870967741935,2.670967741935484,58.03011292346299,0.375,2.695652173913044,2,-1.6441831541596736,1.909187638097631
德玛尔·德罗赞,后卫,77,31.2,18.4,2.9,4.1,21.23076923076923,3.346153846153846,4.730769230769231,1.153846153846154,0.3461538461538461,1.3846153846153846,59.11076843998971,0.1450381679389313,3.4166666666666665,2,-1.0890794889657565,0.6199541508877762
本尼迪克特·马瑟林,后卫,50,30.6,18.2,5.5,2.3,21.41176470588235,6.470588235294118,2.705882352941176,0.9411764705882352,0.2352941176470588,2.588235294117647,58.27356557377048,0.3515625,1.0454545454545452,2,0.41482290297555857,0.731766053286131
斯科蒂·巴恩斯,前锋,76,33.7,18.1,7.5,5.9,19.33531157270029,8.01186943620178,6.3026706231454,1.602373887240356,1.602373887240356,2.8842729970326406,57.17715440990651,0.204225352112676,2.185185185185185,2,0.5810815602915012,2.06826317036154
阿门·汤普森,后卫,76,37.3,17.9,7.8,5.3,17.276139410187668,7.528150134048258,5.115281501340482,1.447721179624665,0.5790884718498659,2.316353887399464,58.66544310435238,0.1145038167938931,2.208333333333333,2,0.2318386834565837,1.2303202228110872
科比·怀特,后卫,48,25.4,17.5,3.5,4.1,24.80314960629921,4.960629921259843,5.811023622047244,0.7086614173228347,0.1417322834645669,3.6850393700787407,59.4752582925503,0.507936507936508,1.5769230769230766,2,-0.943615590033215,2.438839638555547
瑞安·罗林斯,后卫,73,32.1,17.2,4.6,5.6,19.28971962616822,5.158878504672897,6.280373831775701,1.6822429906542056,0.4485981308411215,3.02803738317757,58.408041293126864,0.4420289855072463,2.074074074074074,2,-1.2002506780244129,1.660677960772052
约什·吉迪,后卫,54,32.1,17.0,8.3,9.1,19.06542056074766,9.30841121495327,10.205607476635512,1.1214953271028036,0.5607476635514018,4.037383177570093,56.11301822022708,0.3909774436090225,2.5277777777777777,2,-1.197776849398701,3.596000986727054
佩顿·普里查德,后卫,76,32.4,17.0,4.0,5.1,18.88888888888889,4.444444444444445,5.666666666666667,0.888888888888889,0.1111111111111111,1.5555555555555556,58.25109649122807,0.5144927536231884,3.642857142857143,2,-2.036821796954883,0.16870282895312044
安德鲁·内姆哈德,后卫,57,31.3,16.9,2.8,7.7,19.43769968051118,3.220447284345048,8.856230031948881,1.035143769968051,0.1150159744408945,2.760383386581469,56.31831511596908,0.393939393939394,3.208333333333333,2,-2.619670676076066,2.044736091465917
伊曼纽尔·奎克利,后卫,67,32.4,16.9,4.1,6.0,18.77777777777778,4.555555555555555,6.666666666666667,1.4444444444444446,0.1111111111111111,1.6666666666666667,58.01977478714638,0.5227272727272728,4.0,2,-2.5796950761712982,0.5448465915226177
斯蒂芬·卡斯尔,后卫,66,30.0,16.7,5.2,7.3,20.04,6.24,8.76,1.32,0.36,3.84,57.55445271574304,0.3,2.28125,2,-1.3293484570041494,3.233447061831121
朱·霍勒迪,后卫,49,29.1,16.3,4.5,6.1,20.16494845360825,5.56701030927835,7.546391752577319,1.3608247422680413,0.1237113402061855,3.463917525773196,58.06497577657452,0.5151515151515151,2.1785714285714284,2,-1.7407511781263996,2.277617110816237
纳吉·马绍尔,前锋,72,29.6,15.4,4.7,3.3,18.72972972972973,5.716216216216217,4.013513513513513,1.3378378378378375,0.1216216216216216,1.9459459459459456,59.67141971481711,0.2612612612612612,2.0625,2,-0.34482094916227085,0.4932714119833972
安东尼·布莱克,后卫,60,30.7,15.3,3.9,3.8,17.9413680781759,4.5732899022801305,4.456026058631921,1.6416938110749186,0.8208469055374593,2.462540716612378,55.09939498703543,0.3821138211382113,1.809523809523809,2,-0.6225070762130026,0.6047436334045599
科林·塞克斯顿,后卫,64,23.3,15.3,2.2,3.3,23.63948497854077,3.3991416309012874,5.098712446351931,1.5450643776824031,0.3090128755364806,3.2446351931330475,62.33702737940027,0.3962264150943396,1.5714285714285712,2,-0.8032839831237242,2.032536512899858
小海梅·哈克斯,前锋,71,28.3,15.2,5.1,4.7,19.335689045936395,6.487632508833922,5.978798586572439,0.8904593639575972,0.381625441696113,2.5441696113074204,56.213017751479285,0.1967213114754098,2.35,2,-0.4818141961908407,1.5634853203940575
拉塞尔·威斯布鲁克,后卫,64,29.0,15.2,5.4,6.7,18.868965517241374,6.703448275862069,8.317241379310346,1.613793103448276,0.2482758620689655,4.096551724137931,52.86588759042849,0.450381679389313,2.0303030303030303,2,-1.8457968515518566,2.8259068818443756
布莱斯·森萨博,前锋,73,23.6,14.8,3.1,1.9,22.57627118644068,4.728813559322034,2.898305084745762,1.0677966101694911,0.3050847457627118,2.440677966101694,58.99234693877551,0.5087719298245613,1.1874999999999998,2,-0.22324038705485832,0.487484916090445
凯肖恩·乔治,前锋,48,29.0,14.8,5.1,4.5,18.37241379310345,6.3310344827586205,5.586206896551724,1.2413793103448276,1.1172413793103448,3.227586206896552,56.111616621170754,0.45,1.7307692307692306,2,-0.2172645278719333,1.50068232242368
阿约·多苏穆,后卫,67,27.2,14.7,3.5,3.6,19.45588235294117,4.632352941176471,4.764705882352941,1.0588235294117647,0.3970588235294117,1.7205882352941178,63.23124569855472,0.3831775700934579,2.769230769230769,2,-0.6812743926702964,0.43468950298330195
阿杰·米切尔,后卫,55,25.9,13.8,3.4,3.6,19.181467181467184,4.725868725868726,5.003861003861004,1.8069498069498071,0.416988416988417,2.084942084942085,58.59375,0.2952380952380952,2.4,2,-0.9196988884391522,0.8345004017274918
杰伦·萨格斯,后卫,53,27.5,13.7,3.9,5.5,17.934545454545454,5.1054545454545455,7.2,2.487272727272727,0.9163636363636364,3.5345454545454547,55.38486416558861,0.543859649122807,2.0370370370370368,2,-1.673586595168518,1.9871184570080729
特雷·琼斯,后卫,61,27.0,13.7,3.1,5.4,18.266666666666666,4.133333333333334,7.2,1.6,0.2666666666666666,1.8666666666666667,63.44942571322712,0.2150537634408602,3.8571428571428577,2,-1.674460032023877,1.3817007783918742
塞德里克·考沃德,前锋,60,26.0,13.4,5.9,2.8,18.553846153846155,8.169230769230769,3.876923076923077,0.8307692307692307,0.5538461538461539,2.4923076923076923,57.81843286158094,0.4230769230769231,1.5555555555555554,2,0.40054680124793457,0.6273498646627788
杰里迈亚·菲尔斯,后卫,79,25.2,13.4,3.6,3.3,19.142857142857142,5.142857142857142,4.714285714285714,1.5714285714285716,0.5714285714285715,3.1428571428571432,52.392868314044414,0.3103448275862069,1.4999999999999998,2,-0.685659122675776,1.3857347183410254
凯尔·库兹马,前锋,68,26.3,13.1,4.6,2.6,17.931558935361213,6.2965779467680605,3.5589353612167303,0.9581749049429658,0.5475285171102662,2.326996197718631,58.02622253720765,0.3465346534653465,1.5294117647058825,2,0.2539362355219082,0.40031000309811254
布兰登·威廉姆斯,后卫,65,22.1,13.0,2.9,3.9,21.176470588235293,4.723981900452488,6.352941176470588,1.4660633484162895,0.4886877828054298,3.0950226244343884,56.897759103641455,0.2553191489361702,2.0526315789473686,2,-0.9269341365434473,2.156014465546701
马利克·蒙克,后卫,60,22.4,12.6,1.9,3.1,20.25,3.0535714285714284,4.982142857142858,0.9642857142857144,0.6428571428571429,2.410714285714286,56.29020729092209,0.5,2.066666666666667,2,-1.1706725069255484,0.6585298827759812
约什·哈特,后卫,63,30.1,12.1,7.6,4.9,14.47176079734219,9.08970099667774,5.8604651162790695,1.3156146179401993,0.3588039867109634,2.272425249169435,60.88969404186796,0.4065934065934066,2.578947368421053,2,-0.3336230422700899,0.7472367867554934
戴森·丹尼尔斯,后卫,73,33.1,11.8,6.7,5.9,12.833836858006045,7.287009063444109,6.4169184290030215,2.175226586102719,0.4350453172205438,1.957703927492447,54.10858400586941,0.1470588235294117,3.2777777777777777,2,-1.2479935660904495,0.7549250978200144
迪伦·哈珀,后卫,65,22.4,11.7,3.4,3.9,18.80357142857143,5.464285714285714,6.267857142857143,1.2857142857142858,0.4821428571428571,2.25,57.64682696097753,0.2765957446808511,2.785714285714286,2,-1.0099929080990953,1.2620890476231101
以赛亚·科利尔,后卫,59,25.7,11.7,2.5,7.2,16.389105058365757,3.501945525291829,10.085603112840468,1.5408560311284047,0.4202334630350194,3.501945525291829,57.12890625,0.1954022988505747,2.88,2,-2.171199084023536,2.9921984738585503
德里克·奎因,中锋,78,24.4,11.2,6.8,3.6,16.524590163934427,10.0327868852459,5.311475409836065,1.475409836065574,1.3278688524590163,3.39344262295082,54.3267365153279,0.1235955056179775,1.565217391304348,2,1.1543652667063036,2.0402401555697023
卡姆·斯潘塞,后卫,71,23.9,11.1,2.6,5.5,16.719665271966527,3.9163179916318,8.284518828451883,1.0543933054393306,0.301255230125523,1.9581589958159,64.2658638258453,0.576923076923077,4.230769230769231,2,-2.519191555992085,0.9668537717551605
丹尼斯·施罗德,后卫,67,24.4,10.8,2.7,4.8,15.934426229508198,3.9836065573770494,7.081967213114754,1.1803278688524592,0.2950819672131148,2.6557377049180326,52.54963020630596,0.3666666666666666,2.6666666666666665,2,-2.0188851438500093,1.1359464743241015
克里斯·米德尔顿,前锋,58,23.3,10.4,3.8,2.9,16.068669527896997,5.871244635193132,4.480686695278969,1.0815450643776825,0.3090128755364806,2.781115879828326,52.695581678151605,0.3370786516853932,1.611111111111111,2,-0.6251635651716521,0.6778285039826659
布布·卡林顿,后卫,78,27.5,10.3,3.4,4.6,13.483636363636364,4.45090909090909,6.0218181818181815,0.7854545454545454,0.2618181818181818,3.0109090909090908,54.950917626973975,0.5568181818181818,2.0,2,-1.5650933949694619,0.5983771274146304
丹尼斯·詹金斯,后卫,68,20.1,9.4,2.3,3.8,16.83582089552239,4.119402985074626,6.80597014925373,1.6119402985074625,0.3582089552238806,2.686567164179104,52.99954894000902,0.3417721518987341,2.533333333333333,2,-1.8953379579127445,1.271930810060241
提杰·麦康奈尔,后卫,56,17.2,9.4,2.2,5.1,19.67441860465117,4.604651162790698,10.674418604651162,2.0930232558139537,0.4186046511627907,2.302325581395349,57.17761557177615,0.1125,4.636363636363636,2,-2.7658497068054273,2.749252885011335
吉·桑托斯,前锋,66,20.5,9.3,3.9,2.3,16.33170731707317,6.848780487804878,4.039024390243903,1.5804878048780486,0.5268292682926828,2.6341463414634148,62.06620395088095,0.4925373134328358,1.5333333333333332,2,0.01590187182666706,0.5275002634677857
戴维恩·米切尔,后卫,67,28.6,9.2,2.7,6.5,11.58041958041958,3.3986013986013983,8.181818181818182,1.2587412587412588,0.2517482517482517,1.888111888111888,57.52876438219109,0.4342105263157895,4.333333333333333,2,-2.9320115265401663,0.4216179560076001
诺兰·特拉奥雷,后卫,54,22.6,8.9,1.7,3.9,14.17699115044248,2.7079646017699117,6.212389380530973,1.2743362831858407,0.6371681415929203,3.663716814159292,47.60376551133933,0.3953488372093023,1.6956521739130437,2,-1.8585052757964147,1.2778539529188482
德雷蒙德·格林,前锋,65,27.6,8.6,5.5,5.5,11.217391304347824,7.173913043478261,7.173913043478261,1.1739130434782608,0.7826086956521738,3.391304347826087,54.238143289606455,0.6351351351351351,2.1153846153846154,2,-1.266547258898389,0.9821978172959281
博恩斯·海兰德,后卫,69,16.4,8.3,1.8,2.6,18.219512195121958,3.951219512195122,5.707317073170732,1.3170731707317074,0.4390243902439025,1.975609756097561,59.42153493699885,0.6307692307692307,2.888888888888889,2,-1.8176713113829113,0.25536426654843075
小沃尔特·克莱顿,后卫,67,20.4,7.7,2.0,4.0,13.588235294117649,3.5294117647058827,7.058823529411765,1.2352941176470589,0.5294117647058824,3.0,52.083333333333336,0.5303030303030303,2.3529411764705883,2,-2.1499538466527235,0.8543897135386752
加里·佩顿二世,后卫,69,15.6,7.4,3.7,1.7,17.07692307692308,8.53846153846154,3.923076923076923,2.076923076923077,0.6923076923076923,2.076923076923077,62.5,0.3157894736842105,1.8888888888888888,2,0.5509635905136627,0.5720316457842949
帕特·斯潘塞,后卫,62,18.0,7.1,2.4,3.5,14.2,4.8,7.0,1.4,0.2,2.6,52.2366097704532,0.3749999999999999,2.692307692307692,2,-2.0516621952009153,0.9249535043213971
贾马尔·谢德,后卫,78,22.6,6.7,1.8,5.4,10.672566371681416,2.867256637168141,8.601769911504425,1.5929203539823007,0.3185840707964602,2.0707964601769917,48.8338192419825,0.5161290322580645,4.153846153846154,2,-3.813631568645482,0.24235033100590314
特伦登·沃特福德,前锋,52,16.5,6.6,3.3,2.5,14.4,7.2,5.454545454545454,0.6545454545454544,0.8727272727272728,2.6181818181818177,57.29166666666666,0.196078431372549,2.083333333333333,2,0.38860549526509935,1.0088387536091217
瑞安·内姆哈德,后卫,56,18.7,6.2,2.0,4.9,11.93582887700535,3.8502673796791447,9.433155080213904,0.770053475935829,0.0,2.695187165775401,48.28660436137071,0.3709677419354838,3.5000000000000004,2,-3.250138967135863,1.2277120955268972
罗布·迪林厄姆,后卫,61,14.1,5.6,1.8,2.2,14.297872340425531,4.595744680851063,5.617021276595745,1.7872340425531914,0.2553191489361702,3.574468085106383,45.10309278350515,0.3050847457627118,1.5714285714285716,2,-1.6902035995803506,1.317603530477289
泰勒·科莱克,后卫,62,11.7,4.4,1.6,2.7,13.53846153846154,4.923076923076923,8.307692307692308,1.2307692307692308,0.3076923076923077,2.769230769230769,53.24298160697,0.45,3.0,2,-2.350414588349095,1.2267428146778483
特雷·墨菲三世,前锋,66,35.5,21.5,5.7,3.8,21.80281690140845,5.780281690140845,3.8535211267605622,1.5211267605633805,0.4056338028169014,1.8253521126760563,61.33044272021908,0.5408805031446541,2.111111111111111,3,-0.5684083698416345,0.29782798486777506
狄龙·布鲁克斯,前锋,53,30.5,20.4,3.6,1.8,24.078688524590163,4.249180327868852,2.124590163934426,1.180327868852459,0.2360655737704918,2.124590163934426,54.3015332197615,0.3895348837209302,1.0,3,-0.2337473697429936,0.26384300018555296
萨迪克·贝,后卫,72,31.2,17.7,5.6,2.5,20.42307692307692,6.461538461538462,2.8846153846153846,1.0384615384615383,0.1153846153846153,1.0384615384615383,58.20836621941594,0.4253731343283582,2.7777777777777777,3,-0.6114213982225398,-0.568249431849134
迈尔斯·布里奇斯,前锋,74,31.2,17.4,5.8,3.2,20.07692307692308,6.692307692307692,3.692307692307693,0.6923076923076923,0.4615384615384615,1.6153846153846154,57.04169944925255,0.427536231884058,2.285714285714286,3,-0.2061366007905687,-0.01728769119036952
欧吉·阿奴诺比,前锋,64,33.4,16.9,5.3,2.2,18.21556886227545,5.712574850299401,2.37125748502994,1.7245508982035929,0.7544910179640719,2.0479041916167664,62.150632538982045,0.4958677685950413,1.1578947368421053,3,0.4623421906368815,-0.21295883506664884
格雷森·阿伦,后卫,49,29.2,16.8,3.0,3.9,20.71232876712329,3.6986301369863015,4.808219178082192,1.726027397260274,0.2465753424657534,1.9726027397260275,56.72609400324149,0.6791044776119403,2.4375,3,-2.0404807413319097,0.14636874414929313
德里克·怀特,后卫,74,34.3,16.7,4.5,5.5,17.527696793002914,4.723032069970846,5.772594752186589,1.154518950437318,1.3644314868804668,1.8892128279883385,52.8882695718267,0.5753424657534247,3.055555555555556,3,-1.3067641103262884,0.12564078988393398
维杰·埃奇库姆,后卫,71,34.8,16.1,5.5,4.1,16.655172413793107,5.689655172413794,4.241379310344827,1.4482758620689655,0.5172413793103449,1.862068965517241,54.55407969639469,0.4087591240875912,2.2777777777777777,3,-0.8319616563244736,-0.05599703299788356
小贾巴里·史密斯,前锋,74,35.0,15.7,6.9,1.9,16.148571428571426,7.097142857142857,1.954285714285714,0.8228571428571428,0.9257142857142856,1.44,57.11583236321304,0.4920634920634921,1.3571428571428572,3,0.832702007851118,-1.1141942476146798
安德鲁·威金斯,前锋,64,30.6,15.6,5.0,2.7,18.352941176470587,5.88235294117647,3.176470588235294,1.4117647058823528,1.2941176470588236,1.7647058823529411,58.59374999999999,0.3983739837398374,1.8,3,0.5446006090734367,-0.11627398094641751
杰登·麦克丹尼尔斯,前锋,71,31.9,14.8,4.2,2.7,16.702194357366775,4.739811912225706,3.047021943573668,1.2413793103448276,1.1285266457680252,2.031347962382445,61.66666666666667,0.3119266055045871,1.5,3,0.7728155888112753,0.007850641774624153
米卡尔·布里奇斯,后卫,78,33.3,14.7,3.9,3.8,15.891891891891891,4.216216216216217,4.108108108108108,1.4054054054054057,0.8648648648648649,1.1891891891891893,58.66858237547892,0.4416666666666666,3.454545454545454,3,-1.1022451132479973,-0.658135892397389
安芬尼·西蒙斯,后卫,55,24.9,14.3,2.5,2.4,20.674698795180728,3.614457831325301,3.469879518072289,0.7228915662650602,0.144578313253012,1.7349397590361446,57.58698453608248,0.5847457627118644,2.0,3,-1.1172922647339283,-0.3195497138414917
德文·瓦塞尔,后卫,63,30.5,14.0,4.0,2.5,16.524590163934427,4.721311475409836,2.950819672131148,0.9442622950819672,0.4721311475409836,1.062295081967213,57.47126436781609,0.5752212389380531,2.7777777777777777,3,-0.9666950447162529,-1.2802344890376396
博比·波蒂斯,前锋,67,24.2,13.7,6.4,1.6,20.3801652892562,9.520661157024794,2.3801652892561984,0.8925619834710743,0.2975206611570248,1.487603305785124,58.84879725085911,0.3928571428571429,1.6,3,0.8662050972958666,-0.20928412900122798
艾斯·贝利,后卫,70,27.6,13.6,4.1,1.8,17.739130434782606,5.3478260869565215,2.347826086956521,1.0434782608695652,0.9130434782608696,1.826086956521739,53.425518541797615,0.4508196721311475,1.2857142857142858,3,0.20745508429368903,-0.6292428648446602
里德·谢泼德,后卫,78,26.4,13.6,2.9,3.4,18.545454545454547,3.954545454545455,4.636363636363637,2.0454545454545454,0.9545454545454546,2.181818181818182,56.74232309746328,0.6086956521739131,2.125,3,-1.239730027345823,0.18988436498595448
小蒂姆·哈达威,后卫,77,26.7,13.6,2.6,1.3,18.337078651685392,3.5056179775280905,1.7528089887640452,0.6741573033707865,0.1348314606741573,0.6741573033707865,62.96296296296296,0.7113402061855671,2.6,3,-0.941232438521694,-1.8428322642905965
布兰丁·波杰姆斯基,后卫,78,28.5,13.5,5.3,3.8,17.05263157894737,6.694736842105263,4.8,1.3894736842105264,0.2526315789473684,2.0210526315789474,58.02957359009629,0.4807692307692307,2.375,3,-0.9013555660778705,0.254431597368033
昆汀·格兰姆斯,后卫,71,29.7,13.5,3.7,3.4,16.363636363636363,4.484848484848485,4.121212121212121,1.0909090909090908,0.4848484848484848,2.1818181818181817,58.6548488008342,0.504950495049505,1.8888888888888888,3,-0.686909628034029,-0.03445819299786502
托拜厄斯·哈里斯,前锋,60,27.9,13.2,5.1,2.6,17.032258064516128,6.580645161290323,3.35483870967742,1.1612903225806452,0.5161290322580645,1.2903225806451613,56.41025641025641,0.339622641509434,2.6,3,-0.2864748319532407,-0.49837446926599144
图马尼·卡马拉,前锋,78,33.2,13.2,5.2,2.4,14.313253012048191,5.63855421686747,2.6024096385542164,1.1927710843373494,0.4337349397590361,1.9518072289156625,57.65199161425577,0.6635514018691588,1.3333333333333333,3,-0.37547653670914877,-1.0537109482752787
杰伦·泰森,后卫,64,27.0,13.1,5.1,2.2,17.466666666666665,6.8,2.9333333333333336,1.0666666666666669,0.5333333333333333,2.0,61.19207772795217,0.45,1.4666666666666668,3,0.4754547862364658,-0.12814731535260376
凯尔登·约翰逊,前锋,78,23.2,13.0,5.3,1.4,20.17241379310345,8.224137931034482,2.1724137931034484,0.7758620689655172,0.1551724137931034,1.2413793103448276,62.09400076423386,0.3473684210526315,1.7499999999999998,3,0.8394441695699577,-0.396854284861931
科林·吉莱斯皮,后卫,77,28.8,12.9,4.1,4.8,16.125,5.125,5.999999999999999,1.4999999999999998,0.25,2.0,57.671673819742495,0.6822429906542057,3.0,3,-2.1380368477189857,0.07818633548100228
萨姆·梅里尔,后卫,50,26.4,12.7,2.6,2.4,17.31818181818182,3.545454545454546,3.2727272727272725,0.8181818181818181,0.1363636363636363,1.090909090909091,64.32333873581847,0.7741935483870968,3.0,3,-1.4928366064200038,-1.3194083064480442
杰伦·韦尔斯,前锋,69,26.4,12.5,3.2,1.6,17.045454545454547,4.363636363636364,2.181818181818182,1.2272727272727273,0.1363636363636363,1.5000000000000002,55.80357142857143,0.5247524752475248,1.4545454545454546,3,-0.657412728305931,-1.1043768143623776
丹特·迪文琴佐,后卫,78,30.8,12.3,4.2,3.9,14.376623376623376,4.909090909090909,4.558441558441559,1.5194805194805197,0.4675324675324675,1.7532467532467533,57.09246193835872,0.7745098039215688,2.6,3,-1.7685418294010857,-0.844148476706731
诺阿·克洛尼,前锋,66,27.0,12.3,4.1,1.6,16.400000000000002,5.466666666666667,2.1333333333333333,1.0666666666666669,0.9333333333333332,2.0,55.4253785147801,0.6145833333333334,1.0666666666666669,3,0.18560808023261335,-0.9069704405606261
马克斯·克里斯蒂,后卫,72,29.4,12.2,3.3,2.0,14.93877551020408,4.040816326530613,2.4489795918367347,0.7346938775510203,0.3673469387755101,1.5918367346938778,59.523809523809526,0.6105263157894737,1.5384615384615383,3,-0.3878051571431361,-1.2864083496106313
特雷·约翰逊,后卫,60,24.1,12.2,2.8,2.0,18.224066390041493,4.182572614107883,2.987551867219917,0.8962655601659749,0.4481327800829874,2.3900414937759336,53.228621291448505,0.5,1.25,3,-0.5688591925624602,-0.1352278135767512
摩西·穆迪,后卫,60,25.7,12.1,3.3,1.6,16.94941634241245,4.622568093385215,2.2412451361867705,1.4007782101167316,0.8404669260700388,1.4007782101167316,59.68823993685872,0.6774193548387096,1.6,3,-0.2129845793579526,-1.2858637628480105
卡梅隆·约翰逊,前锋,52,30.4,12.0,3.8,2.4,14.210526315789474,4.5,2.8421052631578947,0.9473684210526316,0.4736842105263158,0.9473684210526316,62.34413965087282,0.5517241379310345,3.0,3,-0.7252160649161479,-1.4914841594842738
邓肯·罗宾逊,前锋,74,27.6,12.0,2.7,2.1,15.652173913043477,3.5217391304347827,2.739130434782609,0.7826086956521738,0.3913043478260869,0.9130434782608696,62.39600665557404,0.7777777777777778,3.0000000000000004,3,-1.31715957925905,-1.8140618803709163
克莱·汤普森,后卫,66,21.8,11.8,2.1,1.4,19.486238532110093,3.467889908256881,2.311926605504587,0.8256880733944953,0.4954128440366971,1.4862385321100915,54.589193190229466,0.7238095238095238,1.5555555555555554,3,-0.9291340175072739,-1.2335181767353962
贾雷斯·沃克,前锋,73,25.6,11.5,5.1,2.4,16.171875,7.171874999999999,3.375,1.125,0.4218749999999999,2.53125,54.47139067828722,0.4842105263157894,1.3333333333333333,3,-0.132350653453845,0.07324083638490016
比拉尔·库利巴利,后卫,54,26.3,11.4,4.4,2.6,15.604562737642588,6.022813688212928,3.5589353612167303,1.9163498098859315,1.2319391634980987,2.053231939163498,52.46686303387335,0.3894736842105263,1.7333333333333334,3,-0.09298175170303173,-0.16193264724493142
朱利安·尚帕尼,前锋,78,27.7,11.3,5.8,1.5,14.68592057761733,7.537906137184115,1.9494584837545128,1.0397111913357402,0.5198555956678701,1.1696750902527075,61.09429065743945,0.7529411764705882,1.6666666666666663,3,0.15759868615493586,-1.7632737074221296
佩勒·拉尔松,后卫,67,26.3,11.3,3.5,3.4,15.467680608365018,4.7908745247148286,4.653992395437262,0.9581749049429658,0.2737642585551331,1.9163498098859315,60.41488451668092,0.3417721518987341,2.428571428571429,3,-0.6640510376507254,0.12352013301512126
桑德罗·马穆凯拉什维利,前锋,76,21.9,11.2,4.9,1.9,18.410958904109588,8.054794520547945,3.1232876712328763,1.315068493150685,0.8219178082191781,1.315068493150685,63.78132118451024,0.4683544303797468,2.375,3,0.5687697560182738,-0.357365289427745
八村塁,前锋,63,28.1,11.1,3.2,0.8,14.220640569395016,4.099644128113879,1.0249110320284698,0.6405693950177935,0.3843416370106761,0.7686832740213522,61.39380530973452,0.4534883720930233,1.3333333333333337,3,0.4967929707582511,-2.08692807855035
凯莱布·勒夫,后卫,47,21.5,10.8,2.4,2.6,18.08372093023256,4.01860465116279,4.353488372093024,1.0046511627906975,0.1674418604651162,2.176744186046512,49.81549815498156,0.5961538461538461,2.0,3,-1.8449251249620242,-0.17295355827494027
以赛亚·乔,后卫,69,21.2,10.8,2.6,1.3,18.33962264150944,4.415094339622642,2.207547169811321,1.1886792452830188,0.339622641509434,1.018867924528302,64.6861523718256,0.7894736842105263,2.166666666666667,3,-0.6998455680225004,-1.5223936056645428
塔里·伊森,前锋,56,25.8,10.4,6.3,1.5,14.511627906976743,8.790697674418604,2.093023255813953,1.6744186046511629,0.6976744186046512,1.9534883720930232,51.06048703849175,0.4536082474226804,1.0714285714285714,3,0.42457762767691526,-0.7911338828500996
叶戈尔·杰明,后卫,52,25.2,10.3,3.2,3.3,14.714285714285715,4.571428571428572,4.714285714285714,1.142857142857143,0.4285714285714285,2.4285714285714284,56.14914958569559,0.7209302325581396,1.9411764705882355,3,-1.4582044685144604,-0.2569000391431602
威尔·赖利,后卫,70,21.4,10.2,2.7,1.9,17.1588785046729,4.542056074766355,3.1962616822429903,1.177570093457944,0.1682242990654205,2.0186915887850465,56.94506476105404,0.4050632911392405,1.5833333333333333,3,-0.558808350808383,-0.2017529590568879
齐艾尔·威廉姆斯,前锋,56,22.9,10.2,2.4,1.1,16.034934497816593,3.77292576419214,1.7292576419213976,2.200873362445415,0.62882096069869,1.7292576419213976,57.954545454545446,0.5844155844155844,1.0,3,-0.3794588776354043,-1.1523888726505982
哈里森·巴恩斯,前锋,73,25.9,10.0,2.8,2.0,13.8996138996139,3.891891891891892,2.77992277992278,0.972972972972973,0.277992277992278,1.111969111969112,60.94588005850804,0.6266666666666667,2.5,3,-0.9903812559885556,-1.6205715915848133
特里斯坦·达席尔瓦,前锋,73,24.7,10.0,3.7,1.5,14.574898785425102,5.392712550607288,2.1862348178137654,1.311740890688259,0.437246963562753,1.311740890688259,57.95085767269356,0.5185185185185186,1.6666666666666663,3,-0.19944417362604952,-1.3797584391559266
凯文·赫尔特,后卫,66,22.4,9.9,3.5,2.5,15.910714285714288,5.625,4.017857142857143,1.2857142857142858,0.8035714285714286,1.6071428571428572,54.7566371681416,0.5465116279069768,2.5,3,-0.8641345860262961,-0.6039669116007138
艾杰·格林,后卫,74,28.7,9.8,2.6,1.9,12.292682926829269,3.261324041811847,2.3832752613240418,0.6271777003484321,0.1254355400696864,1.2543554006968642,61.61971830985916,0.8947368421052632,1.9,3,-1.099151312886868,-2.1740890146891214
乔丹·米勒,后卫,56,21.7,9.8,3.0,2.2,16.258064516129032,4.976958525345622,3.649769585253456,1.327188940092166,0.3317972350230415,1.824884792626728,62.21432199085831,0.2727272727272727,2.0,3,-0.06408837400480288,0.05179451669179332
罗伊斯·奥尼尔,前锋,75,28.7,9.8,4.8,2.7,12.292682926829269,6.020905923344947,3.3867595818815333,1.3797909407665503,0.5017421602787456,1.7560975609756098,58.89423076923077,0.8271604938271605,1.9285714285714288,3,-0.9497160126514096,-1.3891849587165437
奥利维耶-马克桑斯·普罗斯珀,前锋,52,18.5,9.7,3.5,1.0,18.87567567567568,6.8108108108108105,1.945945945945946,1.5567567567567568,0.5837837837837837,1.7513513513513512,64.94376004284949,0.4307692307692307,1.1111111111111112,3,1.0099073242122993,-0.2857024221665835
扎卡里·里萨谢,前锋,64,22.7,9.7,3.8,1.1,15.383259911894273,6.026431718061674,1.7444933920704846,1.4273127753303965,0.7929515418502203,1.4273127753303965,55.9271217712177,0.4814814814814815,1.2222222222222223,3,0.38139604886051587,-1.2777762517833713
阿隆·威金斯,后卫,61,21.9,9.6,3.1,1.7,15.780821917808218,5.095890410958905,2.794520547945205,1.479452054794521,0.6575342465753425,2.136986301369864,54.02971634398919,0.5,1.3076923076923077,3,-0.3511053062847468,-0.5237495740933596
兰德里·沙梅特,后卫,48,23.0,9.6,1.9,1.4,15.026086956521738,2.973913043478261,2.1913043478260867,0.9391304347826086,0.3130434782608696,0.9391304347826086,60.30150753768844,0.726027397260274,2.333333333333333,3,-1.1512598944202133,-2.0126408863063734
马库斯·斯马特,后卫,60,28.8,9.5,2.8,2.8,11.875,3.5,3.5,1.75,0.5,1.875,55.07884972170686,0.6233766233766234,1.8666666666666665,3,-1.3951239263523225,-1.1646765132956032
斯维·米哈伊柳克,后卫,50,23.1,9.4,2.5,1.9,14.64935064935065,3.896103896103896,2.9610389610389607,0.7792207792207791,0.1558441558441558,1.2467532467532467,62.968917470525184,0.6666666666666666,2.375,3,-0.9441936787338335,-1.4348521154730096
艾萨克·奥科罗,前锋,62,27.1,9.2,2.7,1.6,12.22140221402214,3.5867158671586714,2.125461254612546,0.9298892988929888,0.6642066420664207,0.9298892988929888,56.84626791893227,0.4794520547945206,2.285714285714286,3,-0.4901091110405173,-1.980970858316038
杰登·哈迪,后卫,56,15.8,9.2,1.5,1.0,20.96202531645569,3.4177215189873418,2.278481012658228,0.6835443037974682,0.2278481012658227,2.5063291139240507,56.289769946157605,0.6052631578947368,0.9090909090909092,3,-0.5285916778950095,-0.10826051301651633
科里·基斯珀特,前锋,55,18.8,9.1,2.3,1.6,17.425531914893615,4.404255319148936,3.0638297872340425,0.5744680851063829,0.3829787234042553,1.5319148936170213,59.83692793266702,0.5942028985507245,2.0,3,-0.5270423554371455,-0.8564679841016084
萨姆·豪瑟,前锋,75,24.8,9.1,3.8,1.4,13.209677419354836,5.516129032258064,2.032258064516129,0.7258064516129032,0.4354838709677419,0.7258064516129032,58.0949948927477,0.8311688311688312,2.8,3,-1.0511930522165898,-2.4867539671816514
丹尼·沃尔夫,前锋,57,20.8,8.9,4.9,2.2,15.403846153846157,8.48076923076923,3.807692307692308,0.8653846153846153,1.0384615384615383,2.25,52.13214620431116,0.4805194805194805,1.6923076923076923,3,0.30303123923019565,-0.09550826900229882
赫伯特·琼斯,前锋,56,28.4,8.9,3.4,2.8,11.281690140845072,4.309859154929577,3.5492957746478875,2.028169014084507,0.6338028169014085,1.6478873239436622,49.53250222617987,0.5411764705882353,2.1538461538461537,3,-1.5758537737295542,-1.3066530786595596
乔丹·克拉克森,后卫,68,18.0,8.8,1.8,1.3,17.6,3.6,2.6,0.8,0.2,1.7999999999999998,55.19317611640743,0.4189189189189189,1.4444444444444444,3,-0.5368449513420371,-0.6196598262873956
卡森·华莱士,后卫,75,26.7,8.7,3.1,2.6,11.730337078651685,4.179775280898877,3.5056179775280905,2.696629213483146,0.5393258426966292,1.2134831460674158,53.7302371541502,0.4805194805194805,2.888888888888889,3,-1.7943869241796242,-1.3387499078027822
乔丹·古德温,后卫,68,22.6,8.7,4.9,2.2,13.858407079646016,7.805309734513274,3.504424778761062,2.389380530973451,0.3185840707964602,1.5929203539823007,52.08333333333333,0.5375,2.2,3,-1.139495602035895,-0.8381517711821945
维特·克雷伊奇,后卫,64,21.7,8.6,2.3,1.6,14.267281105990785,3.815668202764977,2.654377880184332,1.1612903225806452,0.4976958525345621,0.9953917050691244,60.97560975609756,0.7611940298507462,2.666666666666667,3,-1.1947713621841156,-1.8932670963586697
科迪·威廉姆斯,前锋,64,23.8,8.5,2.9,1.9,12.857142857142856,4.386554621848739,2.8739495798319323,1.2100840336134453,0.6050420168067226,1.512605042016807,53.472571716155,0.25,1.9,3,-0.25402999470683557,-0.9402678833061592
吕冈茨·多尔特,后卫,65,27.2,8.5,3.7,1.2,11.25,4.897058823529412,1.588235294117647,1.0588235294117647,0.5294117647058824,1.0588235294117647,52.49505928853755,0.7012987012987013,1.4999999999999998,3,-0.6455950812061525,-2.5426430626479526
肯塔维厄斯·考德威尔-波普,后卫,51,21.3,8.4,2.5,2.7,14.19718309859155,4.225352112676056,4.563380281690141,1.352112676056338,0.3380281690140845,2.0281690140845066,53.13765182186236,0.4722222222222222,2.2500000000000004,3,-1.4816289060996652,-0.31826246139996656
杰克·拉拉维亚,前锋,77,24.9,8.3,3.9,1.8,12.000000000000002,5.638554216867471,2.602409638554217,1.7349397590361446,0.7228915662650602,1.4457831325301205,57.70300333704116,0.46875,1.8,3,-0.13871366439442628,-1.3071667470575568
西蒙尼·丰泰基奥,前锋,69,16.6,8.3,3.0,1.4,18.0,6.506024096385541,3.036144578313253,1.0843373493975903,0.216867469879518,1.5180722891566265,56.724986331328594,0.6865671641791045,2.0,3,-0.8179383507064237,-0.8942654391914104
布鲁克·洛佩兹,中锋,71,21.4,8.2,3.4,1.3,13.794392523364486,5.719626168224299,2.186915887850468,1.0093457943925233,2.0186915887850465,1.3457943925233646,55.107526881720425,0.5857142857142856,1.625,3,0.9121948628974087,-1.58363294518711
小加里·特伦特,后卫,64,21.2,8.2,1.0,1.2,13.924528301886792,1.69811320754717,2.037735849056604,0.8490566037735849,0.0,1.018867924528302,54.29025423728813,0.7222222222222222,2.0,3,-1.6393416211658332,-2.2802405988382755
贾里德·麦凯恩,后卫,63,17.3,8.2,2.1,1.3,17.0635838150289,4.369942196531793,2.7052023121387285,1.0404624277456649,0.2080924855491329,1.6647398843930636,54.69583778014942,0.5352112676056338,1.625,3,-0.818435092701599,-0.8876291762558364
尼克·克利福德,后卫,72,24.6,8.2,3.7,2.3,11.999999999999998,5.414634146341464,3.365853658536585,1.3170731707317072,0.4390243902439024,2.195121951219512,50.097751710654926,0.4025974025974026,1.5333333333333332,3,-0.7097877651015405,-0.6554754808514965
卢克·肯纳德,后卫,73,21.2,8.1,2.2,1.9,13.754716981132074,3.7358490566037736,3.226415094339622,1.018867924528302,0.169811320754717,1.1886792452830188,70.95304835318849,0.5925925925925926,2.7142857142857144,3,-0.5779026104042533,-1.180160928628594
罗纳德·霍兰二世,前锋,74,19.8,8.1,4.1,1.2,14.727272727272725,7.454545454545454,2.1818181818181817,2.1818181818181817,0.5454545454545454,2.1818181818181817,52.05655526992288,0.3623188405797101,1.0,3,0.13868809712587893,-0.4261855555859765
布鲁斯·布朗,后卫,78,24.3,7.8,3.8,2.0,11.555555555555555,5.629629629629629,2.962962962962963,1.4814814814814814,0.2962962962962963,1.6296296296296295,56.03448275862068,0.2857142857142857,1.818181818181818,3,-0.24653571918029507,-0.892975275238361
昆滕·波斯特,中锋,67,17.3,7.7,4.0,1.4,16.023121387283236,8.323699421965317,2.913294797687861,0.8323699421965318,1.0404624277456649,1.6647398843930636,56.08974358974359,0.6212121212121212,1.7499999999999998,3,0.4552365280175293,-0.858029178830374
克里斯·邓恩,后卫,78,27.3,7.5,3.3,3.6,9.89010989010989,4.351648351648351,4.747252747252747,2.10989010989011,0.2637362637362637,1.7142857142857144,59.14826498422712,0.4406779661016949,2.769230769230769,3,-1.5719606958271652,-0.6922710007486658
卡里斯·勒韦尔,后卫,57,19.4,7.4,2.0,2.7,13.7319587628866,3.711340206185567,5.010309278350516,1.4845360824742269,1.2989690721649485,2.597938144329897,51.58951477969883,0.4696969696969697,1.9285714285714288,3,-0.9185482156490562,0.15218296206880727
杰林·威廉姆斯,前锋,63,19.8,7.4,5.5,2.4,13.454545454545457,10.0,4.363636363636363,0.9090909090909092,1.2727272727272727,2.0,60.06493506493506,0.7272727272727273,2.1818181818181817,3,0.49125581282021785,-0.4697881372007602
约什·米诺特,前锋,49,17.0,7.4,3.2,0.9,15.67058823529412,6.776470588235294,1.9058823529411764,1.9058823529411764,1.0588235294117647,1.9058823529411764,65.74271499644634,0.607843137254902,1.0,3,1.0269150079793938,-0.7443633630358082
贾科比·沃尔特,后卫,68,20.1,7.3,2.5,1.2,13.07462686567164,4.477611940298507,2.149253731343283,1.7910447761194028,0.3582089552238806,0.8955223880597014,60.55076310550762,0.6545454545454545,2.4,3,-0.9918572250547354,-1.997502851789275
尼古拉·约维奇,前锋,47,17.2,7.3,3.3,2.2,15.27906976744186,6.906976744186046,4.604651162790698,1.255813953488372,0.8372093023255814,2.9302325581395348,47.87513116474291,0.5373134328358209,1.5714285714285716,3,-0.790353144139389,0.38774794718056743
泰勒·亨德里克斯,前锋,58,18.9,7.3,3.7,0.9,13.904761904761909,7.047619047619049,1.7142857142857144,1.523809523809524,0.9523809523809524,1.523809523809524,55.912990196078425,0.5166666666666667,1.125,3,0.6356259438353392,-1.3670161527127118
巴迪·希尔德,后卫,50,16.0,7.2,2.3,1.4,16.2,5.175,3.15,1.8,0.45,2.025,55.316533497234175,0.6451612903225806,1.5555555555555554,3,-0.9660388788258752,-0.6441450921433572
何塞·阿尔瓦拉多,后卫,67,19.7,7.2,2.4,3.4,13.157360406091373,4.385786802030457,6.213197969543147,1.8274111675126905,0.182741116751269,2.01015228426396,54.02160864345738,0.6406249999999999,3.0909090909090904,3,-2.681031047568887,-0.19185202412780514
乌斯曼·吉昂,前锋,53,18.2,7.2,2.9,2.1,14.24175824175824,5.736263736263736,4.153846153846154,0.7912087912087913,0.5934065934065934,1.978021978021978,52.11349160393747,0.4696969696969697,2.1,3,-0.7412055261458865,-0.45128957190142815
特伦斯·曼,后卫,63,24.3,7.2,3.2,3.0,10.666666666666666,4.7407407407407405,4.444444444444445,1.037037037037037,0.2962962962962963,1.6296296296296295,56.49717514124294,0.4137931034482758,2.727272727272727,3,-1.1748770343311448,-0.8396855531639573
本·谢泼德,后卫,65,21.4,7.1,3.0,1.8,11.94392523364486,5.046728971962617,3.02803738317757,1.0093457943925233,0.1682242990654205,1.0093457943925233,55.88790931989925,0.6,3.0,3,-1.4495564994201435,-1.8316249148367956
科比·桑德斯,后卫,64,19.8,7.1,2.2,1.6,12.909090909090908,4.0,2.909090909090909,1.2727272727272727,0.1818181818181818,2.1818181818181817,58.774834437086085,0.5,1.3333333333333337,3,-0.5866877415340224,-0.7324608667903472
贾文特·格林,后卫,78,17.6,6.8,2.7,0.7,13.909090909090908,5.5227272727272725,1.4318181818181817,2.454545454545454,0.6136363636363635,1.227272727272727,60.070671378091866,0.6,1.1666666666666667,3,-0.03874753911294714,-1.7121673810118982
基翁·埃利斯,后卫,69,20.4,6.6,1.9,0.9,11.647058823529411,3.352941176470588,1.5882352941176472,2.117647058823529,1.2352941176470589,1.0588235294117647,57.93539325842697,0.6603773584905661,1.5,3,-0.2663781488982785,-2.285238225343444
帕特里克·威廉姆斯,前锋,68,19.7,6.6,2.8,1.3,12.060913705583756,5.116751269035533,2.375634517766498,1.0964467005076142,0.5482233502538071,1.8274111675126905,48.24561403508771,0.5625,1.3,3,-0.7196249697771877,-1.5251282214693918
威尔·理查德,后卫,67,20.2,6.6,2.5,1.4,11.762376237623762,4.455445544554456,2.495049504950495,2.1386138613861383,0.1782178217821782,1.425742574257426,60.52824651504035,0.607843137254902,1.7499999999999998,3,-0.947728507798552,-1.570934792783215
德雷克·鲍威尔,后卫,60,20.6,6.5,1.7,1.5,11.359223300970871,2.9708737864077666,2.6213592233009706,1.048543689320388,0.3495145631067961,1.5728155339805825,54.82456140350877,0.5185185185185185,1.6666666666666663,3,-0.9313864644464939,-1.61010627260846
杰文·卡特,后卫,49,16.3,6.5,1.7,1.6,14.355828220858896,3.7546012269938647,3.533742331288344,1.5460122699386505,0.4417177914110429,1.5460122699386505,52.623056994818654,0.7000000000000001,2.285714285714286,3,-1.8175451304576629,-1.315031763026406
朱利安·斯特劳瑟,后卫,53,14.3,6.5,1.9,1.0,16.363636363636363,4.783216783216783,2.517482517482517,1.0069930069930069,0.2517482517482517,1.5104895104895102,57.746979388770434,0.4901960784313726,1.6666666666666667,3,-0.38754261990251887,-0.9694832480456719
肯里奇·威廉姆斯,后卫,52,14.9,6.4,3.1,1.3,15.463087248322148,7.489932885906041,3.1409395973154366,1.4496644295302012,0.2416107382550335,1.9328859060402688,59.92509363295879,0.4489795918367347,1.625,3,0.05221221893002315,-0.30037544896554924
亚历克斯·卡鲁索,后卫,54,18.5,6.3,2.8,2.0,12.25945945945946,5.448648648648648,3.891891891891892,2.52972972972973,0.5837837837837837,1.7513513513513512,54.34782608695652,0.611111111111111,2.2222222222222223,3,-1.4823363915785694,-0.9444271917290578
卡斯帕拉斯·亚库乔尼斯,后卫,49,17.8,6.2,2.6,2.6,12.53932584269663,5.258426966292135,5.258426966292135,1.2134831460674156,0.2022471910112359,2.02247191011236,60.45241809672387,0.6521739130434783,2.6,3,-1.505490024161139,-0.39483584152673984
格雷迪·迪克,后卫,72,14.5,6.1,2.0,0.7,15.144827586206896,4.965517241379311,1.7379310344827583,1.489655172413793,0.2482758620689655,1.489655172413793,53.24720670391061,0.5,1.1666666666666667,3,-0.4532930694972669,-1.4040725772117322
杰伦·威尔逊,前锋,50,14.8,6.1,1.9,0.7,14.837837837837837,4.621621621621621,1.7027027027027026,0.9729729729729728,0.0,1.4594594594594592,55.41424418604651,0.5833333333333334,1.1666666666666667,3,-0.5524588056109239,-1.6173453614290243
贾斯廷·爱德华兹,前锋,60,15.3,6.0,1.5,1.3,14.117647058823527,3.5294117647058822,3.058823529411765,1.8823529411764703,0.4705882352941176,1.4117647058823528,57.6036866359447,0.5714285714285714,2.166666666666667,3,-1.2199754744488622,-1.2363194601893615
迪恩·韦德,前锋,57,22.4,5.8,4.2,1.5,9.321428571428571,6.750000000000001,2.410714285714286,1.2857142857142858,0.6428571428571429,0.4821428571428571,56.77368833202819,0.7083333333333334,5.0,3,-1.689101538554221,-2.425480719835818
克里斯·默里,前锋,53,23.6,5.8,3.7,1.4,8.847457627118644,5.6440677966101696,2.1355932203389827,1.3728813559322033,0.6101694915254237,1.220338983050847,53.30882352941176,0.44,1.7499999999999998,3,-0.23151531437077977,-2.0187136695753516
瑞安·邓恩,前锋,66,19.3,5.8,4.2,1.4,10.818652849740932,7.83419689119171,2.61139896373057,1.6787564766839378,0.7461139896373057,1.4922279792746114,53.07467057101024,0.4615384615384615,1.7499999999999998,3,0.018412678096448108,-1.3878729118249806
特雷·曼,后卫,51,13.0,5.7,1.8,1.7,15.784615384615384,4.984615384615385,4.707692307692307,1.3846153846153846,0.2769230769230769,2.769230769230769,47.34219269102991,0.5172413793103449,1.7,3,-1.6871110108685334,0.2745796144238692
德鲁·史密斯,后卫,70,16.3,5.6,2.5,2.6,12.368098159509202,5.521472392638037,5.742331288343559,3.0920245398773005,0.6625766871165644,1.7668711656441718,53.2319391634981,0.391304347826087,3.25,3,-1.9150330706866288,-0.06367596450496761
科比·布朗,后卫,58,15.3,5.6,2.9,1.3,13.176470588235292,6.823529411764705,3.058823529411765,0.7058823529411764,0.4705882352941176,1.8823529411764703,59.0717299578059,0.5116279069767442,1.625,3,0.1912322024526294,-0.8070752799729333
盖尔雄·亚布塞莱,前锋,65,14.8,5.5,3.4,0.9,13.378378378378375,8.27027027027027,2.189189189189189,0.9729729729729728,0.4864864864864864,1.4594594594594592,54.09126671911881,0.6304347826086957,1.5,3,0.06755774456376817,-1.553920453287149
杰特·霍华德,后卫,55,12.6,5.5,1.6,0.8,15.714285714285715,4.571428571428572,2.285714285714286,0.5714285714285715,0.5714285714285715,0.8571428571428571,56.03096984515078,0.5652173913043479,2.666666666666667,3,-0.6894925969497803,-1.7498900705557876
纳奎恩·汤姆林,前锋,61,15.2,5.5,2.7,0.7,13.026315789473683,6.394736842105264,1.6578947368421053,1.4210526315789471,1.1842105263157896,0.9473684210526316,53.96389324960753,0.3617021276595744,1.7499999999999998,3,0.6480217578510941,-1.722902507507369
斯潘塞·琼斯,前锋,64,22.1,5.5,3.3,0.8,8.959276018099548,5.375565610859728,1.3031674208144797,1.3031674208144797,0.8144796380090498,0.8144796380090498,61.76999101527404,0.5609756097560976,1.6,3,0.485181740173587,-2.561247099180253
阿隆·霍勒迪,后卫,53,13.6,5.4,1.0,1.1,14.294117647058824,2.647058823529412,2.9117647058823533,1.0588235294117647,0.2647058823529412,1.8529411764705883,56.15640599001664,0.6666666666666666,1.5714285714285716,3,-1.2729673444292608,-1.237125779915821
赛昂·詹姆斯,后卫,79,22.6,5.4,3.5,2.0,8.601769911504425,5.575221238938052,3.1858407079646014,0.9557522123893804,0.4778761061946902,1.2743362831858407,53.69928400954653,0.6222222222222222,2.5,3,-1.0861397253703313,-2.0208732063847163
西迪·西索科,后卫,71,19.9,5.3,2.3,1.5,9.587939698492464,4.160804020100502,2.71356783919598,1.2663316582914574,0.7236180904522613,1.809045226130653,50.68859984697781,0.5957446808510638,1.5,3,-0.8674781951130455,-1.7301228875160628
乔丹·沃尔什,后卫,64,17.5,5.2,4.0,0.8,10.697142857142858,8.228571428571428,1.6457142857142857,1.44,1.0285714285714285,1.0285714285714285,62.6204238921002,0.4736842105263158,1.6,3,1.276809582336179,-1.816331538619622
奥柴·阿巴吉,后卫,62,15.7,5.1,2.3,0.8,11.694267515923569,5.273885350318471,1.8343949044585988,0.9171974522292994,0.6878980891719745,1.1464968152866242,53.036605657237935,0.4666666666666667,1.6,3,-0.022089653262596147,-1.9631642351377885
贝勒·谢尔曼,后卫,73,18.2,5.0,3.5,1.5,9.89010989010989,6.923076923076923,2.967032967032967,0.989010989010989,0.1978021978021978,1.1868131868131868,59.073724007561445,0.7073170731707318,2.5,3,-0.8336684272277066,-1.9648079494687594
杰伦·皮克特,后卫,47,15.8,4.9,2.3,2.2,11.164556962025316,5.240506329113924,5.012658227848101,0.6835443037974682,0.2278481012658227,1.3670886075949364,54.06001765225067,0.5454545454545454,3.666666666666667,3,-1.9728492621325662,-1.0711736972429022
拉扬·鲁珀特,后卫,62,16.0,4.8,2.6,1.0,10.8,5.8500000000000005,2.25,1.8,0.225,1.575,50.5050505050505,0.4318181818181817,1.4285714285714286,3,-0.6953042892323884,-1.5366509243776847
泰瑞斯·普罗克特,后卫,47,10.1,4.8,1.1,1.3,17.108910891089106,3.920792079207921,4.633663366336634,1.425742574257426,0.0,2.1386138613861383,53.908355795148246,0.5853658536585367,2.166666666666667,3,-1.9667618466300527,-0.09179193234559639
约什·奥科吉,后卫,74,17.2,4.6,2.4,0.8,9.627906976744184,5.023255813953488,1.6744186046511629,1.6744186046511629,0.4186046511627907,1.0465116279069768,56.15234375,0.5405405405405405,1.6,3,-0.4272964185623845,-2.303049766307014
贾里德·范德比尔特,前锋,60,17.5,4.5,4.5,1.2,9.257142857142858,9.257142857142858,2.4685714285714284,1.8514285714285716,0.6171428571428571,1.6457142857142857,54.931640625,0.4054054054054054,1.4999999999999998,3,0.47863006912174594,-1.2707658634230716
杰斯·理查德森,后卫,51,11.2,4.5,1.2,1.1,14.464285714285715,3.857142857142857,3.535714285714286,0.9642857142857144,0.0,1.6071428571428572,57.75154004106776,0.4285714285714285,2.2,3,-1.0695721907449545,-0.7634072651250043
穆罕默德·盖耶,前锋,74,15.4,4.5,3.6,0.9,10.51948051948052,8.415584415584416,2.103896103896104,1.87012987012987,1.1688311688311688,0.935064935064935,54.190751445086704,0.4473684210526316,2.25,3,0.3830631739836748,-1.8566760503958346
盖布·文森特,后卫,50,16.8,4.4,1.0,1.4,9.428571428571429,2.142857142857143,3.0,1.0714285714285714,0.2142857142857142,1.0714285714285714,50.27422303473492,0.7857142857142856,2.8,3,-2.4981059954450555,-2.594214369230268
约什·格林,后卫,55,16.0,4.4,1.8,0.9,9.9,4.05,2.025,1.35,0.225,1.35,64.32748538011695,0.7499999999999999,1.5,3,-0.5423448952646006,-2.182033345606842
迈克·康利,后卫,52,18.2,4.4,1.7,2.9,8.703296703296704,3.3626373626373627,5.736263736263736,1.1868131868131868,0.5934065934065934,1.1868131868131868,49.549549549549546,0.775,4.833333333333333,3,-3.507108996710155,-1.7437189981184409
小克雷格·波特,后卫,61,17.7,4.3,3.3,3.1,8.745762711864407,6.711864406779661,6.305084745762713,1.8305084745762712,1.220338983050847,1.8305084745762712,50.42213883677298,0.375,3.4444444444444446,3,-1.3558405335733343,-0.2778530065177979
贾巴里·沃克,前锋,62,12.1,4.3,3.0,0.5,12.793388429752063,8.925619834710744,1.487603305785124,1.1900826446280992,0.5950413223140496,1.1900826446280992,55.989583333333336,0.4411764705882353,1.25,3,0.9506846666467474,-1.6209679304168287
约翰·康查尔,后卫,53,19.1,4.2,4.0,1.8,7.916230366492146,7.539267015706805,3.3926701570680624,2.638743455497382,1.1308900523560208,1.1308900523560208,55.97014925373135,0.5,3.0,3,-0.6409541317815565,-1.576238684305851
乔丹·霍金斯,后卫,48,12.8,4.2,1.5,0.7,11.8125,4.21875,1.96875,0.5625,0.5625,1.6874999999999998,46.91689008042896,0.5813953488372093,1.1666666666666667,3,-0.6759937358556249,-1.9152870063414926
拉希尔·弗莱明,前锋,51,11.7,4.2,2.3,0.2,12.923076923076923,7.0769230769230775,0.6153846153846154,1.2307692307692308,1.2307692307692308,1.2307692307692308,51.67322834645669,0.6052631578947368,0.5,3,0.8695592571724559,-2.150020130261431
诺阿·彭达,前锋,56,13.2,4.1,3.3,1.2,11.181818181818182,9.0,3.2727272727272725,1.3636363636363638,0.8181818181818181,2.181818181818182,51.301301301301294,0.4444444444444445,1.4999999999999998,3,0.2567087595256356,-0.6365354021525264
道尔顿·克内克特,前锋,50,10.3,4.0,1.4,0.3,13.980582524271844,4.893203883495145,1.048543689320388,0.6990291262135923,0.6990291262135923,1.3980582524271843,54.4069640914037,0.5714285714285714,0.7499999999999999,3,0.41458697543412465,-1.9402330501150769
尼古拉斯·巴图姆,前锋,71,17.8,4.0,2.5,0.9,8.089887640449438,5.056179775280898,1.8202247191011236,1.4157303370786516,0.6067415730337078,1.0112359550561798,59.0318772136954,0.9393939393939394,1.8,3,-0.661236366387492,-2.8096167158251206
凯莱布·马丁,前锋,58,14.8,3.9,2.5,1.4,9.486486486486486,6.081081081081081,3.4054054054054053,1.7027027027027026,0.7297297297297296,1.7027027027027026,51.53276955602537,0.303030303030303,2.0,3,-0.39783888159583025,-1.0121923351430315
杰伦·克拉克,后卫,64,12.4,3.9,1.8,0.6,11.32258064516129,5.225806451612903,1.7419354838709675,1.7419354838709675,0.2903225806451613,0.8709677419354838,53.57142857142857,0.4374999999999999,2.0,3,-0.6809030526351845,-2.104362572708901
雨果·冈萨雷斯,后卫,73,14.5,3.8,3.3,0.5,9.434482758620687,8.193103448275862,1.2413793103448276,1.2413793103448276,0.7448275862068965,1.2413793103448276,54.66052934407365,0.4545454545454546,1.0,3,0.9607619857227978,-2.086610221121061
迈卡·皮维,后卫,58,13.8,3.8,1.8,0.9,9.913043478260867,4.695652173913043,2.347826086956521,1.826086956521739,0.2608695652173913,0.7826086956521738,43.41864716636197,0.4047619047619047,3.0,3,-1.7976958000746717,-2.227789415742351
卡特·布莱恩特,前锋,67,10.8,3.7,2.4,0.5,12.333333333333334,7.999999999999999,1.6666666666666663,0.6666666666666666,1.0,1.3333333333333333,49.149840595111584,0.5714285714285714,1.25,3,0.5289085451567259,-1.9500802798529817
达伦·特里,前锋,47,11.6,3.7,1.8,1.4,11.482758620689657,5.586206896551724,4.344827586206897,1.862068965517241,0.9310344827586208,1.862068965517241,51.90796857463524,0.4242424242424242,2.333333333333333,3,-0.9153978633163526,-0.6164078331856157
泰厄斯·琼斯,后卫,65,14.4,2.8,1.0,2.3,7.0,2.5,5.75,1.4999999999999998,0.0,0.7499999999999999,43.15659679408137,0.625,7.666666666666666,3,-4.0604855708919745,-1.948584935116948
