球队,联盟排名,胜率,交叉验证预测胜率,预测误差,绝对误差
波特兰开拓者,24,0.513,0.34434767199016453,-0.16865232800983548,0.16865232800983548
洛杉矶湖人,18,0.641,0.4983263233430215,-0.1426736766569785,0.1426736766569785
新奥尔良鹈鹕,28,0.316,0.45586976486560726,0.13986976486560726,0.13986976486560726
菲尼克斯太阳,22,0.551,0.4297856814700901,-0.12121431852990994,0.12121431852990994
奥兰多魔术,9,0.538,0.43861503083065906,-0.09938496916934098,0.09938496916934098
多伦多猛龙,7,0.551,0.4572505986874234,-0.09374940131257664,0.09374940131257664
洛杉矶快船,23,0.513,0.6057426881813058,0.09274268818130582,0.09274268818130582
丹佛掘金,19,0.641,0.7324556776750886,0.09145567767508855,0.09145567767508855
明尼苏达森林狼,21,0.59,0.6731070698089265,0.08310706980892657,0.08310706980892657
犹他爵士,30,0.266,0.3449976714561451,0.07899767145614511,0.07899767145614511
芝加哥公牛,12,0.372,0.45076097167701173,0.07876097167701174,0.07876097167701174
迈阿密热火,10,0.526,0.5955237315422713,0.06952373154227132,0.06952373154227132
夏洛特黄蜂,8,0.544,0.478720575526437,-0.06527942447356305,0.06527942447356305
印第安纳步行者,14,0.231,0.28848947768267275,0.057489477682672735,0.057489477682672735
波士顿凯尔特人,2,0.679,0.7362316330193138,0.05723163301931378,0.05723163301931378
底特律活塞,1,0.731,0.678773876385596,-0.05222612361440393,0.05222612361440393
费城76人,6,0.551,0.5008675498507302,-0.050132450149269814,0.050132450149269814
萨克拉门托国王,29,0.266,0.21841611668765648,-0.04758388331234353,0.04758388331234353
金州勇士,25,0.462,0.5069338270913115,0.044933827091311496,0.044933827091311496
休斯顿火箭,20,0.628,0.5842995540142403,-0.04370044598575973,0.04370044598575973
亚特兰大老鹰,5,0.577,0.5362979877379851,-0.040702012262014864,0.040702012262014864
达拉斯独行侠,27,0.321,0.3544403560339529,0.0334403560339529,0.0334403560339529
圣安东尼奥马刺,17,0.756,0.7321451930829959,-0.023854806917004145,0.023854806917004145
布鲁克林篮网,13,0.244,0.25946112922021347,0.015461129220213476,0.015461129220213476
孟菲斯灰熊,26,0.321,0.3336622638861351,0.012662263886135117,0.012662263886135117
华盛顿奇才,15,0.218,0.22187445319140636,0.003874453191406363,0.003874453191406363
纽约尼克斯,3,0.641,0.638564747590565,-0.0024352524094349848,0.0024352524094349848
克利夫兰骑士,4,0.628,0.6258403582991029,-0.002159641700897108,0.002159641700897108
密尔沃基雄鹿,11,0.397,0.39823878493718423,0.001238784937184212,0.001238784937184212
俄克拉荷马城雷霆,16,0.795,0.7957247220227652,0.0007247220227651896,0.0007247220227651896
