球队,联盟排名,胜率,是否Top10,Top10预测概率,预测类别
俄克拉荷马城雷霆,16,0.795,0,0.9748613683547164,1
丹佛掘金,19,0.641,0,0.9425623881534055,1
迈阿密热火,10,0.526,1,0.9291550616662675,1
圣安东尼奥马刺,17,0.756,0,0.9156715967153771,1
亚特兰大老鹰,5,0.577,1,0.8553011727507923,1
波士顿凯尔特人,2,0.679,1,0.6217298612715139,1
休斯顿火箭,20,0.628,0,0.5783261016374387,1
犹他爵士,30,0.266,0,0.5569415790158936,1
菲尼克斯太阳,22,0.551,0,0.5508230713767494,1
芝加哥公牛,12,0.372,0,0.5019291585049629,1
多伦多猛龙,7,0.551,1,0.4067564521544051,0
克利夫兰骑士,4,0.628,1,0.39768303032452157,0
金州勇士,25,0.462,0,0.38988254105384623,0
新奥尔良鹈鹕,28,0.316,0,0.36679647516310715,0
孟菲斯灰熊,26,0.321,0,0.3427286752445117,0
底特律活塞,1,0.731,1,0.3066883137298088,0
纽约尼克斯,3,0.641,1,0.29631868307593906,0
印第安纳步行者,14,0.231,0,0.287513687476317,0
费城76人,6,0.551,1,0.25866963415936556,0
萨克拉门托国王,29,0.266,0,0.2434757221718426,0
明尼苏达森林狼,21,0.59,0,0.1265336901902639,0
达拉斯独行侠,27,0.321,0,0.11973676431611859,0
奥兰多魔术,9,0.538,1,0.08346992739924039,0
波特兰开拓者,24,0.513,0,0.07404036950372718,0
华盛顿奇才,15,0.218,0,0.06644756877462824,0
洛杉矶快船,23,0.513,0,0.01341888050946127,0
夏洛特黄蜂,8,0.544,1,0.011246291634647495,0
洛杉矶湖人,18,0.641,0,0.008267325318367599,0
布鲁克林篮网,13,0.244,0,0.006312686899386015,0
密尔沃基雄鹿,11,0.397,0,0.00039479661597949543,0
