指标,PC1,PC2,PC3,PC4,PC5,PC6,PC7,PC8,PC9,PC10
场均得分,0.45995414633931553,0.15863241028268832,0.20425596046054334,0.18890973488778082,0.1515778284860541,0.1187535468200949,-0.11723730055401667,-0.4667634735946993,0.6457206797312086,-0.014979727211422385
投篮命中率(%),0.3695240070584813,0.16735049347143677,-0.37128533434389627,-0.201007841485716,0.3249889779759484,0.39284119381726423,0.11001362425867921,-0.35197998855132717,-0.5111244572565798,-0.0023892823449512216
三分命中率(%),0.31583814508208985,-0.3030543780790316,-0.3505095883638945,0.18875096473772468,0.4571801498816952,0.07542920909686682,-0.09783482792114968,0.6167849684635336,0.21230461594063246,0.0121883533070206
场均篮板,0.2400204822786518,0.2609928091834499,0.1624029044411417,0.6507219650842999,-0.1963132406111595,-0.0065225865686093926,-0.4393693542300446,0.120490592266058,-0.4222683297058497,-0.0019378644541789493
场均助攻,0.3100636696790604,-0.19132480579522715,0.5895972406602569,-0.1609566926447212,-0.10816559743428651,0.3508154238193528,0.27110822345814123,0.2631352889358989,-0.12336926791290054,-0.44832164000638586
场均抢断,-0.016243302372215565,0.3427609228090452,0.405053336895357,-0.38445094053461515,0.5613400479601506,-0.3438650883552517,-0.3225286926928117,0.13835562734308177,-0.1147528303751176,0.026443823001242133
场均盖帽,-0.03801126058644584,0.6118932839033981,-0.027004423452742777,0.2801757504404041,0.12546270272279805,-0.10467565967634859,0.6807242989761012,0.22092987373577214,0.07606586702635589,-0.015316109382565366
场均失误,-0.3961447264784845,-0.05009919918316516,0.3153847431467306,0.1777989008899243,0.2574431396978528,0.6025848755387218,0.009725270852416847,0.027737238299089594,0.005527045215546089,0.5283932764912561
三分出手占比,-0.020832794343444053,-0.49783594943750753,0.20156957376424303,0.3777223208911474,0.38037575119251943,-0.39987307000536015,0.3028644244829311,-0.33633777505255985,-0.2415889596330473,-0.02493088824247948
助攻失误比,0.489201181494385,-0.0895331419627458,0.13665594800096165,-0.19582727750828136,-0.2652314654429322,-0.22486134213338313,0.19698704698936947,0.11052305146204724,-0.07643835832246992,0.7196321505590819
