指标,PC1,PC2,PC3,PC4,PC5,PC6,PC7,PC8,PC9
每36分钟得分,0.009556228867404565,0.5141228462972415,-0.40784938431888357,-0.057450049054691435,0.30271775627056297,0.24226575636233144,-0.4685507212546948,0.4404767954663114,0.04532578272369763
每36分钟篮板,0.49746154857679464,0.12922547392332107,0.21883585091527039,0.03336993302542629,-0.15365691297152417,0.04709770640909908,0.49217299328592184,0.6469173988578417,0.0162814429023425
每36分钟助攻,-0.3332572366636669,0.4959227195230853,0.19767877001777184,0.1904014508132241,-0.19245043573928777,0.10669968154593681,0.20266401308401405,-0.14417560783708125,0.6763056716691418
每36分钟抢断,-0.13866876656410995,0.0350997045991866,0.675358887667328,-0.28975211522624117,0.6591040254422633,0.038552012714634355,-0.019940394998297126,0.055294132781398865,-0.010659923828354796
每36分钟盖帽,0.47011260904422775,0.012584619729010635,0.2619507915040369,-0.028494407155175525,-0.20390410043287507,0.689582994250762,-0.2874124930761469,-0.33119691924857986,0.002585561062234869
每36分钟失误,-0.06765547838022806,0.5991219890148713,-0.04575917280407549,-0.3373149333693366,-0.12175855937973667,-0.0023434311146521974,0.32459854632695917,-0.2964070927522896,-0.5590601872708125
真实命中率TS(%),0.33209636787248287,0.1117363892722304,-0.2106377536943936,0.5626729843546513,0.5631413773146705,0.007885266085646096,0.29984542497634104,-0.3299902074079112,-0.016328717795805494
三分出手占比,-0.371755169778194,-0.31311376696117277,-0.2990447802094159,-0.1608937990729786,0.141574888637383,0.6445426082740118,0.4500248976252128,0.10208260520477903,0.004623612289654421
助攻失误比,-0.384809356461298,0.04665148099816277,0.2933855209117951,0.6467580237367294,-0.14043695265854828,0.187591259624998,-0.12788979601214706,0.216266191235174,-0.4767960880679333
