指标,标准化岭回归系数,系数绝对值,方向
场均篮板,0.1027314273176776,0.1027314273176776,正向
助攻失误比,0.09348801405971219,0.09348801405971219,正向
三分出手占比,0.09055730626940728,0.09055730626940728,正向
投篮命中率(%),0.08102720368817917,0.08102720368817917,正向
场均抢断,0.0671116726751706,0.0671116726751706,正向
场均得分,-0.0668131990645304,0.0668131990645304,负向
罚球出手率,0.06334784490648325,0.06334784490648325,正向
场均助攻,-0.051936688271612796,0.051936688271612796,负向
场均盖帽,0.018844439016366787,0.018844439016366787,正向
三分命中率(%),0.01763958391593612,0.01763958391593612,正向
场均失误,-0.014938470488609856,0.014938470488609856,负向
罚球命中率(%),-0.008316102501576633,0.008316102501576633,负向
