联盟排名,球队,分区,胜场,负场,胜率,场均得分,对手场均得分,场均净胜分
1,底特律活塞,东部,57,21,0.731,117.5,109.4,8.1
2,波士顿凯尔特人,东部,53,25,0.679,114.6,107.0,7.6
3,纽约尼克斯,东部,50,28,0.641,116.9,110.4,6.5
4,克利夫兰骑士,东部,49,29,0.628,119.3,115.1,4.2
5,亚特兰大老鹰,东部,45,33,0.577,118.6,115.9,2.7
6,费城76人,东部,43,35,0.551,116.2,116.5,-0.3
7,多伦多猛龙,东部,43,35,0.551,114.4,112.1,2.3
8,夏洛特黄蜂,东部,43,36,0.544,116.5,111.3,5.2
9,奥兰多魔术,东部,42,36,0.538,115.4,115.3,0.1
10,迈阿密热火,东部,41,37,0.526,120.8,118.4,2.4
11,密尔沃基雄鹿,东部,31,47,0.397,110.8,116.8,-6.0
12,芝加哥公牛,东部,29,49,0.372,116.1,121.6,-5.5
13,布鲁克林篮网,东部,19,59,0.244,106.2,115.8,-9.6
14,印第安纳步行者,东部,18,60,0.231,112.5,120.7,-8.2
15,华盛顿奇才,东部,17,61,0.218,113.1,124.6,-11.5
16,俄克拉荷马城雷霆,西部,62,16,0.795,119.2,107.5,11.7
17,圣安东尼奥马刺,西部,59,19,0.756,119.8,111.5,8.3
18,洛杉矶湖人,西部,50,28,0.641,116.5,115.2,1.5
19,丹佛掘金,西部,50,28,0.641,121.6,116.8,4.8
20,休斯顿火箭,西部,49,29,0.628,114.8,110.0,4.8
21,明尼苏达森林狼,西部,46,32,0.59,117.5,114.2,3.3
22,菲尼克斯太阳,西部,43,35,0.551,112.9,111.3,1.6
23,洛杉矶快船,西部,40,38,0.513,114.0,112.6,1.4
24,波特兰开拓者,西部,40,38,0.513,115.4,115.9,-0.5
25,金州勇士,西部,36,42,0.462,114.8,115.1,-0.3
26,孟菲斯灰熊,西部,25,53,0.321,114.8,119.7,-4.9
27,达拉斯独行侠,西部,25,53,0.321,113.6,119.4,-5.6
28,新奥尔良鹈鹕,西部,25,54,0.316,114.8,119.4,-4.6
29,萨克拉门托国王,西部,21,58,0.266,110.9,121.2,-10.3
30,犹他爵士,西部,21,58,0.266,117.1,125.9,-8.8
