球队,联盟排名,胜率,主场胜率,客场胜率,主客场胜率差,最近10场胜率,连胜连败数值
纽约尼克斯,3,0.641,0.7567567567567568,0.525,0.23175675675675678,0.7,2.0
休斯顿火箭,20,0.628,0.7368421052631579,0.525,0.21184210526315783,0.8,6.0
迈阿密热火,10,0.526,0.625,0.42105263157894735,0.20394736842105265,0.3,1.0
萨克拉门托国王,29,0.266,0.35,0.1794871794871795,0.1705128205128205,0.3,-1.0
新奥尔良鹈鹕,28,0.316,0.4,0.23076923076923078,0.16923076923076924,0.2,-8.0
芝加哥公牛,12,0.372,0.45,0.2894736842105263,0.16052631578947368,0.1,-7.0
金州勇士,25,0.462,0.5384615384615384,0.38461538461538464,0.1538461538461538,0.3,-4.0
华盛顿奇才,15,0.218,0.2894736842105263,0.15,0.13947368421052633,0.1,-6.0
菲尼克斯太阳,22,0.551,0.6153846153846154,0.48717948717948717,0.12820512820512825,0.4,1.0
犹他爵士,30,0.266,0.325,0.20512820512820512,0.11987179487179489,0.1,-9.0
奥兰多魔术,9,0.538,0.6052631578947368,0.4864864864864865,0.11877667140825032,0.4,2.0
印第安纳步行者,14,0.231,0.2894736842105263,0.175,0.11447368421052634,0.3,-2.0
密尔沃基雄鹿,11,0.397,0.45,0.34210526315789475,0.10789473684210527,0.3,1.0
达拉斯独行侠,27,0.321,0.375,0.2702702702702703,0.10472972972972971,0.2,1.0
波特兰开拓者,24,0.513,0.5641025641025641,0.46153846153846156,0.10256410256410253,0.8,3.0
圣安东尼奥马刺,17,0.756,0.8055555555555556,0.7073170731707317,0.09823848238482391,0.9,-1.0
俄克拉荷马城雷霆,16,0.795,0.85,0.7567567567567568,0.09324324324324318,0.9,5.0
底特律活塞,1,0.731,0.7692307692307693,0.6842105263157895,0.08502024291497978,0.8,3.0
洛杉矶湖人,18,0.641,0.6842105263157895,0.6,0.08421052631578951,0.7,-2.0
洛杉矶快船,23,0.513,0.5526315789473685,0.475,0.0776315789473685,0.6,1.0
布鲁克林篮网,13,0.244,0.28205128205128205,0.20512820512820512,0.07692307692307693,0.2,1.0
明尼苏达森林狼,21,0.59,0.625,0.5526315789473685,0.07236842105263153,0.5,-3.0
波士顿凯尔特人,2,0.679,0.7105263157894737,0.65,0.06052631578947365,0.8,3.0
孟菲斯灰熊,26,0.321,0.3333333333333333,0.2972972972972973,0.036036036036036,0.1,-4.0
丹佛掘金,19,0.641,0.6578947368421053,0.625,0.03289473684210531,0.9,8.0
亚特兰大老鹰,5,0.577,0.5897435897435898,0.5641025641025641,0.02564102564102566,0.8,4.0
克利夫兰骑士,4,0.628,0.6410256410256411,0.6153846153846154,0.02564102564102566,0.8,2.0
多伦多猛龙,7,0.551,0.5526315789473685,0.55,0.0026315789473684292,0.4,-1.0
费城76人,6,0.551,0.55,0.5526315789473685,-0.0026315789473684292,0.6,-1.0
夏洛特黄蜂,8,0.544,0.525,0.5641025641025641,-0.039102564102564075,0.8,4.0
