球员姓名,位置大类,出场次数,场均时间(分钟),有效投篮命中率eFG(%)
杰里科·西姆斯,中锋,63,18.7,80.0
瑞安·卡尔克布伦纳,中锋,66,21.5,74.4186046511628
贾克森·海斯,中锋,65,18.1,74.35897435897436
罗伯特·威廉姆斯三世,中锋,55,16.9,72.61904761904762
米切尔·罗宾逊,中锋,58,19.6,70.58823529411765
卡洛·马特科维奇,前锋,62,14.7,68.42105263157893
鲁迪·戈贝尔,中锋,75,31.3,67.6923076923077
卢克·肯纳德,后卫,73,21.2,67.59259259259258
德安德烈·艾顿,中锋,67,27.3,67.46987951807229
戈加·比塔泽,中锋,60,14.9,66.66666666666667
德怀特·鲍威尔,前锋,58,14.0,66.66666666666666
安东尼·吉尔,前锋,51,16.3,66.21621621621621
丹尼尔·加福德,前锋,54,21.8,65.51724137931035
卢卡·加尔扎,中锋,67,15.9,65.3061224489796
尼米亚斯·科塔,中锋,73,25.5,65.15151515151516
奥索·伊戈达罗,前锋,78,22.3,64.44444444444444
贾勒特·阿伦,中锋,54,27.1,64.21052631578948
穆萨·迪亚巴特,前锋,70,25.9,64.0
马文·巴格利三世,前锋,56,20.0,63.97058823529412
杰伦·杜伦,中锋,67,28.3,63.793103448275865
