球队,排名表场均得分,场均得分,两表场均得分差
底特律活塞,117.5,117.5,0.0
波士顿凯尔特人,114.6,114.6,0.0
纽约尼克斯,116.9,116.9,0.0
克利夫兰骑士,119.3,119.3,0.0
亚特兰大老鹰,118.6,118.6,0.0
费城76人,116.2,116.2,0.0
多伦多猛龙,114.4,114.4,0.0
夏洛特黄蜂,116.5,116.5,0.0
奥兰多魔术,115.4,115.4,0.0
迈阿密热火,120.8,120.8,0.0
密尔沃基雄鹿,110.8,110.8,0.0
芝加哥公牛,116.1,116.1,0.0
布鲁克林篮网,106.2,106.2,0.0
印第安纳步行者,112.5,112.5,0.0
华盛顿奇才,113.1,113.1,0.0
俄克拉荷马城雷霆,119.2,119.2,0.0
圣安东尼奥马刺,119.8,119.8,0.0
洛杉矶湖人,116.7,116.5,-0.20000000000000284
丹佛掘金,121.6,121.6,0.0
休斯顿火箭,114.8,114.8,0.0
明尼苏达森林狼,117.5,117.5,0.0
菲尼克斯太阳,112.9,112.9,0.0
洛杉矶快船,114.0,114.0,0.0
波特兰开拓者,115.4,115.4,0.0
金州勇士,114.8,114.8,0.0
孟菲斯灰熊,114.8,114.8,0.0
达拉斯独行侠,113.8,113.6,-0.20000000000000284
新奥尔良鹈鹕,114.8,114.8,0.0
萨克拉门托国王,110.9,110.9,0.0
犹他爵士,117.1,117.1,0.0
