联盟排名,分区,分区排名,球队,胜场,负场,胜率,胜场差,主场战绩,客场战绩,赛区内战绩,分区内战绩,场均得分,对手场均得分,场均净胜分,连胜/连败,最近10场
1,东部,1,底特律活塞,57,21,0.731,-,30-9,26-12,10-4,36-12,117.5,109.4,8.1,3连胜,8-2
2,东部,2,波士顿凯尔特人,53,25,0.679,4,27-11,26-14,10-5,34-15,114.6,107.0,7.6,3连胜,8-2
3,东部,3,纽约尼克斯,50,28,0.641,7,28-9,21-19,12-3,32-16,116.9,110.4,6.5,2连胜,7-3
4,东部,4,克利夫兰骑士,49,29,0.628,8,25-14,24-15,11-5,31-18,119.3,115.1,4.2,2连胜,8-2
5,东部,5,亚特兰大老鹰,45,33,0.577,12,23-16,22-17,9-6,26-22,118.6,115.9,2.7,4连胜,8-2
6,东部,6,费城76人,43,35,0.551,14,22-18,21-17,9-7,25-25,116.2,116.5,-0.3,1连败,6-4
7,东部,7,多伦多猛龙,43,35,0.551,14,21-17,22-18,4-11,30-18,114.4,112.1,2.3,1连败,4-6
8,东部,8,夏洛特黄蜂,43,36,0.544,14.5,21-19,22-17,11-5,25-24,116.5,111.3,5.2,4连胜,8-2
9,东部,9,奥兰多魔术,42,36,0.538,15,23-15,18-19,9-8,24-25,115.4,115.3,0.1,2连胜,4-6
10,东部,10,迈阿密热火,41,37,0.526,16,25-15,16-22,8-7,25-23,120.8,118.4,2.4,1连胜,3-7
11,东部,11,密尔沃基雄鹿,31,47,0.397,26,18-22,13-25,9-6,20-28,110.8,116.8,-6.0,1连胜,3-7
12,东部,12,芝加哥公牛,29,49,0.372,28,18-22,11-27,4-12,17-31,116.1,121.6,-5.5,7连败,1-9
13,东部,13,布鲁克林篮网,19,59,0.244,38,11-28,8-31,3-12,13-34,106.2,115.8,-9.6,1连胜,2-8
14,东部,14,印第安纳步行者,18,60,0.231,39,11-27,7-33,4-11,14-35,112.5,120.7,-8.2,2连败,3-7
15,东部,15,华盛顿奇才,17,61,0.218,40,11-27,6-34,2-13,11-37,113.1,124.6,-11.5,6连败,1-9
16,西部,1,俄克拉荷马城雷霆,62,16,0.795,-,34-6,28-9,12-3,39-9,119.2,107.5,11.7,5连胜,9-1
17,西部,2,圣安东尼奥马刺,59,19,0.756,3,29-7,29-12,12-3,34-15,119.8,111.5,8.3,1连败,9-1
18,西部,3,洛杉矶湖人,50,28,0.641,12,26-12,24-16,8-7,30-18,116.7,115.2,1.5,2连败,7-3
19,西部,4,丹佛掘金,50,28,0.641,12,25-13,25-15,9-5,32-16,121.6,116.8,4.8,8连胜,9-1
20,西部,5,休斯顿火箭,49,29,0.628,13,28-10,21-19,9-6,27-22,114.8,110.0,4.8,6连胜,8-2
21,西部,6,明尼苏达森林狼,46,32,0.59,16,25-15,21-17,9-7,29-21,117.5,114.2,3.3,3连败,5-5
22,西部,7,菲尼克斯太阳,43,35,0.551,19,24-15,19-20,10-6,27-21,112.9,111.3,1.6,1连胜,4-6
23,西部,8,洛杉矶快船,40,38,0.513,22,21-17,19-21,9-6,23-25,114.0,112.6,1.4,1连胜,6-4
24,西部,9,波特兰开拓者,40,38,0.513,22,22-17,18-21,7-8,27-21,115.4,115.9,-0.5,3连胜,8-2
25,西部,10,金州勇士,36,42,0.462,26,21-18,15-24,6-6,23-25,114.8,115.1,-0.3,4连败,3-7
26,西部,11,孟菲斯灰熊,25,53,0.321,37,13-26,11-26,6-9,19-30,114.8,119.7,-4.9,4连败,1-9
27,西部,12,达拉斯独行侠,25,53,0.321,37,15-25,10-27,4-11,14-34,113.8,119.4,-5.6,1连胜,2-8
28,西部,13,新奥尔良鹈鹕,25,54,0.316,37.5,16-24,9-30,7-9,16-33,114.8,119.4,-4.6,8连败,2-8
29,西部,14,萨克拉门托国王,21,58,0.266,41.5,14-26,7-32,3-11,13-36,110.9,121.2,-10.3,1连败,3-7
30,西部,15,犹他爵士,21,58,0.266,41.5,13-27,8-31,1-15,11-38,117.1,125.9,-8.8,9连败,1-9
