球员姓名,位置,出场次数,场均时间(分钟),场均得分,场均投篮命中数,场均投篮出手数,投篮命中率(%),场均三分命中数,场均三分出手数,三分命中率(%),场均罚球命中数,场均罚球出手数,罚球命中率(%),场均篮板,场均助攻,场均抢断,场均盖帽,场均失误,两双次数,三双次数
阿隆·霍勒迪,后卫,53,13.6,5.4,1.8,4.5,40.5,1.2,3.0,39.0,0.6,0.7,86.5,1.0,1.1,0.4,0.1,0.7,0,0
阿隆·威金斯,后卫,61,21.9,9.6,3.6,8.4,43.1,1.5,4.2,35.4,0.9,1.1,74.3,3.1,1.7,0.9,0.4,1.3,0,0
艾斯·贝利,后卫,70,27.6,13.6,5.4,12.2,44.4,1.9,5.5,34.8,0.9,1.2,76.7,4.1,1.8,0.8,0.7,1.4,0,0
阿德姆·博纳,中锋,68,17.4,4.9,1.9,3.1,60.1,0.0,0.1,33.3,1.1,1.6,70.6,4.4,0.5,0.4,1.2,0.8,1,0
艾杰·格林,后卫,74,28.7,9.8,3.2,7.6,41.6,2.8,6.8,40.9,0.6,0.8,84.2,2.6,1.9,0.5,0.1,1.0,0,0
阿杰·米切尔,后卫,55,25.9,13.8,5.1,10.5,48.7,1.1,3.1,34.9,2.5,2.9,87.3,3.4,3.6,1.3,0.3,1.5,1,0
亚历克斯·卡鲁索,后卫,54,18.5,6.3,2.3,5.4,42.2,0.9,3.3,29.0,0.8,0.9,80.4,2.8,2.0,1.3,0.3,0.9,0,0
亚历克斯·萨尔,中锋,48,27.2,16.3,6.6,13.7,48.2,1.0,3.1,33.3,2.1,3.0,69.2,7.4,2.7,0.8,2.0,1.7,12,0
阿尔佩伦·申京,中锋,69,33.4,20.6,8.2,15.7,52.2,0.6,1.9,31.0,3.7,5.4,68.8,8.8,6.2,1.2,1.1,3.1,33,4
阿门·汤普森,后卫,76,37.3,17.9,6.9,13.1,52.7,0.3,1.5,22.3,3.8,4.9,77.7,7.8,5.3,1.5,0.6,2.4,19,0
安德烈·德拉蒙德,中锋,59,19.3,6.3,2.5,5.3,46.9,0.5,1.4,35.3,0.8,1.3,63.6,8.2,1.2,0.6,0.8,1.0,15,0
安德鲁·内姆哈德,后卫,57,31.3,16.9,5.8,13.2,44.2,1.9,5.2,36.1,3.4,4.1,82.5,2.8,7.7,0.9,0.1,2.4,13,0
安德鲁·威金斯,前锋,64,30.6,15.6,5.9,12.3,47.8,2.0,4.9,41.7,1.8,2.3,78.7,5.0,2.7,1.2,1.1,1.5,2,0
安芬尼·西蒙斯,后卫,55,24.9,14.3,5.2,11.8,44.0,2.7,6.9,38.5,1.3,1.4,89.6,2.5,2.4,0.5,0.1,1.2,0,0
安东尼·布莱克,后卫,60,30.7,15.3,5.5,12.3,45.1,1.6,4.7,33.9,2.6,3.6,73.0,3.9,3.8,1.4,0.7,2.1,2,0
安东尼·爱德华兹,后卫,60,35.2,28.9,9.9,20.3,48.9,3.4,8.5,39.8,5.7,7.2,79.6,5.0,3.7,1.4,0.8,2.8,2,0
安东尼·吉尔,前锋,51,16.3,5.4,2.3,3.7,62.3,0.3,0.8,31.7,0.5,0.6,77.4,2.8,1.3,0.5,0.4,0.7,0,0
阿里尔·胡克波尔蒂,中锋,52,8.8,1.9,0.7,1.3,54.4,0.0,0.1,25.0,0.5,0.6,78.8,2.8,0.5,0.2,0.5,0.6,0,0
奥萨尔·汤普森,后卫,69,26.0,9.9,4.2,8.0,51.8,0.1,0.3,26.1,1.5,2.7,56.5,5.8,3.0,2.0,0.9,1.5,3,0
奥斯汀·里夫斯,后卫,51,34.5,23.3,7.3,14.9,49.0,2.3,6.4,36.0,6.3,7.3,87.1,4.7,5.5,1.1,0.4,3.0,6,0
阿约·多苏穆,后卫,67,27.2,14.7,5.5,10.7,51.4,1.8,4.1,44.3,1.8,2.1,87.1,3.5,3.6,0.8,0.3,1.3,2,1
巴姆·阿德巴约,中锋,69,32.2,20.2,6.9,15.7,43.9,1.7,5.5,31.7,4.6,5.9,77.8,10.0,3.0,1.2,0.7,1.7,32,0
贝勒·谢尔曼,后卫,73,18.2,5.0,1.8,4.1,44.4,1.1,2.9,38.1,0.3,0.3,86.4,3.5,1.5,0.5,0.1,0.6,4,0
本·谢泼德,后卫,65,21.4,7.1,2.6,6.0,43.4,1.3,3.6,36.2,0.6,0.8,76.5,3.0,1.8,0.6,0.1,0.6,0,0
本尼迪克特·马瑟林,后卫,50,30.6,18.2,5.6,12.8,43.6,1.5,4.5,32.2,5.5,6.4,87.1,5.5,2.3,0.8,0.2,2.2,3,0
比拉尔·库利巴利,后卫,54,26.3,11.4,4.0,9.5,41.6,1.1,3.7,30.8,2.3,3.1,74.7,4.4,2.6,1.4,0.9,1.5,0,0
博比·波蒂斯,前锋,67,24.2,13.7,5.5,11.2,48.8,2.0,4.4,45.6,0.7,1.0,70.6,6.4,1.6,0.6,0.2,1.0,11,0
博恩斯·海兰德,后卫,69,16.4,8.3,3.0,6.5,45.2,1.6,4.1,38.2,0.9,1.1,77.6,1.8,2.6,0.6,0.2,0.9,0,0
布兰丁·波杰姆斯基,后卫,78,28.5,13.5,4.7,10.4,45.4,1.8,5.0,36.9,2.2,2.8,78.3,5.3,3.8,1.1,0.2,1.6,5,0
布兰登·英格拉姆,前锋,73,33.8,21.3,7.9,16.8,47.1,1.7,4.6,37.6,3.7,4.5,82.2,5.5,3.6,0.7,0.7,2.5,2,0
布兰登·米勒,前锋,62,30.3,20.2,7.0,16.1,43.4,3.2,8.2,38.7,3.0,3.4,89.2,5.0,3.4,1.0,0.7,2.6,3,0
布兰登·威廉姆斯,后卫,65,22.1,13.0,4.4,9.4,47.0,0.6,2.4,23.4,3.6,4.6,79.5,2.9,3.9,0.9,0.3,1.9,1,0
布莱斯·森萨博,前锋,73,23.6,14.8,5.3,11.4,46.3,2.2,5.8,36.9,2.2,2.6,82.7,3.1,1.9,0.7,0.2,1.6,0,0
布鲁克·洛佩兹,中锋,71,21.4,8.2,3.0,7.0,42.3,1.5,4.1,35.4,0.8,1.0,78.6,3.4,1.3,0.6,1.2,0.8,1,0
布鲁斯·布朗,后卫,78,24.3,7.8,3.0,6.3,47.0,0.7,1.8,39.0,1.1,1.5,76.1,3.8,2.0,1.0,0.2,1.1,1,0
布布·卡林顿,后卫,78,27.5,10.3,3.7,8.8,41.8,2.0,4.9,39.6,1.0,1.3,72.1,3.4,4.6,0.6,0.2,2.3,0,0
巴迪·希尔德,后卫,50,16.0,7.2,2.6,6.2,42.4,1.3,4.0,33.3,0.6,0.7,81.1,2.3,1.4,0.8,0.2,0.9,0,0
凯德·坎宁安,后卫,61,34.4,24.5,8.7,18.9,46.1,2.0,5.8,34.6,5.1,6.2,81.4,5.6,9.9,1.5,0.9,3.7,37,3
凯莱布·勒夫,后卫,47,21.5,10.8,4.0,10.4,38.9,2.0,6.2,32.0,0.8,1.0,73.5,2.4,2.6,0.6,0.1,1.3,0,0
凯莱布·马丁,前锋,58,14.8,3.9,1.5,3.3,45.0,0.3,1.0,35.1,0.6,1.1,60.7,2.5,1.4,0.7,0.3,0.7,0,0
卡姆·克里斯蒂,后卫,52,9.0,3.0,1.0,2.6,38.2,0.2,0.9,24.5,0.7,1.0,76.0,1.5,0.6,0.3,0.1,0.4,0,0
卡姆·斯潘塞,后卫,71,23.9,11.1,3.7,7.8,47.2,2.0,4.5,44.7,1.8,1.9,94.0,2.6,5.5,0.7,0.2,1.3,6,0
卡梅隆·约翰逊,前锋,52,30.4,12.0,4.1,8.7,47.1,2.1,4.8,43.0,1.7,2.1,84.1,3.8,2.4,0.8,0.4,0.8,1,0
卡里斯·勒韦尔,后卫,57,19.4,7.4,2.8,6.6,41.9,1.0,3.1,33.0,0.9,1.3,65.8,2.0,2.7,0.8,0.7,1.4,0,0
卡特·布莱恩特,前锋,67,10.8,3.7,1.4,3.5,38.6,0.6,2.0,30.7,0.4,0.6,71.1,2.4,0.5,0.2,0.3,0.4,0,0
卡森·华莱士,后卫,75,26.7,8.7,3.3,7.7,43.6,1.3,3.7,35.2,0.7,0.9,80.3,3.1,2.6,2.0,0.4,0.9,1,0
塞德里克·考沃德,前锋,60,26.0,13.4,4.8,10.4,46.4,1.5,4.4,33.2,2.3,2.7,84.5,5.9,2.8,0.6,0.4,1.8,7,0
切特·霍姆格伦,中锋,67,29.0,17.0,6.2,11.3,55.3,1.3,3.5,35.6,3.2,4.0,79.7,8.8,1.6,0.6,1.9,1.5,22,0
西杰·麦科勒姆,后卫,73,29.8,18.7,6.9,15.1,45.4,2.5,6.7,37.1,2.5,3.2,77.4,3.3,3.8,0.8,0.4,1.8,0,0
克林特·卡佩拉,中锋,71,12.3,3.5,1.5,2.9,51.2,0.0,0.0,0.0,0.6,0.9,59.7,4.6,0.7,0.5,0.8,0.6,0,0
科比·怀特,后卫,48,25.4,17.5,5.6,12.6,44.4,2.3,6.4,35.6,4.0,4.8,82.3,3.5,4.1,0.5,0.1,2.6,1,0
科迪·威廉姆斯,前锋,64,23.8,8.5,3.4,7.2,47.5,0.4,1.8,22.0,1.2,1.7,70.6,2.9,1.9,0.8,0.4,1.0,2,0
科林·吉莱斯皮,后卫,77,28.8,12.9,4.5,10.7,42.0,3.0,7.3,40.7,1.0,1.1,87.1,4.1,4.8,1.2,0.2,1.6,3,0
科林·默里-博伊尔斯,前锋,54,22.0,8.5,3.5,6.1,57.3,0.3,0.9,34.0,1.2,1.9,64.1,4.9,1.9,0.9,0.9,1.1,4,0
科林·塞克斯顿,后卫,64,23.3,15.3,5.2,10.6,48.7,1.7,4.2,41.0,3.3,3.8,85.9,2.2,3.3,1.0,0.2,2.1,1,0
库珀·弗拉格,前锋,65,33.8,20.8,7.9,16.8,47.2,1.0,3.5,29.3,3.9,4.8,81.6,6.6,4.5,1.2,0.9,2.4,12,0
科里·基斯珀特,前锋,55,18.8,9.1,3.2,6.9,46.4,1.5,4.1,35.7,1.3,1.6,82.0,2.3,1.6,0.3,0.2,0.8,0,0
小克雷格·波特,后卫,61,17.7,4.3,1.8,4.0,44.0,0.5,1.5,34.8,0.3,0.6,55.6,3.3,3.1,0.9,0.6,0.9,0,0
达伦·特里,前锋,47,11.6,3.7,1.4,3.3,43.5,0.5,1.4,36.4,0.3,0.6,55.2,1.8,1.4,0.6,0.3,0.6,0,0
道尔顿·克内克特,前锋,50,10.3,4.0,1.6,3.5,44.6,0.6,2.0,30.4,0.3,0.4,70.0,1.4,0.3,0.2,0.2,0.4,0,0
丹尼尔·加福德,前锋,54,21.8,9.6,3.8,5.8,65.7,0.0,0.0,0.0,2.0,2.9,68.2,6.9,1.1,0.7,1.2,1.2,10,0
丹尼斯·詹金斯,后卫,68,20.1,9.4,3.3,7.9,41.5,1.0,2.7,38.4,1.8,2.2,81.8,2.3,3.8,0.9,0.2,1.5,3,0
丹尼·沃尔夫,前锋,57,20.8,8.9,3.1,7.7,40.5,1.2,3.7,32.2,1.5,1.9,77.1,4.9,2.2,0.5,0.6,1.3,2,0
戴维恩·米切尔,后卫,67,28.6,9.2,3.7,7.6,48.3,1.3,3.3,39.5,0.6,0.9,67.2,2.7,6.5,1.0,0.2,1.5,4,0
戴隆·夏普,中锋,62,18.7,8.7,3.5,5.7,60.1,0.1,0.6,23.1,1.7,2.5,67.8,6.7,2.3,1.1,0.4,1.7,5,0
达龙·福克斯,后卫,68,31.0,18.5,7.0,14.4,48.8,1.8,5.4,33.1,2.6,3.5,76.2,3.8,6.2,1.2,0.3,2.3,7,0
迪恩·韦德,前锋,57,22.4,5.8,2.1,4.8,43.2,1.2,3.4,35.4,0.5,0.7,71.1,4.2,1.5,0.8,0.4,0.3,1,0
德安德烈·艾顿,中锋,67,27.3,12.4,5.6,8.3,67.4,0.0,0.0,0.0,1.2,1.9,63.0,8.2,0.8,0.6,0.9,1.2,21,0
德玛尔·德罗赞,后卫,77,31.2,18.4,6.5,13.1,49.7,0.6,1.9,32.0,4.9,5.6,86.8,2.9,4.1,1.0,0.3,1.2,2,0
德尼·阿夫迪亚,前锋,62,33.1,23.9,7.3,16.0,45.8,1.9,6.0,31.7,7.4,9.3,79.9,7.0,6.7,0.8,0.6,3.8,18,3
丹尼斯·施罗德,后卫,67,24.4,10.8,3.6,9.0,40.2,1.1,3.3,32.7,2.4,2.9,83.2,2.7,4.8,0.8,0.2,1.8,2,0
德里克·奎因,中锋,78,24.4,11.2,4.2,8.9,47.1,0.3,1.1,26.2,2.5,3.2,79.2,6.8,3.6,1.0,0.9,2.3,11,2
德里克·怀特,后卫,74,34.3,16.7,5.8,14.6,39.5,2.7,8.4,32.6,2.4,2.7,90.0,4.5,5.5,1.1,1.3,1.8,1,0
德斯蒙德·贝恩,后卫,78,34.1,20.4,7.2,14.9,48.4,2.1,5.3,39.1,3.9,4.3,91.4,4.2,4.2,1.0,0.4,2.0,1,0
德文·布克,后卫,62,33.4,25.8,8.5,18.6,45.5,1.9,5.8,33.0,6.9,8.0,86.9,3.9,6.0,0.8,0.3,3.1,6,0
德文·瓦塞尔,后卫,63,30.5,14.0,5.0,11.3,43.8,2.5,6.5,38.9,1.6,2.0,81.6,4.0,2.5,0.8,0.4,0.9,1,0
狄龙·布鲁克斯,前锋,53,30.5,20.4,7.5,17.2,43.7,2.3,6.7,34.6,3.1,3.6,85.8,3.6,1.8,1.0,0.2,1.8,0,0
多米尼克·巴洛,前锋,67,24.0,7.9,3.1,5.7,54.4,0.3,1.2,25.9,1.3,1.9,71.2,4.7,1.3,0.8,0.7,0.8,2,0
多诺万·克林根,中锋,73,27.2,12.0,4.6,8.8,52.0,1.0,3.1,32.7,1.8,2.7,67.3,11.6,2.1,0.6,1.7,1.3,33,0
多诺万·米切尔,后卫,69,33.4,27.8,9.7,20.1,48.1,3.2,8.9,36.4,5.3,6.1,86.3,4.5,5.7,1.5,0.3,2.8,5,0
丹特·迪文琴佐,后卫,78,30.8,12.3,4.2,10.2,40.6,3.0,7.9,37.9,1.0,1.3,75.8,4.2,3.9,1.3,0.4,1.5,1,0
德雷克·鲍威尔,后卫,60,20.6,6.5,2.3,5.4,41.8,0.8,2.8,29.8,1.1,1.2,91.5,1.7,1.5,0.6,0.2,0.9,0,0
德雷蒙德·格林,前锋,65,27.6,8.6,3.1,7.4,41.9,1.5,4.7,32.9,0.8,1.2,69.2,5.5,5.5,0.9,0.6,2.6,2,0
德鲁·史密斯,后卫,70,16.3,5.6,1.9,4.6,41.5,0.5,1.8,29.5,1.2,1.5,82.9,2.5,2.6,1.4,0.3,0.8,0,0
邓肯·罗宾逊,前锋,74,27.6,12.0,4.1,9.0,44.8,2.9,7.0,40.8,1.1,1.4,76.0,2.7,2.1,0.6,0.3,0.7,0,0
德怀特·鲍威尔,前锋,58,14.0,3.3,1.0,1.5,66.7,0.0,0.1,33.3,1.3,1.9,68.5,3.8,0.9,0.5,0.3,0.6,3,0
迪伦·哈珀,后卫,65,22.4,11.7,4.8,9.4,50.6,0.9,2.6,33.3,1.3,1.7,74.3,3.4,3.9,0.8,0.3,1.4,0,0
戴森·丹尼尔斯,后卫,73,33.1,11.8,5.3,10.2,51.9,0.3,1.5,18.2,1.0,1.6,62.3,6.7,5.9,2.0,0.4,1.8,13,1
叶戈尔·杰明,后卫,52,25.2,10.3,3.4,8.6,39.9,2.4,6.2,38.5,1.0,1.3,83.1,3.2,3.3,0.8,0.3,1.7,1,0
埃文·莫布里,中锋,62,32.1,18.1,7.2,13.2,54.4,1.0,3.3,29.9,2.7,4.5,60.6,9.0,3.6,0.8,1.8,1.8,26,0
盖布·文森特,后卫,50,16.8,4.4,1.4,4.2,34.5,1.1,3.3,33.1,0.4,0.4,95.0,1.0,1.4,0.5,0.1,0.5,0,0
加里·佩顿二世,后卫,69,15.6,7.4,3.3,5.7,57.3,0.5,1.8,29.6,0.3,0.5,61.1,3.7,1.7,0.9,0.3,0.9,2,0
小加里·特伦特,后卫,64,21.2,8.2,2.8,7.2,39.0,1.9,5.2,36.8,0.6,0.8,76.5,1.0,1.2,0.5,0.0,0.6,0,0
吉吉·杰克逊,前锋,54,21.5,12.5,4.7,9.4,49.9,1.2,3.5,33.2,2.0,2.7,73.5,4.3,1.4,0.6,0.8,1.6,1,0
戈加·比塔泽,中锋,60,14.9,5.5,2.2,3.3,67.3,0.0,0.2,18.2,1.0,1.5,70.5,4.7,1.3,0.6,0.9,0.7,1,0
格雷迪·迪克,后卫,72,14.5,6.1,2.2,5.2,41.7,0.8,2.6,29.7,1.0,1.2,87.1,2.0,0.7,0.6,0.1,0.6,1,0
格雷森·阿伦,后卫,49,29.2,16.8,5.4,13.4,40.5,3.2,9.1,35.3,2.8,3.2,84.9,3.0,3.9,1.4,0.2,1.6,0,0
盖尔雄·亚布塞莱,前锋,65,14.8,5.5,1.8,4.6,40.1,1.0,2.9,35.6,0.8,1.1,74.3,3.4,0.9,0.4,0.2,0.6,4,0
吉·桑托斯,前锋,66,20.5,9.3,3.4,6.7,50.5,1.2,3.3,35.2,1.3,1.8,72.9,3.9,2.3,0.9,0.3,1.5,3,0
哈里森·巴恩斯,前锋,73,25.9,10.0,3.4,7.5,45.3,1.8,4.7,39.1,1.3,1.6,82.8,2.8,2.0,0.7,0.2,0.8,0,0
赫伯特·琼斯,前锋,56,28.4,8.9,3.3,8.5,38.3,1.4,4.6,30.9,0.9,1.1,80.6,3.4,2.8,1.6,0.5,1.3,0,0
雨果·冈萨雷斯,后卫,73,14.5,3.8,1.5,3.3,47.3,0.5,1.5,35.7,0.2,0.4,50.0,3.3,0.5,0.5,0.3,0.5,2,0
伊曼纽尔·奎克利,后卫,67,32.4,16.9,5.9,13.2,44.5,2.6,6.9,37.4,2.5,3.1,82.1,4.1,6.0,1.3,0.1,1.5,8,0
艾萨克·奥科罗,前锋,62,27.1,9.2,3.3,7.3,45.8,1.2,3.5,33.0,1.4,1.8,79.1,2.7,1.6,0.7,0.5,0.7,0,0
以赛亚·科利尔,后卫,59,25.7,11.7,4.3,8.7,49.5,0.5,1.7,27.0,2.6,3.5,72.2,2.5,7.2,1.1,0.3,2.5,10,0
以赛亚·杰克逊,前锋,55,16.5,6.7,2.7,4.3,63.7,0.0,0.1,0.0,1.2,1.9,64.8,5.3,0.9,0.7,0.9,1.1,7,0
以赛亚·乔,后卫,69,21.2,10.8,3.4,7.6,44.8,2.5,6.0,41.5,1.5,1.7,89.0,2.6,1.3,0.7,0.2,0.6,0,0
以赛亚·斯图尔特,前锋,55,23.1,10.0,3.8,7.0,54.1,0.7,2.1,33.3,1.7,2.3,76.0,5.1,1.2,0.3,1.6,1.1,2,0
伊维察·祖巴茨,中锋,48,30.1,14.1,6.0,10.0,59.8,0.0,0.0,0.0,2.1,3.0,71.1,10.6,2.2,0.4,0.8,1.8,24,0
贾科比·沃尔特,后卫,68,20.1,7.3,2.5,5.5,44.3,1.4,3.6,40.2,1.0,1.2,79.8,2.5,1.2,1.0,0.2,0.5,0,0
小贾巴里·史密斯,前锋,74,35.0,15.7,5.7,12.6,45.2,2.3,6.2,36.6,2.0,2.6,77.8,6.9,1.9,0.8,0.9,1.4,14,0
贾巴里·沃克,前锋,62,12.1,4.3,1.5,3.4,44.8,0.5,1.5,33.0,0.8,1.0,75.0,3.0,0.5,0.4,0.2,0.4,2,0
杰登·哈迪,后卫,56,15.8,9.2,3.2,7.6,42.6,1.8,4.6,39.5,1.0,1.3,75.3,1.5,1.0,0.3,0.1,1.1,0,0
杰登·麦克丹尼尔斯,前锋,71,31.9,14.8,5.6,10.9,51.8,1.4,3.4,42.1,2.1,2.5,83.9,4.2,2.7,1.1,1.0,1.8,0,0
小海梅·哈克斯,前锋,71,28.3,15.2,6.1,12.2,50.1,0.7,2.4,30.5,2.3,3.0,77.1,5.1,4.7,0.7,0.3,2.0,6,0
杰克·拉拉维亚,前锋,77,24.9,8.3,3.0,6.4,46.2,0.9,3.0,32.0,1.4,1.8,76.8,3.9,1.8,1.2,0.5,1.0,1,0
杰伦·布伦森,后卫,71,35.0,26.0,9.2,19.9,46.5,2.6,7.2,37.0,4.8,5.7,84.3,3.4,6.7,0.7,0.1,2.4,10,0
杰伦·杜伦,中锋,67,28.3,19.5,7.4,11.6,64.5,0.0,0.0,0.0,4.6,6.1,74.8,10.6,1.9,0.8,0.9,1.8,41,0
杰伦·约翰逊,前锋,69,35.2,22.8,8.4,17.1,49.3,1.7,4.8,35.1,4.2,5.4,78.4,10.3,8.0,1.3,0.4,3.4,47,13
杰伦·皮克特,后卫,47,15.8,4.9,1.9,4.4,42.4,0.9,2.4,38.6,0.3,0.3,86.7,2.3,2.2,0.3,0.1,0.6,0,0
杰伦·史密斯,前锋,53,20.7,10.2,3.7,7.6,48.3,1.5,4.2,37.3,1.3,1.8,74.2,6.7,1.2,0.5,0.8,1.0,9,0
杰伦·萨格斯,后卫,53,27.5,13.7,4.9,11.4,43.2,2.0,6.2,32.3,1.8,2.2,85.2,3.9,5.5,1.9,0.7,2.7,3,1
杰伦·威尔逊,前锋,50,14.8,6.1,1.9,4.8,39.7,1.0,2.8,35.9,1.2,1.6,74.1,1.9,0.7,0.4,0.0,0.6,0,0
贾马尔·默里,后卫,73,35.3,25.5,8.8,18.2,48.3,3.2,7.5,43.4,4.6,5.2,88.5,4.4,7.2,0.9,0.4,2.3,18,0
贾马尔·谢德,后卫,78,22.6,6.7,2.3,6.2,36.6,1.0,3.2,31.9,1.2,1.5,78.4,1.8,5.4,1.0,0.2,1.3,2,0
詹姆斯·哈登,后卫,68,35.0,23.7,7.0,16.0,43.7,3.1,8.2,37.5,6.6,7.5,88.1,4.9,8.1,1.1,0.4,3.5,20,2
贾米森·巴特尔,前锋,57,8.8,3.2,1.2,2.4,50.7,0.6,1.5,42.2,0.1,0.2,66.7,1.5,0.4,0.1,0.1,0.3,0,0
贾雷斯·沃克,前锋,73,25.6,11.5,4.0,9.5,42.1,1.7,4.6,37.6,1.8,2.4,75.3,5.1,2.4,0.8,0.3,1.8,3,0
贾里德·麦凯恩,后卫,63,17.3,8.2,3.0,7.1,42.0,1.5,3.8,38.7,0.8,0.9,87.3,2.1,1.3,0.5,0.1,0.8,0,0
小贾伦·杰克逊,前锋,48,30.3,19.4,7.1,15.0,47.6,1.8,4.9,35.7,3.4,4.2,80.3,5.7,2.0,1.1,1.4,2.2,3,0
贾里德·范德比尔特,前锋,60,17.5,4.5,1.7,3.7,46.6,0.5,1.5,29.7,0.6,0.9,62.3,4.5,1.2,0.9,0.3,0.8,1,0
贾勒特·阿伦,中锋,54,27.1,15.4,6.1,9.5,64.1,0.0,0.2,10.0,3.2,4.5,71.0,8.5,1.8,1.0,0.8,1.3,20,0
杰斯·理查德森,后卫,51,11.2,4.5,1.6,3.5,46.4,0.5,1.5,35.9,0.6,0.9,72.7,1.2,1.1,0.3,0.0,0.5,0,0
贾文特·格林,后卫,78,17.6,6.8,2.2,5.0,44.3,1.1,3.0,37.3,1.2,1.5,83.6,2.7,0.7,1.2,0.3,0.6,1,0
贾克森·海斯,中锋,65,18.1,7.3,2.9,3.9,75.4,0.0,0.0,100.0,1.4,2.2,64.1,4.1,0.9,0.4,0.8,0.4,1,0
杰伊·赫夫,中锋,78,20.8,9.4,3.5,7.4,47.2,1.4,4.6,31.7,1.0,1.2,81.9,3.8,1.4,0.5,1.8,0.9,1,0
杰伦·布朗,后卫,69,34.4,28.7,10.4,21.8,47.6,2.0,5.7,34.5,6.0,7.6,79.5,7.0,5.2,1.0,0.4,3.6,14,3
杰伦·克拉克,后卫,64,12.4,3.9,1.4,3.2,43.8,0.5,1.4,33.3,0.7,1.0,65.7,1.8,0.6,0.6,0.1,0.3,0,0
杰伦·韦尔斯,前锋,69,26.4,12.5,4.4,10.1,43.1,1.9,5.3,35.3,1.9,2.5,78.4,3.2,1.6,0.9,0.1,1.1,0,0
杰林·威廉姆斯,前锋,63,19.8,7.4,2.3,5.5,42.2,1.5,4.0,38.3,1.2,1.5,79.3,5.5,2.4,0.5,0.7,1.1,6,0
杰伦·泰森,后卫,64,27.0,13.1,5.0,10.0,49.6,2.0,4.5,45.5,1.2,1.6,74.3,5.1,2.2,0.8,0.4,1.5,7,0
杰拉米·格兰特,前锋,57,29.7,18.6,5.8,12.8,45.3,2.4,6.1,38.9,4.6,5.6,81.4,3.5,2.1,0.7,0.6,2.1,0,0
杰里迈亚·菲尔斯,后卫,79,25.2,13.4,5.0,11.6,42.9,1.2,3.6,34.2,2.2,2.7,78.7,3.6,3.3,1.1,0.4,2.2,2,0
杰里科·西姆斯,中锋,63,18.7,4.5,2.0,2.5,79.6,0.0,0.0,0.0,0.6,0.9,61.4,5.3,1.3,0.2,0.2,1.1,4,0
杰特·霍华德,后卫,55,12.6,5.5,1.9,4.6,41.8,1.0,2.6,37.2,0.7,0.7,94.9,1.6,0.8,0.2,0.2,0.3,0,0
杰文·卡特,后卫,49,16.3,6.5,2.3,6.0,39.4,1.5,4.2,35.4,0.3,0.4,78.9,1.7,1.6,0.7,0.2,0.7,0,0
乔克·兰代尔,中锋,68,22.1,10.6,4.1,8.1,51.5,1.1,2.8,38.3,1.2,1.9,63.5,5.7,1.7,0.5,0.5,0.9,9,0
约翰·科林斯,前锋,65,27.4,13.7,5.3,9.6,55.6,1.3,3.2,41.8,1.8,2.2,78.6,5.2,1.0,0.9,0.7,1.3,3,0
约翰·康查尔,后卫,53,19.1,4.2,1.6,3.4,46.9,0.5,1.7,27.5,0.5,0.8,70.0,4.0,1.8,1.4,0.6,0.6,1,0
约纳斯·瓦兰丘纳斯,中锋,61,13.1,8.2,3.2,5.7,57.1,0.1,0.3,30.0,1.6,2.1,77.2,4.8,1.1,0.2,0.5,1.1,3,0
乔纳森·艾萨克,前锋,52,10.0,2.6,0.9,2.1,42.2,0.1,0.7,18.4,0.7,1.1,60.3,2.5,0.4,0.4,0.6,0.3,0,0
乔丹·克拉克森,后卫,68,18.0,8.8,3.3,7.4,45.0,1.0,3.1,33.3,1.1,1.3,82.4,1.8,1.3,0.4,0.1,0.9,0,0
乔丹·古德温,后卫,68,22.6,8.7,3.3,8.0,41.0,1.6,4.3,36.3,0.6,0.8,69.6,4.9,2.2,1.5,0.2,1.0,2,0
乔丹·霍金斯,后卫,48,12.8,4.2,1.5,4.3,34.1,0.9,2.5,33.6,0.4,0.4,81.0,1.5,0.7,0.2,0.2,0.6,0,0
乔丹·米勒,后卫,56,21.7,9.8,3.5,6.6,52.7,0.6,1.8,34.0,2.2,2.9,76.4,3.0,2.2,0.8,0.2,1.1,1,0
乔丹·沃尔什,后卫,64,17.5,5.2,2.0,3.8,51.2,0.7,1.8,38.4,0.6,0.8,75.5,4.0,0.8,0.7,0.5,0.5,2,0
何塞·阿尔瓦拉多,后卫,67,19.7,7.2,2.6,6.4,41.5,1.4,4.1,34.9,0.5,0.6,80.0,2.4,3.4,1.0,0.1,1.1,1,0
约什·吉迪,后卫,54,32.1,17.0,5.9,13.3,44.8,1.9,5.2,36.4,3.2,4.2,76.3,8.3,9.1,1.0,0.5,3.6,28,13
约什·格林,后卫,55,16.0,4.4,1.5,3.2,45.8,1.0,2.4,41.8,0.5,0.5,89.3,1.8,0.9,0.6,0.1,0.6,0,0
约什·哈特,后卫,63,30.1,12.1,4.6,9.1,50.7,1.5,3.7,40.9,1.4,1.9,72.3,7.6,4.9,1.1,0.3,1.9,13,2
约什·米诺特,前锋,49,17.0,7.4,2.6,5.1,50.0,1.3,3.1,41.8,1.0,1.2,78.7,3.2,0.9,0.9,0.5,0.9,1,0
约什·奥科吉,后卫,74,17.2,4.6,1.6,3.7,43.8,0.8,2.0,39.7,0.5,0.9,58.5,2.4,0.8,0.8,0.2,0.5,1,0
朱·霍勒迪,后卫,49,29.1,16.3,6.1,13.2,45.8,2.6,6.8,38.9,1.6,1.9,83.0,4.5,6.1,1.1,0.1,2.8,7,0
朱利安·尚帕尼,前锋,78,27.7,11.3,3.7,8.5,43.7,2.5,6.4,38.6,1.4,1.7,84.1,5.8,1.5,0.8,0.4,0.9,7,0
朱利安·斯特劳瑟,后卫,53,14.3,6.5,2.3,5.1,45.6,0.9,2.5,36.2,0.9,1.2,80.6,1.9,1.0,0.4,0.1,0.6,0,0
朱利叶斯·兰德尔,前锋,78,33.1,21.1,7.4,15.3,48.2,1.4,4.3,31.3,5.0,6.3,80.0,6.8,5.1,1.1,0.2,2.8,15,3
贾斯廷·尚帕尼,前锋,66,19.7,8.6,3.3,6.5,51.4,0.7,2.2,32.7,1.2,1.5,78.4,5.5,1.2,0.8,0.6,0.6,4,0
贾斯廷·爱德华兹,前锋,60,15.3,6.0,2.2,4.9,44.9,1.0,2.8,36.7,0.6,0.7,84.6,1.5,1.3,0.8,0.2,0.6,0,0
卡尔-安东尼·唐斯,中锋,72,31.0,20.1,6.9,13.8,49.6,1.5,4.1,36.8,4.8,5.7,85.5,11.9,2.9,0.8,0.5,2.5,53,1
卡洛·马特科维奇,前锋,62,14.7,5.7,2.3,3.8,60.4,0.6,1.5,42.2,0.5,0.7,73.2,3.7,0.8,0.4,0.9,0.5,1,0
卡斯帕拉斯·亚库乔尼斯,后卫,49,17.8,6.2,1.9,4.6,42.4,1.2,3.0,41.8,1.1,1.2,88.3,2.6,2.6,0.6,0.1,1.0,0,0
科怀·伦纳德,前锋,62,32.0,28.0,9.8,19.4,50.5,2.6,6.9,38.4,5.8,6.5,90.0,6.3,3.6,1.9,0.4,2.0,5,0
基顿·华莱士,后卫,51,9.7,3.5,1.3,3.1,42.0,0.7,1.8,39.8,0.2,0.3,64.3,1.0,1.7,0.5,0.1,0.5,0,0
凯尔埃尔·韦尔,中锋,73,22.2,11.1,4.5,8.5,52.9,1.2,3.0,38.4,1.0,1.3,75.5,9.1,0.7,0.8,1.1,0.8,24,0
凯尔登·约翰逊,前锋,78,23.2,13.0,5.0,9.5,52.5,1.2,3.3,37.3,1.8,2.2,79.8,5.3,1.4,0.5,0.1,0.8,5,0
肯里奇·威廉姆斯,后卫,52,14.9,6.4,2.4,4.9,49.8,0.9,2.2,41.2,0.6,1.0,64.0,3.1,1.3,0.6,0.1,0.8,0,0
肯塔维厄斯·考德威尔-波普,后卫,51,21.3,8.4,2.9,7.2,41.0,1.1,3.4,31.6,1.4,1.6,91.3,2.5,2.7,0.8,0.2,1.2,0,0
基翁·埃利斯,后卫,69,20.4,6.6,2.3,5.3,43.8,1.3,3.5,36.3,0.7,0.9,72.3,1.9,0.9,1.2,0.7,0.6,0,0
凯文·杜兰特,前锋,75,36.4,25.9,9.1,17.6,51.9,2.4,5.8,41.0,5.2,6.0,87.7,5.4,4.8,0.8,0.9,3.2,7,0
凯文·赫尔特,后卫,66,22.4,9.9,3.9,8.6,45.0,1.4,4.7,30.2,0.8,1.0,76.8,3.5,2.5,0.8,0.5,1.0,1,0
基扬特·乔治,后卫,54,33.1,23.6,7.4,16.3,45.6,2.5,6.7,37.1,6.2,7.0,89.2,3.7,6.1,1.1,0.3,3.1,4,0
克里斯·米德尔顿,前锋,58,23.3,10.4,3.7,8.9,42.0,1.1,3.0,35.1,1.9,2.2,86.7,3.8,2.9,0.7,0.2,1.8,2,0
克莱·汤普森,后卫,66,21.8,11.8,4.2,10.5,39.5,2.9,7.6,38.6,0.5,0.7,75.6,2.1,1.4,0.5,0.3,0.9,0,0
科比·布朗,后卫,58,15.3,5.6,2.0,4.3,46.6,0.8,2.2,37.0,0.8,1.0,80.4,2.9,1.3,0.3,0.2,0.8,0,0
科比·桑德斯,后卫,64,19.8,7.1,2.6,5.6,46.3,1.1,2.8,40.8,0.8,1.0,80.3,2.2,1.6,0.7,0.1,1.2,0,0
康·克努佩尔,后卫,78,31.5,18.7,6.4,13.4,48.1,3.4,7.9,43.0,2.5,2.9,86.2,5.3,3.4,0.7,0.2,2.0,7,0
克里斯·邓恩,后卫,78,27.3,7.5,2.8,5.9,48.3,1.0,2.6,38.2,0.8,1.0,76.5,3.3,3.6,1.6,0.2,1.3,0,0
克里斯·默里,前锋,53,23.6,5.8,2.3,5.0,45.7,0.6,2.2,26.5,0.7,1.0,70.6,3.7,1.4,0.9,0.4,0.8,0,0
凯尔·菲利波夫斯基,前锋,76,23.5,11.4,4.2,8.5,49.4,1.0,2.9,32.6,2.1,2.8,74.8,7.2,2.5,1.0,0.5,1.6,13,0
凯尔·库兹马,前锋,68,26.3,13.1,4.9,10.1,49.1,1.2,3.5,34.5,2.0,2.7,72.4,4.6,2.6,0.7,0.4,1.7,4,0
凯肖恩·乔治,前锋,48,29.0,14.8,5.3,12.0,43.8,2.1,5.4,38.1,2.2,2.7,80.2,5.1,4.5,1.0,0.9,2.6,3,0
拉梅洛·鲍尔,后卫,69,27.8,19.8,7.0,17.1,40.6,3.7,10.0,36.8,2.1,2.4,89.2,4.8,7.2,1.2,0.2,2.7,10,1
兰德里·沙梅特,后卫,48,23.0,9.6,3.2,7.3,44.2,2.1,5.3,39.4,1.1,1.5,71.6,1.9,1.4,0.6,0.2,0.6,0,0
勒布朗·詹姆斯,前锋,56,33.4,20.6,7.8,15.2,51.1,1.3,4.1,31.3,3.8,5.2,74.4,6.0,6.9,1.1,0.6,2.9,14,3
吕冈茨·多尔特,后卫,65,27.2,8.5,3.0,7.7,38.5,1.9,5.4,34.2,0.7,0.9,75.9,3.7,1.2,0.8,0.4,0.8,0,0
卢卡·东契奇,后卫,64,35.8,33.5,10.8,22.8,47.6,4.0,10.8,36.6,7.9,10.1,78.0,7.7,8.3,1.6,0.5,4.0,34,8
卢卡·加尔扎,中锋,67,15.9,7.7,2.8,4.9,58.3,0.8,1.8,44.1,1.3,1.6,76.4,3.9,0.9,0.4,0.4,0.6,1,0
卢克·肯纳德,后卫,73,21.2,8.1,2.9,5.4,54.2,1.5,3.2,48.7,0.7,0.7,92.6,2.2,1.9,0.6,0.1,0.7,0,0
卢克·科内特,中锋,65,21.0,6.5,2.5,4.0,64.0,0.0,0.0,0.0,1.4,1.7,82.1,6.1,1.8,0.4,1.0,0.4,3,0
马利克·蒙克,后卫,60,22.4,12.6,4.5,10.4,43.5,2.0,5.2,39.2,1.6,1.8,87.8,1.9,3.1,0.6,0.4,1.5,0,0
马库斯·斯马特,后卫,60,28.8,9.5,3.1,7.7,39.9,1.6,4.8,33.6,1.7,2.1,81.6,2.8,2.8,1.4,0.4,1.5,0,0
马克·威廉姆斯,中锋,58,23.6,11.6,4.7,7.4,63.9,0.0,0.0,100.0,2.2,2.8,77.0,8.0,1.0,0.9,0.9,1.1,14,0
马文·巴格利三世,前锋,56,20.0,10.3,4.2,6.8,61.6,0.3,0.8,45.2,1.6,2.5,65.2,6.1,1.4,0.5,0.7,1.1,6,0
马塔斯·布泽利斯,前锋,76,29.2,16.3,5.8,12.4,46.5,2.3,6.4,35.6,2.4,3.1,78.7,5.8,2.0,0.7,1.5,2.1,4,0
马克斯·克里斯蒂,后卫,72,29.4,12.2,4.2,9.5,44.3,2.3,5.8,40.5,1.5,1.7,89.2,3.3,2.0,0.6,0.3,1.3,0,0
马克西姆·雷诺,中锋,71,26.2,12.1,5.1,8.9,56.7,0.3,0.9,29.2,1.7,2.2,78.2,7.5,1.3,0.5,0.5,1.2,18,0
迈卡·皮维,后卫,58,13.8,3.8,1.6,4.2,37.0,0.4,1.7,24.5,0.3,0.4,71.4,1.8,0.9,0.7,0.1,0.3,0,0
小迈克尔·波特,前锋,52,32.5,24.2,8.5,18.4,46.3,3.4,9.3,36.3,3.8,4.4,85.9,7.1,3.0,1.1,0.3,2.3,12,0
米卡尔·布里奇斯,后卫,78,33.3,14.7,5.8,12.0,48.7,1.9,5.3,37.1,1.0,1.2,83.2,3.9,3.8,1.3,0.8,1.1,1,0
迈克·康利,后卫,52,18.2,4.4,1.3,4.0,32.0,1.0,3.1,32.1,0.9,1.0,90.0,1.7,2.9,0.6,0.3,0.6,0,0
迈尔斯·布里奇斯,前锋,74,31.2,17.4,6.3,13.8,46.0,2.0,5.9,33.6,2.7,3.3,83.1,5.8,3.2,0.6,0.4,1.4,7,0
米切尔·罗宾逊,中锋,58,19.6,5.6,2.4,3.4,72.4,0.0,0.0,0.0,0.7,1.7,40.6,8.7,0.9,0.9,1.1,0.7,6,0
穆罕默德·迪亚瓦拉,前锋,67,8.8,3.6,1.3,3.0,43.6,0.7,1.8,39.0,0.2,0.3,73.7,1.3,0.7,0.2,0.1,0.4,0,0
摩西·穆迪,后卫,60,25.7,12.1,4.1,9.3,44.0,2.5,6.3,40.1,1.5,1.9,77.0,3.3,1.6,1.0,0.6,1.0,0,0
穆罕默德·盖耶,前锋,74,15.4,4.5,1.7,3.8,45.4,0.5,1.7,30.6,0.5,0.8,64.5,3.6,0.9,0.8,0.5,0.4,3,0
穆萨·迪亚巴特,前锋,70,25.9,8.0,3.2,5.0,63.2,0.0,0.0,50.0,1.6,2.5,66.3,8.8,1.9,0.8,1.0,1.0,20,0
迈尔斯·特纳,中锋,70,26.9,11.9,4.0,9.1,43.8,2.1,5.4,38.5,1.9,2.5,74.4,5.3,1.4,0.7,1.6,1.2,4,0
纳奎恩·汤姆林,前锋,61,15.2,5.5,2.2,4.7,47.0,0.4,1.7,21.0,0.7,0.9,75.0,2.7,0.7,0.6,0.5,0.4,0,0
纳吉·马绍尔,前锋,72,29.6,15.4,5.7,11.1,51.2,0.9,2.9,29.5,3.1,4.1,76.5,4.7,3.3,1.1,0.1,1.6,2,0
纳兹·里德,中锋,75,26.1,13.5,5.1,11.3,45.2,2.1,5.8,36.1,1.2,1.6,73.3,6.3,2.2,0.9,1.0,1.6,6,0
尼米亚斯·科塔,中锋,73,25.5,10.2,4.3,6.6,64.8,0.0,0.1,0.0,1.7,2.4,69.9,8.4,1.6,0.8,1.3,1.0,16,0
尼克·克拉克斯顿,中锋,69,27.8,11.7,4.8,8.4,57.1,0.0,0.3,15.8,2.0,3.3,61.6,6.9,3.7,0.7,1.1,1.4,11,2
尼克·理查兹,中锋,48,14.6,5.8,2.1,4.2,51.2,0.1,0.4,27.8,1.4,2.1,64.4,5.1,0.3,0.2,0.7,1.2,4,0
尼基尔·亚历山大-沃克,后卫,75,33.2,20.6,6.9,15.3,45.4,3.2,8.0,39.4,3.6,4.0,90.0,3.5,3.7,1.3,0.5,2.1,2,0
尼古拉斯·巴图姆,前锋,71,17.8,4.0,1.3,3.3,39.8,1.2,3.1,39.8,0.1,0.2,81.8,2.5,0.9,0.7,0.3,0.5,0,0
尼古拉·约基奇,中锋,62,35.0,27.9,10.0,17.4,57.1,1.8,4.6,38.3,6.2,7.5,82.7,12.9,10.9,1.4,0.8,3.8,53,32
尼古拉·约维奇,前锋,47,17.2,7.3,2.4,6.7,36.6,1.0,3.6,26.9,1.5,2.1,68.3,3.3,2.2,0.6,0.4,1.4,0,0
尼古拉·武切维奇,中锋,61,28.7,15.4,6.3,12.7,49.5,1.6,4.2,37.0,1.2,1.5,83.5,8.5,3.3,0.6,0.7,1.3,23,0
尼克·克利福德,后卫,72,24.6,8.2,3.2,7.7,41.4,1.0,3.1,33.6,0.8,1.1,68.8,3.7,2.3,0.9,0.3,1.5,0,0
诺阿·克洛尼,前锋,66,27.0,12.3,3.8,9.6,39.6,2.0,5.9,32.9,2.7,3.4,80.4,4.1,1.6,0.8,0.7,1.5,1,0
诺阿·彭达,前锋,56,13.2,4.1,1.5,3.6,41.2,0.5,1.6,33.3,0.6,0.9,68.8,3.3,1.2,0.5,0.3,0.8,2,0
诺兰·特拉奥雷,后卫,54,22.6,8.9,3.2,8.6,37.8,1.1,3.4,32.4,1.3,1.7,78.0,1.7,3.9,0.8,0.4,2.3,1,0
诺曼·鲍威尔,后卫,55,30.1,22.1,7.4,15.7,47.3,2.7,7.1,38.4,4.5,5.5,82.5,3.6,2.6,1.1,0.3,1.9,1,0
奥柴·阿巴吉,后卫,62,15.7,5.1,2.0,4.5,43.6,0.5,2.1,26.6,0.6,0.7,83.7,2.3,0.8,0.4,0.3,0.5,0,0
欧吉·阿奴诺比,前锋,64,33.4,16.9,5.9,12.1,48.6,2.3,6.0,38.8,2.8,3.4,82.3,5.3,2.2,1.6,0.7,1.9,5,0
奥利维耶-马克桑斯·普罗斯珀,前锋,52,18.5,9.7,3.5,6.5,53.8,1.1,2.8,39.2,1.7,2.2,76.1,3.5,1.0,0.8,0.3,0.9,1,0
奥涅卡·奥孔古,前锋,71,31.0,15.4,5.6,11.7,48.2,2.0,5.2,37.9,2.1,2.8,75.5,7.7,3.2,1.1,1.1,1.7,16,0
奥索·伊戈达罗,前锋,78,22.3,6.5,2.9,4.5,65.4,0.0,0.0,0.0,0.7,1.4,45.1,5.1,2.3,0.9,0.7,1.2,4,0
乌斯曼·吉昂,前锋,53,18.2,7.2,2.8,6.6,42.4,1.1,3.1,36.4,0.5,0.7,72.2,2.9,2.1,0.4,0.3,1.0,4,0
皮杰·华盛顿,前锋,55,31.0,14.1,5.3,11.8,44.8,1.3,4.1,32.0,2.3,3.3,68.7,7.1,1.8,1.0,1.1,1.7,8,0
保罗·班凯罗,前锋,68,34.9,22.2,7.3,16.1,45.7,1.2,3.9,30.8,6.4,8.2,77.4,8.4,5.1,0.7,0.6,3.1,25,2
帕斯卡尔·西亚卡姆,前锋,62,33.2,24.0,9.0,18.6,48.4,1.7,4.7,35.8,4.2,6.1,69.3,6.6,3.8,1.1,0.4,2.2,10,0
帕特·斯潘塞,后卫,62,18.0,7.1,2.8,6.4,43.3,0.9,2.4,36.0,0.7,0.9,78.2,2.4,3.5,0.7,0.1,1.3,1,0
帕特里克·威廉姆斯,前锋,68,19.7,6.6,2.4,6.4,36.9,1.2,3.6,34.0,0.7,1.0,68.2,2.8,1.3,0.6,0.3,1.0,0,0
保罗·里德,前锋,61,13.8,7.5,3.1,5.1,60.1,0.2,0.6,32.4,1.1,1.7,65.0,4.5,1.2,0.9,0.9,0.9,3,0
佩顿·普里查德,后卫,76,32.4,17.0,6.4,13.8,46.2,2.6,7.1,37.2,1.6,1.8,88.8,4.0,5.1,0.8,0.1,1.4,4,0
佩勒·拉尔松,后卫,67,26.3,11.3,3.9,7.9,50.0,0.9,2.7,32.2,2.6,3.3,79.2,3.5,3.4,0.7,0.2,1.4,1,0
佩顿·沃特森,后卫,54,29.6,14.6,5.3,10.8,49.1,1.5,3.6,41.1,2.6,3.5,73.0,4.9,2.1,0.9,1.1,1.7,2,0
普雷舍斯·阿丘瓦,大前锋,70,23.6,9.9,4.3,7.9,53.8,0.4,1.3,30.7,1.0,1.8,54.8,6.7,1.3,0.9,0.7,0.9,11,0
昆汀·格兰姆斯,后卫,71,29.7,13.5,4.5,10.1,45.2,1.7,5.1,33.2,2.7,3.2,83.7,3.7,3.4,0.9,0.4,1.8,2,0
昆滕·波斯特,中锋,67,17.3,7.7,2.9,6.6,44.0,1.4,4.1,33.6,0.5,0.6,79.1,4.0,1.4,0.4,0.5,0.8,0,0
拉希尔·弗莱明,前锋,51,11.7,4.2,1.5,3.8,40.7,0.8,2.3,34.5,0.4,0.6,56.3,2.3,0.2,0.4,0.4,0.4,0,0
拉扬·鲁珀特,后卫,62,16.0,4.8,1.7,4.4,39.6,0.7,1.9,34.2,0.6,0.8,76.0,2.6,1.0,0.8,0.1,0.7,1,1
里德·谢泼德,后卫,78,26.4,13.6,5.0,11.5,43.1,2.8,7.0,39.7,0.9,1.1,81.0,2.9,3.4,1.5,0.7,1.6,2,0
阿尔杰·巴雷特,前锋,54,30.2,19.1,7.0,14.3,49.2,1.7,5.0,34.4,3.4,4.8,71.2,5.2,3.4,0.7,0.3,1.8,0,0
罗布·迪林厄姆,后卫,61,14.1,5.6,2.2,5.9,38.3,0.6,1.8,30.6,0.5,0.7,74.4,1.8,2.2,0.7,0.1,1.4,0,0
罗伯特·威廉姆斯三世,中锋,55,16.9,6.7,3.0,4.2,71.6,0.1,0.4,33.3,0.5,0.9,61.7,6.9,1.0,0.6,1.5,0.8,4,0
罗纳德·霍兰二世,前锋,74,19.8,8.1,3.0,6.9,43.1,0.6,2.5,23.1,1.6,2.0,80.1,4.1,1.2,1.2,0.3,1.2,2,0
罗伊斯·奥尼尔,前锋,75,28.7,9.8,3.4,8.1,41.9,2.7,6.7,40.8,0.3,0.5,72.2,4.8,2.7,1.1,0.4,1.4,2,0
鲁迪·戈贝尔,中锋,75,31.3,11.0,4.4,6.5,68.5,0.0,0.1,0.0,2.1,4.0,52.5,11.5,1.7,0.8,1.6,1.4,33,0
八村塁,前锋,63,28.1,11.1,4.3,8.6,50.6,1.7,3.9,43.0,0.7,1.0,73.3,3.2,0.8,0.5,0.3,0.6,0,0
拉塞尔·威斯布鲁克,后卫,64,29.0,15.2,5.6,13.1,42.7,2.0,5.9,33.8,2.0,2.9,69.4,5.4,6.7,1.3,0.2,3.3,16,6
瑞安·邓恩,前锋,66,19.3,5.8,2.4,5.2,45.2,0.8,2.4,33.5,0.3,0.6,47.6,4.2,1.4,0.9,0.4,0.8,1,0
瑞安·卡尔克布伦纳,中锋,66,21.5,7.6,3.2,4.3,74.6,0.0,0.1,0.0,1.2,1.7,70.8,5.5,0.8,0.5,1.5,0.9,3,0
瑞安·内姆哈德,后卫,56,18.7,6.2,2.5,6.2,40.9,0.8,2.3,36.5,0.4,0.5,76.9,2.0,4.9,0.4,0.0,1.4,3,0
瑞安·罗林斯,后卫,73,32.1,17.2,6.5,13.8,47.3,2.5,6.1,40.9,1.6,2.1,78.8,4.6,5.6,1.5,0.4,2.7,6,0
萨迪克·贝,后卫,72,31.2,17.7,6.1,13.4,45.1,2.1,5.7,36.7,3.4,4.1,84.1,5.6,2.5,0.9,0.1,0.9,7,0
萨姆·豪瑟,前锋,75,24.8,9.1,3.2,7.7,41.8,2.5,6.4,38.9,0.2,0.3,85.0,3.8,1.4,0.5,0.3,0.5,0,0
萨姆·梅里尔,后卫,50,26.4,12.7,4.3,9.3,46.0,3.0,7.2,42.1,1.1,1.3,86.2,2.6,2.4,0.6,0.1,0.8,1,0
桑德罗·马穆凯拉什维利,前锋,76,21.9,11.2,4.1,7.9,52.3,1.4,3.7,38.6,1.5,2.0,75.3,4.9,1.9,0.8,0.5,0.8,3,0
斯科蒂·巴恩斯,前锋,76,33.7,18.1,7.1,14.2,50.2,0.8,2.9,29.2,3.0,3.7,81.3,7.5,5.9,1.5,1.5,2.7,29,2
谢登·夏普,后卫,48,30.0,21.4,8.0,17.6,45.6,2.1,6.2,34.0,3.2,4.0,78.4,4.4,2.6,1.4,0.1,3.0,0,0
谢伊·吉尔杰斯-亚历山大,后卫,66,33.3,31.4,10.8,19.5,55.2,1.7,4.4,38.3,8.1,9.2,88.0,4.4,6.5,1.4,0.8,2.2,7,0
西迪·西索科,后卫,71,19.9,5.3,1.9,4.7,39.9,0.8,2.8,30.1,0.8,1.2,65.1,2.3,1.5,0.7,0.4,1.0,0,0
西蒙尼·丰泰基奥,前锋,69,16.6,8.3,2.7,6.7,40.3,1.7,4.6,36.6,1.2,1.4,84.0,3.0,1.4,0.5,0.1,0.7,0,0
赛昂·詹姆斯,后卫,79,22.6,5.4,1.7,4.5,37.7,1.0,2.8,36.2,1.0,1.2,84.5,3.5,2.0,0.6,0.3,0.8,0,0
斯潘塞·琼斯,前锋,64,22.1,5.5,2.1,4.1,50.4,0.9,2.3,39.6,0.5,0.8,60.8,3.3,0.8,0.8,0.5,0.5,1,0
斯蒂芬·卡斯尔,后卫,66,30.0,16.7,5.7,12.0,47.4,1.2,3.6,32.6,4.2,5.7,73.3,5.2,7.3,1.1,0.3,3.2,16,4
斯维·米哈伊柳克,后卫,50,23.1,9.4,3.5,7.2,47.8,2.0,4.8,40.8,0.5,0.6,89.3,2.5,1.9,0.5,0.1,0.8,0,0
提杰·麦康奈尔,后卫,56,17.2,9.4,4.3,8.0,53.8,0.3,0.9,32.0,0.4,0.5,86.2,2.2,5.1,1.0,0.2,1.1,1,0
塔里·伊森,前锋,56,25.8,10.4,4.0,9.7,41.1,1.6,4.4,36.3,0.8,1.1,75.0,6.3,1.5,1.2,0.5,1.4,6,0
泰勒·亨德里克斯,前锋,58,18.9,7.3,2.7,6.0,45.2,1.1,3.1,33.7,0.8,1.2,67.1,3.7,0.9,0.8,0.5,0.8,2,0
特伦斯·曼,后卫,63,24.3,7.2,2.7,5.8,45.7,0.9,2.4,36.4,1.0,1.3,78.8,3.2,3.0,0.7,0.2,1.1,0,0
托马斯·布莱恩特,中锋,60,12.2,6.2,2.3,4.5,50.6,0.8,2.2,35.9,0.9,1.1,80.3,3.4,0.6,0.3,0.4,0.5,1,0
小蒂姆·哈达威,后卫,77,26.7,13.6,4.4,9.7,45.1,2.8,6.9,41.1,2.0,2.5,81.3,2.6,1.3,0.5,0.1,0.5,0,0
托拜厄斯·哈里斯,前锋,60,27.9,13.2,4.9,10.6,46.4,1.3,3.6,34.9,2.2,2.5,87.3,5.1,2.6,0.9,0.4,1.0,3,0
图马尼·卡马拉,前锋,78,33.2,13.2,4.7,10.7,43.9,2.6,7.1,36.6,1.2,1.7,70.4,5.2,2.4,1.1,0.4,1.8,3,0
特雷斯·杰克逊-戴维斯,前锋,51,9.6,3.5,1.4,2.4,57.0,0.0,0.0,100.0,0.7,1.5,51.4,2.8,0.8,0.3,0.5,0.5,1,0
特雷·约翰逊,后卫,60,24.1,12.2,4.5,10.8,41.9,1.9,5.4,35.8,1.3,1.5,87.4,2.8,2.0,0.6,0.3,1.6,0,0
特雷·琼斯,后卫,61,27.0,13.7,5.1,9.3,55.4,0.6,2.0,31.9,2.8,3.4,82.5,3.1,5.4,1.2,0.2,1.4,5,0
特雷·曼,后卫,51,13.0,5.7,2.1,5.8,36.2,1.0,3.0,32.7,0.5,0.5,85.2,1.8,1.7,0.5,0.1,1.0,0,0
特伦登·沃特福德,前锋,52,16.5,6.6,2.6,5.1,51.3,0.2,1.0,20.0,1.2,1.5,77.9,3.3,2.5,0.3,0.4,1.2,1,1
特雷·墨菲三世,前锋,66,35.5,21.5,7.5,15.9,47.0,3.2,8.6,37.9,3.3,3.7,88.6,5.7,3.8,1.5,0.4,1.8,4,0
特里斯坦·达席尔瓦,前锋,73,24.7,10.0,3.6,8.1,44.8,1.6,4.2,38.1,1.1,1.2,89.0,3.7,1.5,0.9,0.3,0.9,0,0
特里斯坦·武克切维奇,前锋,49,13.7,9.0,3.1,6.5,48.0,1.0,2.9,34.7,1.8,2.3,78.4,3.0,1.1,0.5,0.7,1.3,1,0
泰勒·科莱克,后卫,62,11.7,4.4,1.7,4.0,43.5,0.7,1.8,38.6,0.2,0.3,70.0,1.6,2.7,0.4,0.1,0.9,2,0
泰瑞斯·马克西,后卫,66,38.2,28.6,10.0,21.6,46.3,3.2,8.6,37.0,5.4,6.1,89.0,4.2,6.7,1.9,0.8,2.4,7,0
泰瑞斯·普罗克特,后卫,47,10.1,4.8,1.6,4.1,39.9,0.8,2.4,33.9,0.7,0.8,88.9,1.1,1.3,0.4,0.0,0.6,0,0
泰厄斯·琼斯,后卫,65,14.4,2.8,1.1,3.2,34.6,0.6,2.0,27.7,0.1,0.1,77.8,1.0,2.3,0.6,0.0,0.3,0,0
维克托·文班亚马,前锋,62,29.4,24.9,8.6,16.9,50.9,1.9,5.5,35.0,5.8,7.0,82.8,11.6,3.1,1.0,3.1,2.4,41,1
维特·克雷伊奇,后卫,64,21.7,8.6,3.0,6.7,44.8,2.0,5.1,39.1,0.6,0.8,74.5,2.3,1.6,0.7,0.3,0.6,0,0
维杰·埃奇库姆,后卫,71,34.8,16.1,6.0,13.7,43.9,2.0,5.6,35.8,2.0,2.4,82.7,5.5,4.1,1.4,0.5,1.8,7,0
小沃尔特·克莱顿,后卫,67,20.4,7.7,2.5,6.6,38.1,1.1,3.5,30.3,1.6,1.8,89.8,2.0,4.0,0.7,0.3,1.7,0,0
小温德尔·卡特,中锋,74,29.6,12.1,4.3,8.3,51.6,1.0,3.0,32.3,2.5,3.1,79.7,7.5,2.0,0.8,0.6,1.3,12,0
威尔·理查德,后卫,67,20.2,6.6,2.4,5.1,47.4,1.1,3.1,34.1,0.7,0.8,85.2,2.5,1.4,1.2,0.1,0.8,0,0
威尔·赖利,后卫,70,21.4,10.2,3.6,7.9,45.6,1.1,3.2,33.8,1.9,2.4,79.5,2.7,1.9,0.7,0.1,1.2,2,0
伊夫·米西,中锋,66,19.7,5.7,2.4,4.5,54.4,0.0,0.0,0.0,0.9,1.5,55.9,5.8,1.3,0.3,1.5,0.8,5,0
扎卡里·里萨谢,前锋,64,22.7,9.7,3.7,8.1,45.8,1.5,3.9,37.6,0.9,1.3,64.0,3.8,1.1,0.9,0.5,0.9,0,0
泽克·纳吉,前锋,49,11.9,3.7,1.3,2.9,47.1,0.3,1.0,26.5,0.7,0.9,77.3,2.6,0.5,0.3,0.4,0.5,2,0
齐艾尔·威廉姆斯,前锋,56,22.9,10.2,3.3,7.7,42.5,1.5,4.5,34.3,2.1,2.5,85.0,2.4,1.1,1.4,0.4,1.1,0,0
锡安·威廉森,前锋,62,29.7,21.0,7.8,13.0,60.0,0.0,0.1,25.0,5.4,7.5,71.6,5.7,3.2,1.0,0.5,2.0,6,0
