指标,count,mean,std,min,25%,50%,75%,max,中位数,变异系数
胜率,30.0,0.5002666666666667,0.16711609289876045,0.218,0.33375,0.541,0.628,0.795,0.541,0.33405402365157333
场均净胜分,30.0,0.013333333333333286,6.204988723395979,-11.5,-5.35,1.45,4.65,11.7,1.45,465.3741542547001
场均得分,30.0,115.55333333333334,3.2052471348403526,106.2,114.1,115.4,117.4,121.6,115.4,0.027738249017830317
对手场均得分,30.0,115.55333333333333,4.741579347922344,107.0,111.65,115.55,119.15,125.9,115.55,0.04103368731254553
投篮命中率(%),30.0,47.08,1.2669267730519638,44.4,46.3,46.7,47.975,50.1,46.7,0.02691008438937901
三分命中率(%),30.0,35.93333333333333,1.3603583030377246,34.0,35.1,35.9,36.625,39.6,35.9,0.037857837746875456
罚球命中率(%),30.0,78.28333333333335,2.2433170227071835,73.1,76.8,78.0,80.075,82.4,78.0,0.028656380958575898
场均篮板,30.0,43.76666666666666,2.1268940173218644,39.4,42.15,43.6,45.45,47.9,43.6,0.04859620755495502
场均助攻,30.0,26.703333333333333,1.780058761783526,23.8,25.2,26.2,28.225,30.3,26.2,0.06666054531707125
场均抢断,30.0,8.406666666666668,0.9085544916887571,6.8,7.6,8.45,8.875,10.4,8.45,0.1080754748241979
场均盖帽,30.0,4.85,0.6537689141458534,3.8,4.325,4.9,5.3500000000000005,6.3,4.9,0.134797714256877
场均失误,30.0,13.816666666666665,1.0757782534401377,11.4,13.125,13.7,14.4,16.6,13.7,0.07786091098481095
