指标,count,mean,std,min,25%,50%,75%,max,中位数
出场次数,311.0,63.459807073954984,8.856790285211,47.0,56.0,64.0,71.0,79.0,64.0
场均时间(分钟),311.0,23.678778135048233,6.974242920108364,8.8,18.15,23.6,29.4,38.2,23.6
场均得分,311.0,11.481028938906753,6.2220622218608685,1.9,6.6,10.0,14.8,33.5,10.0
场均篮板,311.0,4.27427652733119,2.19571004917775,1.0,2.7,3.8,5.3,12.9,3.8
场均助攻,311.0,2.6331189710610934,1.8835355178733826,0.2,1.3,2.0,3.45,10.9,2.0
场均抢断,311.0,0.8212218649517685,0.3608231435755426,0.1,0.6,0.8,1.0,2.0,0.8
场均盖帽,311.0,0.48263665594855304,0.40903599471756447,0.0,0.2,0.4,0.7,3.1,0.4
场均失误,311.0,1.3604501607717043,0.7845761892267615,0.3,0.8,1.2,1.8,4.0,1.2
投篮命中率(%),311.0,47.459807073954984,7.3042646819036205,32.0,43.1,45.8,50.150000000000006,79.6,45.8
三分命中率(%),311.0,33.98810289389067,11.045230466893754,0.0,32.0,35.3,38.4,100.0,35.3
罚球命中率(%),311.0,76.79163987138264,9.150504703807604,40.6,71.6,78.0,83.05,95.0,78.0
两双次数,311.0,5.160771704180064,8.87620258363775,0.0,0.0,2.0,6.0,53.0,2.0
三双次数,311.0,0.36977491961414793,2.2204880924090165,0.0,0.0,0.0,0.0,32.0,0.0
