指标,胜率,场均净胜分,场均得分,对手场均得分,投篮命中率(%),三分命中率(%),罚球命中率(%),场均篮板,场均助攻,场均抢断,场均盖帽,场均失误,三分出手占比,助攻失误比,主场胜率,客场胜率,最近10场胜率
胜率,1.0,0.9708410635010136,0.6505601596085647,-0.8310399698448272,0.6155154883512407,0.3957704229125764,0.25567048062495384,0.5161153670355105,0.07449715188570691,0.2367027282587675,0.289072994312317,-0.5635883791604427,0.06379745164970586,0.4811122189242978,0.9806028637923923,0.983773834758265,0.8728357737920617
场均净胜分,0.9708410635010136,1.0,0.6621539876637897,-0.8619929872906275,0.5382040671525545,0.42500508162818057,0.3472035154890689,0.5777368745006736,0.10945158664713533,0.23002898612713968,0.2720961601857641,-0.5810845013198082,0.10781095342747606,0.5144165250909674,0.950244962986057,0.9562478386672131,0.8504160617081007
场均得分,0.6505601596085647,0.6621539876637897,1.0,-0.19098633892020392,0.5490831301881769,0.3567203653533343,0.2979393611956101,0.5825173412193777,0.49464830658042874,0.12171790005520908,0.14497466813469692,-0.42488400290138584,-0.015703299941436086,0.6362994019007961,0.6364517069320217,0.6370060089826737,0.5421591768976209
对手场均得分,-0.8310399698448272,-0.8619929872906275,-0.19098633892020392,1.0,-0.3301077569768111,-0.31724705910964607,-0.2562439227463797,-0.36352516612029934,0.18885062585152945,-0.22020598293470892,-0.2585180292734953,0.4741117288913885,-0.1545183809688862,-0.24527372121353466,-0.8136495499317772,-0.8210314984937873,-0.7469351551781246
投篮命中率(%),0.6155154883512407,0.5382040671525545,0.5490831301881769,-0.3301077569768111,1.0,0.4799847336751182,-0.035306350259506236,0.08868248889660744,0.14482976916981521,0.039663176591366076,0.0953370487869309,-0.4680577663219526,-0.3167989597540814,0.43034543330593417,0.6066232640281832,0.6017176326537923,0.5413974729168608
三分命中率(%),0.3957704229125764,0.42500508162818057,0.3567203653533343,-0.31724705910964607,0.4799847336751182,1.0,0.11713782958389808,0.1297074052890807,0.15004364034156062,-0.25463019327651043,-0.25589886481655977,-0.35312704266080724,0.3178738414646261,0.3601697911279905,0.36873189907986237,0.40386064337304584,0.4289346728752305
罚球命中率(%),0.25567048062495384,0.3472035154890689,0.2979393611956101,-0.2562439227463797,-0.035306350259506236,0.11713782958389808,1.0,0.05697382679485632,0.02669744341493278,0.08820147835728616,-0.14118875068634273,-0.4229653134809321,0.25072198130079104,0.3287860577457212,0.22135090196455187,0.285551580144112,0.25875802036795637
场均篮板,0.5161153670355105,0.5777368745006736,0.5825173412193777,-0.36352516612029934,0.08868248889660744,0.1297074052890807,0.05697382679485632,1.0,0.13874481389007806,-0.10337932449924914,0.37991868306484694,-0.18240569171740503,-0.02171087387353966,0.24440829037460615,0.564752626009419,0.44955607488776783,0.4706600054859047
场均助攻,0.07449715188570691,0.10945158664713533,0.49464830658042874,0.18885062585152945,0.14482976916981521,0.15004364034156062,0.02669744341493278,0.13874481389007806,1.0,0.08463193186277618,-0.30090078734939996,-0.07169845568214994,0.1099178292536635,0.6765064626510418,0.05231868370544792,0.08232506307773875,-0.018397683085041104
场均抢断,0.2367027282587675,0.23002898612713968,0.12171790005520908,-0.22020598293470892,0.039663176591366076,-0.25463019327651043,0.08820147835728616,-0.10337932449924914,0.08463193186277618,1.0,0.2757530758038965,0.045040767328283486,-0.16723958827803262,-0.010198694949359521,0.2510526045404634,0.21089701516725098,0.029244993706689208
场均盖帽,0.289072994312317,0.2720961601857641,0.14497466813469692,-0.2585180292734953,0.0953370487869309,-0.25589886481655977,-0.14118875068634273,0.37991868306484694,-0.30090078734939996,0.2757530758038965,1.0,0.03064326182579258,-0.3417875577753832,-0.20202565647623566,0.2715694456855158,0.2950582648880419,0.2770223436745867
场均失误,-0.5635883791604427,-0.5810845013198082,-0.42488400290138584,0.4741117288913885,-0.4680577663219526,-0.35312704266080724,-0.4229653134809321,-0.18240569171740503,-0.07169845568214994,0.045040767328283486,0.03064326182579258,1.0,0.15378582953878508,-0.7771139131710507,-0.5473942067228591,-0.5639723049939341,-0.45062576766516443
三分出手占比,0.06379745164970586,0.10781095342747606,-0.015703299941436086,-0.1545183809688862,-0.3167989597540814,0.3178738414646261,0.25072198130079104,-0.02171087387353966,0.1099178292536635,-0.16723958827803262,-0.3417875577753832,0.15378582953878508,1.0,-0.017859353706177562,0.021397634435882936,0.09874890818882955,0.0974212941544302
助攻失误比,0.4811122189242978,0.5144165250909674,0.6362994019007961,-0.24527372121353466,0.43034543330593417,0.3601697911279905,0.3287860577457212,0.24440829037460615,0.6765064626510418,-0.010198694949359521,-0.20202565647623566,-0.7771139131710507,-0.017859353706177562,1.0,0.4533190090639725,0.4876617937987295,0.35631095080483277
主场胜率,0.9806028637923923,0.950244962986057,0.6364517069320217,-0.8136495499317772,0.6066232640281832,0.36873189907986237,0.22135090196455187,0.564752626009419,0.05231868370544792,0.2510526045404634,0.2715694456855158,-0.5473942067228591,0.021397634435882936,0.4533190090639725,1.0,0.9300050733263752,0.8292849294840786
客场胜率,0.983773834758265,0.9562478386672131,0.6370060089826737,-0.8210314984937873,0.6017176326537923,0.40386064337304584,0.285551580144112,0.44955607488776783,0.08232506307773875,0.21089701516725098,0.2950582648880419,-0.5639723049939341,0.09874890818882955,0.4876617937987295,0.9300050733263752,1.0,0.8852572431094156
最近10场胜率,0.8728357737920617,0.8504160617081007,0.5421591768976209,-0.7469351551781246,0.5413974729168608,0.4289346728752305,0.25875802036795637,0.4706600054859047,-0.018397683085041104,0.029244993706689208,0.2770223436745867,-0.45062576766516443,0.0974212941544302,0.35631095080483277,0.8292849294840786,0.8852572431094156,1.0
