球员姓名,位置大类,出场次数,场均时间(分钟),场均得分
卢卡·东契奇,后卫,64,35.8,33.5
谢伊·吉尔杰斯-亚历山大,后卫,66,33.3,31.4
安东尼·爱德华兹,后卫,60,35.2,28.9
杰伦·布朗,后卫,69,34.4,28.7
泰瑞斯·马克西,后卫,66,38.2,28.6
科怀·伦纳德,前锋,62,32.0,28.0
尼古拉·约基奇,中锋,62,35.0,27.9
多诺万·米切尔,后卫,69,33.4,27.8
杰伦·布伦森,后卫,71,35.0,26.0
凯文·杜兰特,前锋,75,36.4,25.9
德文·布克,后卫,62,33.4,25.8
贾马尔·默里,后卫,73,35.3,25.5
维克托·文班亚马,前锋,62,29.4,24.9
凯德·坎宁安,后卫,61,34.4,24.5
小迈克尔·波特,前锋,52,32.5,24.2
帕斯卡尔·西亚卡姆,前锋,62,33.2,24.0
德尼·阿夫迪亚,前锋,62,33.1,23.9
詹姆斯·哈登,后卫,68,35.0,23.7
基扬特·乔治,后卫,54,33.1,23.6
奥斯汀·里夫斯,后卫,51,34.5,23.3
