球员姓名,位置大类,出场次数,场均时间(分钟),真实命中率TS(%)
杰里科·西姆斯,中锋,63,18.7,77.69337016574586
瑞安·卡尔克布伦纳,中锋,66,21.5,75.27733755942947
贾克森·海斯,中锋,65,18.1,74.9794576828266
罗伯特·威廉姆斯三世,中锋,55,16.9,72.88946910356832
卢克·肯纳德,后卫,73,21.2,70.95304835318849
德怀特·鲍威尔,前锋,58,14.0,70.63356164383562
戈加·比塔泽,中锋,60,14.9,69.44444444444444
卡洛·马特科维奇,前锋,62,14.7,69.37682570593964
卢卡·加尔扎,中锋,67,15.9,68.70092790863669
卢克·科内特,中锋,65,21.0,68.44987363100252
杰伦·杜伦,中锋,67,28.3,68.25819098291795
安东尼·吉尔,前锋,51,16.3,68.1130171543895
德安德烈·艾顿,中锋,67,27.3,67.86339754816112
丹尼尔·加福德,前锋,54,21.8,67.83493499152064
米切尔·罗宾逊,中锋,58,19.6,67.50241080038573
尼古拉·约基奇,中锋,62,35.0,67.3913043478261
马克·威廉姆斯,中锋,58,23.6,67.19184430027804
贾勒特·阿伦,中锋,54,27.1,67.07317073170732
谢伊·吉尔杰斯-亚历山大,后卫,66,33.3,66.67232886020044
尼米亚斯·科塔,中锋,73,25.5,66.61442006269593
