指标,场均时间(分钟),场均得分,场均篮板,场均助攻,场均抢断,场均盖帽,场均失误,投篮命中率(%),三分命中率(%),有效投篮命中率eFG(%),真实命中率TS(%)
场均时间(分钟),1.0,0.8642088423481851,0.5426446365948193,0.676689876040914,0.6292998561955794,0.2558460202197768,0.7539673466382936,0.05950726767064033,0.03751101675451236,0.06681344680743469,0.18193988528826982
场均得分,0.8642088423481851,1.0,0.49997221522475216,0.6962728942763706,0.5261078566004351,0.21621697002352835,0.8348898480071779,0.07841452580826913,0.09152442643326798,0.047729279843589316,0.22152115360792762
场均篮板,0.5426446365948193,0.49997221522475216,1.0,0.2719866682618481,0.27381659520722135,0.627404588850827,0.4684756609224692,0.5068206990330553,-0.21670402683243872,0.33426023654180825,0.3760028004324063
场均助攻,0.676689876040914,0.6962728942763706,0.2719866682618481,1.0,0.5531595214299055,-0.012523976804350913,0.8359926769118886,-0.08096168783001556,0.05100309708603562,-0.15535323970229803,-0.029966626178270804
场均抢断,0.6292998561955794,0.5261078566004351,0.27381659520722135,0.5531595214299055,1.0,0.11441046058127088,0.5330630333951542,-0.0500412923353581,0.012755121215032677,-0.09403208322450833,-0.035425642965732515
场均盖帽,0.2558460202197768,0.21621697002352835,0.627404588850827,-0.012523976804350913,0.11441046058127088,1.0,0.1737588721476975,0.440874227655638,-0.2107848075659736,0.2904758350490073,0.2910290274389356
场均失误,0.7539673466382936,0.8348898480071779,0.4684756609224692,0.8359926769118886,0.5330630333951542,0.1737588721476975,1.0,0.004528835803598416,0.00011676032224495865,-0.11877885716918436,0.041570788612552804
投篮命中率(%),0.05950726767064033,0.07841452580826913,0.5068206990330553,-0.08096168783001556,-0.0500412923353581,0.440874227655638,0.004528835803598416,1.0,-0.23612068837630687,0.8360292754419723,0.8233435379740417
三分命中率(%),0.03751101675451236,0.09152442643326798,-0.21670402683243872,0.05100309708603562,0.012755121215032677,-0.2107848075659736,0.00011676032224495865,-0.23612068837630687,1.0,0.0012666263725036493,0.007869740687473216
有效投篮命中率eFG(%),0.06681344680743469,0.047729279843589316,0.33426023654180825,-0.15535323970229803,-0.09403208322450833,0.2904758350490073,-0.11877885716918436,0.8360292754419723,0.0012666263725036493,1.0,0.9412560549503391
真实命中率TS(%),0.18193988528826982,0.22152115360792762,0.3760028004324063,-0.029966626178270804,-0.035425642965732515,0.2910290274389356,0.041570788612552804,0.8233435379740417,0.007869740687473216,0.9412560549503391,1.0
