球员姓名,位置,出场次数,场均时间(分钟),场均得分,场均投篮命中数,场均投篮出手数,投篮命中率(%),场均三分命中数,场均三分出手数,三分命中率(%),场均罚球命中数,场均罚球出手数,罚球命中率(%),场均篮板,场均助攻,场均抢断,场均盖帽,场均失误,两双次数,三双次数,原始位置,位置大类,每36分钟得分,每36分钟篮板,每36分钟助攻,每36分钟抢断,每36分钟盖帽,每36分钟失误,有效投篮命中率eFG(%),真实命中率TS(%),三分出手占比,助攻失误比,三分得分贡献率,罚球得分贡献率,进入效率榜
阿隆·霍勒迪,后卫,53,13.6,5.4,1.8,4.5,40.5,1.2,3.0,39.0,0.6,0.7,86.5,1.0,1.1,0.4,0.1,0.7,0,0,后卫,后卫,14.294117647058824,2.6470588235294117,2.9117647058823533,1.0588235294117647,0.2647058823529412,1.8529411764705883,53.333333333333336,56.156405990016644,0.6666666666666666,1.5714285714285716,0.6666666666666665,0.1111111111111111,True
阿隆·威金斯,后卫,61,21.9,9.6,3.6,8.4,43.1,1.5,4.2,35.4,0.9,1.1,74.3,3.1,1.7,0.9,0.4,1.3,0,0,后卫,后卫,15.780821917808218,5.095890410958905,2.7945205479452055,1.4794520547945207,0.6575342465753425,2.1369863013698636,51.78571428571428,54.029716343989186,0.5,1.3076923076923077,0.46875,0.09375,True
艾斯·贝利,后卫,70,27.6,13.6,5.4,12.2,44.4,1.9,5.5,34.8,0.9,1.2,76.7,4.1,1.8,0.8,0.7,1.4,0,0,后卫,后卫,17.739130434782606,5.3478260869565215,2.3478260869565215,1.0434782608695652,0.9130434782608695,1.826086956521739,52.04918032786886,53.425518541797615,0.45081967213114754,1.2857142857142858,0.4191176470588235,0.0661764705882353,True
阿德姆·博纳,中锋,68,17.4,4.9,1.9,3.1,60.1,0.0,0.1,33.3,1.1,1.6,70.6,4.4,0.5,0.4,1.2,0.8,1,0,中锋,中锋,10.13793103448276,9.10344827586207,1.0344827586206897,0.8275862068965518,2.4827586206896552,1.6551724137931036,61.29032258064515,64.40588853838065,0.03225806451612903,0.625,0.0,0.22448979591836735,True
艾杰·格林,后卫,74,28.7,9.8,3.2,7.6,41.6,2.8,6.8,40.9,0.6,0.8,84.2,2.6,1.9,0.5,0.1,1.0,0,0,后卫,后卫,12.292682926829269,3.261324041811847,2.3832752613240418,0.6271777003484321,0.1254355400696864,1.2543554006968642,60.526315789473685,61.61971830985916,0.8947368421052632,1.9,0.857142857142857,0.06122448979591836,True
阿杰·米切尔,后卫,55,25.9,13.8,5.1,10.5,48.7,1.1,3.1,34.9,2.5,2.9,87.3,3.4,3.6,1.3,0.3,1.5,1,0,后卫,后卫,19.181467181467184,4.725868725868726,5.003861003861004,1.8069498069498071,0.416988416988417,2.084942084942085,53.80952380952381,58.59375,0.29523809523809524,2.4,0.2391304347826087,0.18115942028985507,True
亚历克斯·卡鲁索,后卫,54,18.5,6.3,2.3,5.4,42.2,0.9,3.3,29.0,0.8,0.9,80.4,2.8,2.0,1.3,0.3,0.9,0,0,后卫,后卫,12.259459459459459,5.448648648648648,3.891891891891892,2.52972972972973,0.5837837837837837,1.7513513513513512,50.92592592592592,54.347826086956516,0.611111111111111,2.2222222222222223,0.4285714285714286,0.126984126984127,True
亚历克斯·萨尔,中锋,48,27.2,16.3,6.6,13.7,48.2,1.0,3.1,33.3,2.1,3.0,69.2,7.4,2.7,0.8,2.0,1.7,12,0,中锋,中锋,21.57352941176471,9.794117647058824,3.573529411764706,1.0588235294117647,2.6470588235294117,2.25,51.82481751824818,54.26098535286285,0.22627737226277375,1.5882352941176472,0.18404907975460122,0.12883435582822086,True
阿尔佩伦·申京,中锋,69,33.4,20.6,8.2,15.7,52.2,0.6,1.9,31.0,3.7,5.4,68.8,8.8,6.2,1.2,1.1,3.1,33,4,中锋,中锋,22.20359281437126,9.48502994011976,6.682634730538923,1.2934131736526946,1.18562874251497,3.3413173652694614,54.14012738853503,56.98163310466917,0.12101910828025478,2.0,0.08737864077669902,0.1796116504854369,True
阿门·汤普森,后卫,76,37.3,17.9,6.9,13.1,52.7,0.3,1.5,22.3,3.8,4.9,77.7,7.8,5.3,1.5,0.6,2.4,19,0,后卫,后卫,17.276139410187668,7.528150134048258,5.115281501340482,1.447721179624665,0.5790884718498659,2.3163538873994636,53.81679389312978,58.66544310435238,0.11450381679389313,2.2083333333333335,0.05027932960893855,0.2122905027932961,True
安德烈·德拉蒙德,中锋,59,19.3,6.3,2.5,5.3,46.9,0.5,1.4,35.3,0.8,1.3,63.6,8.2,1.2,0.6,0.8,1.0,15,0,中锋,中锋,11.751295336787564,15.295336787564766,2.2383419689119166,1.1191709844559583,1.4922279792746114,1.8652849740932642,51.886792452830186,53.644414168937324,0.2641509433962264,1.2,0.2380952380952381,0.126984126984127,True
安德鲁·内姆哈德,后卫,57,31.3,16.9,5.8,13.2,44.2,1.9,5.2,36.1,3.4,4.1,82.5,2.8,7.7,0.9,0.1,2.4,13,0,后卫,后卫,19.43769968051118,3.2204472843450476,8.856230031948881,1.035143769968051,0.11501597444089456,2.7603833865814695,51.13636363636363,56.31831511596908,0.393939393939394,3.2083333333333335,0.33727810650887574,0.20118343195266272,True
安德鲁·威金斯,前锋,64,30.6,15.6,5.9,12.3,47.8,2.0,4.9,41.7,1.8,2.3,78.7,5.0,2.7,1.2,1.1,1.5,2,0,前锋,前锋,18.352941176470587,5.88235294117647,3.176470588235294,1.4117647058823528,1.2941176470588236,1.7647058823529411,56.09756097560975,58.593749999999986,0.3983739837398374,1.8,0.38461538461538464,0.11538461538461539,True
安芬尼·西蒙斯,后卫,55,24.9,14.3,5.2,11.8,44.0,2.7,6.9,38.5,1.3,1.4,89.6,2.5,2.4,0.5,0.1,1.2,0,0,后卫,后卫,20.674698795180728,3.6144578313253013,3.4698795180722892,0.7228915662650602,0.14457831325301207,1.7349397590361446,55.5084745762712,57.586984536082475,0.5847457627118644,2.0,0.5664335664335665,0.09090909090909091,True
安东尼·布莱克,后卫,60,30.7,15.3,5.5,12.3,45.1,1.6,4.7,33.9,2.6,3.6,73.0,3.9,3.8,1.4,0.7,2.1,2,0,后卫,后卫,17.9413680781759,4.5732899022801305,4.456026058631921,1.6416938110749186,0.8208469055374593,2.462540716612378,51.21951219512195,55.09939498703543,0.38211382113821135,1.8095238095238093,0.3137254901960785,0.16993464052287582,True
安东尼·爱德华兹,后卫,60,35.2,28.9,9.9,20.3,48.9,3.4,8.5,39.8,5.7,7.2,79.6,5.0,3.7,1.4,0.8,2.8,2,0,后卫,后卫,29.556818181818176,5.113636363636363,3.784090909090909,1.4318181818181817,0.8181818181818181,2.8636363636363633,57.14285714285714,61.57320606783705,0.4187192118226601,1.3214285714285716,0.3529411764705882,0.19723183391003463,True
安东尼·吉尔,前锋,51,16.3,5.4,2.3,3.7,62.3,0.3,0.8,31.7,0.5,0.6,77.4,2.8,1.3,0.5,0.4,0.7,0,0,前锋,前锋,11.92638036809816,6.184049079754601,2.8711656441717794,1.1042944785276072,0.8834355828220859,1.5460122699386503,66.21621621621621,68.1130171543895,0.21621621621621623,1.8571428571428574,0.16666666666666663,0.09259259259259259,True
阿里尔·胡克波尔蒂,中锋,52,8.8,1.9,0.7,1.3,54.4,0.0,0.1,25.0,0.5,0.6,78.8,2.8,0.5,0.2,0.5,0.6,0,0,中锋,中锋,7.772727272727271,11.454545454545453,2.0454545454545454,0.8181818181818181,2.0454545454545454,2.454545454545454,53.84615384615385,60.74168797953964,0.07692307692307693,0.8333333333333334,0.0,0.2631578947368421,False
奥萨尔·汤普森,后卫,69,26.0,9.9,4.2,8.0,51.8,0.1,0.3,26.1,1.5,2.7,56.5,5.8,3.0,2.0,0.9,1.5,3,0,后卫,后卫,13.707692307692309,8.03076923076923,4.153846153846154,2.769230769230769,1.2461538461538462,2.076923076923077,53.125,53.874619068350015,0.0375,2.0,0.030303030303030307,0.15151515151515152,True
奥斯汀·里夫斯,后卫,51,34.5,23.3,7.3,14.9,49.0,2.3,6.4,36.0,6.3,7.3,87.1,4.7,5.5,1.1,0.4,3.0,6,0,后卫,后卫,24.313043478260873,4.904347826086957,5.739130434782608,1.1478260869565218,0.4173913043478261,3.130434782608696,56.71140939597314,64.32199646643109,0.42953020134228187,1.8333333333333333,0.296137339055794,0.27038626609442057,True
阿约·多苏穆,后卫,67,27.2,14.7,5.5,10.7,51.4,1.8,4.1,44.3,1.8,2.1,87.1,3.5,3.6,0.8,0.3,1.3,2,1,后卫,后卫,19.455882352941174,4.632352941176471,4.764705882352941,1.0588235294117647,0.39705882352941174,1.7205882352941178,59.81308411214954,63.231245698554716,0.38317757009345793,2.769230769230769,0.3673469387755102,0.12244897959183675,True
巴姆·阿德巴约,中锋,69,32.2,20.2,6.9,15.7,43.9,1.7,5.5,31.7,4.6,5.9,77.8,10.0,3.0,1.2,0.7,1.7,32,0,中锋,中锋,22.583850931677013,11.180124223602483,3.354037267080745,1.3416149068322978,0.7826086956521738,1.900621118012422,49.36305732484077,55.20332313073896,0.35031847133757965,1.7647058823529411,0.2524752475247525,0.2277227722772277,True
贝勒·谢尔曼,后卫,73,18.2,5.0,1.8,4.1,44.4,1.1,2.9,38.1,0.3,0.3,86.4,3.5,1.5,0.5,0.1,0.6,4,0,后卫,后卫,9.89010989010989,6.923076923076923,2.967032967032967,0.989010989010989,0.19780219780219782,1.1868131868131868,57.31707317073172,59.073724007561445,0.7073170731707318,2.5,0.66,0.06,True
本·谢泼德,后卫,65,21.4,7.1,2.6,6.0,43.4,1.3,3.6,36.2,0.6,0.8,76.5,3.0,1.8,0.6,0.1,0.6,0,0,后卫,后卫,11.94392523364486,5.046728971962617,3.02803738317757,1.0093457943925233,0.16822429906542058,1.0093457943925233,54.166666666666664,55.887909319899244,0.6,3.0,0.5492957746478874,0.08450704225352113,True
本尼迪克特·马瑟林,后卫,50,30.6,18.2,5.6,12.8,43.6,1.5,4.5,32.2,5.5,6.4,87.1,5.5,2.3,0.8,0.2,2.2,3,0,后卫,后卫,21.41176470588235,6.470588235294118,2.705882352941176,0.9411764705882353,0.23529411764705882,2.588235294117647,49.60937499999999,58.27356557377048,0.3515625,1.0454545454545452,0.24725274725274726,0.30219780219780223,True
比拉尔·库利巴利,后卫,54,26.3,11.4,4.0,9.5,41.6,1.1,3.7,30.8,2.3,3.1,74.7,4.4,2.6,1.4,0.9,1.5,0,0,后卫,后卫,15.604562737642587,6.022813688212928,3.5589353612167303,1.9163498098859315,1.2319391634980987,2.053231939163498,47.89473684210526,52.466863033873345,0.38947368421052636,1.7333333333333334,0.2894736842105263,0.20175438596491227,True
博比·波蒂斯,前锋,67,24.2,13.7,5.5,11.2,48.8,2.0,4.4,45.6,0.7,1.0,70.6,6.4,1.6,0.6,0.2,1.0,11,0,前锋,前锋,20.380165289256198,9.520661157024794,2.3801652892561984,0.8925619834710743,0.2975206611570248,1.4876033057851241,58.03571428571429,58.84879725085911,0.3928571428571429,1.6,0.43795620437956206,0.051094890510948905,True
博恩斯·海兰德,后卫,69,16.4,8.3,3.0,6.5,45.2,1.6,4.1,38.2,0.9,1.1,77.6,1.8,2.6,0.6,0.2,0.9,0,0,后卫,后卫,18.219512195121954,3.951219512195122,5.707317073170732,1.3170731707317074,0.4390243902439025,1.975609756097561,58.46153846153845,59.42153493699885,0.6307692307692307,2.888888888888889,0.5783132530120483,0.10843373493975902,True
布兰丁·波杰姆斯基,后卫,78,28.5,13.5,4.7,10.4,45.4,1.8,5.0,36.9,2.2,2.8,78.3,5.3,3.8,1.1,0.2,1.6,5,0,后卫,后卫,17.05263157894737,6.694736842105263,4.8,1.3894736842105264,0.25263157894736843,2.0210526315789474,53.846153846153854,58.029573590096284,0.4807692307692307,2.3749999999999996,0.4,0.16296296296296298,True
布兰登·英格拉姆,前锋,73,33.8,21.3,7.9,16.8,47.1,1.7,4.6,37.6,3.7,4.5,82.2,5.5,3.6,0.7,0.7,2.5,2,0,前锋,前锋,22.686390532544383,5.8579881656804735,3.834319526627219,0.7455621301775148,0.7455621301775148,2.6627218934911245,52.08333333333333,56.70926517571885,0.2738095238095238,1.44,0.23943661971830985,0.17370892018779344,True
布兰登·米勒,前锋,62,30.3,20.2,7.0,16.1,43.4,3.2,8.2,38.7,3.0,3.4,89.2,5.0,3.4,1.0,0.7,2.6,3,0,前锋,前锋,23.999999999999996,5.9405940594059405,4.03960396039604,1.188118811881188,0.8316831683168316,3.089108910891089,53.41614906832297,57.39940895658104,0.5093167701863354,1.3076923076923077,0.47524752475247534,0.1485148514851485,True
布兰登·威廉姆斯,后卫,65,22.1,13.0,4.4,9.4,47.0,0.6,2.4,23.4,3.6,4.6,79.5,2.9,3.9,0.9,0.3,1.9,1,0,后卫,后卫,21.176470588235293,4.723981900452488,6.352941176470588,1.4660633484162895,0.4886877828054298,3.0950226244343884,50.0,56.897759103641455,0.2553191489361702,2.0526315789473686,0.13846153846153844,0.27692307692307694,True
布莱斯·森萨博,前锋,73,23.6,14.8,5.3,11.4,46.3,2.2,5.8,36.9,2.2,2.6,82.7,3.1,1.9,0.7,0.2,1.6,0,0,前锋,前锋,22.576271186440678,4.728813559322034,2.898305084745762,1.0677966101694913,0.30508474576271183,2.4406779661016946,56.14035087719298,58.99234693877551,0.5087719298245613,1.1874999999999998,0.44594594594594594,0.14864864864864866,True
布鲁克·洛佩兹,中锋,71,21.4,8.2,3.0,7.0,42.3,1.5,4.1,35.4,0.8,1.0,78.6,3.4,1.3,0.6,1.2,0.8,1,0,中锋,中锋,13.794392523364486,5.719626168224299,2.1869158878504678,1.0093457943925233,2.0186915887850465,1.3457943925233646,53.57142857142857,55.107526881720425,0.5857142857142856,1.625,0.5487804878048781,0.09756097560975611,True
布鲁斯·布朗,后卫,78,24.3,7.8,3.0,6.3,47.0,0.7,1.8,39.0,1.1,1.5,76.1,3.8,2.0,1.0,0.2,1.1,1,0,后卫,后卫,11.555555555555555,5.629629629629629,2.962962962962963,1.4814814814814814,0.2962962962962963,1.6296296296296295,53.17460317460318,56.03448275862068,0.28571428571428575,1.8181818181818181,0.2692307692307692,0.14102564102564105,True
布布·卡林顿,后卫,78,27.5,10.3,3.7,8.8,41.8,2.0,4.9,39.6,1.0,1.3,72.1,3.4,4.6,0.6,0.2,2.3,0,0,后卫,后卫,13.483636363636364,4.45090909090909,6.0218181818181815,0.7854545454545454,0.26181818181818184,3.0109090909090908,53.40909090909091,54.950917626973975,0.5568181818181818,2.0,0.5825242718446602,0.0970873786407767,True
巴迪·希尔德,后卫,50,16.0,7.2,2.6,6.2,42.4,1.3,4.0,33.3,0.6,0.7,81.1,2.3,1.4,0.8,0.2,0.9,0,0,后卫,后卫,16.2,5.175,3.15,1.8,0.45,2.025,52.41935483870967,55.316533497234175,0.6451612903225806,1.5555555555555554,0.5416666666666667,0.08333333333333333,True
凯德·坎宁安,后卫,61,34.4,24.5,8.7,18.9,46.1,2.0,5.8,34.6,5.1,6.2,81.4,5.6,9.9,1.5,0.9,3.7,37,3,后卫,后卫,25.63953488372093,5.8604651162790695,10.360465116279071,1.5697674418604652,0.9418604651162791,3.8720930232558146,51.32275132275132,56.639541335306085,0.3068783068783069,2.6756756756756754,0.24489795918367346,0.20816326530612245,True
凯莱布·勒夫,后卫,47,21.5,10.8,4.0,10.4,38.9,2.0,6.2,32.0,0.8,1.0,73.5,2.4,2.6,0.6,0.1,1.3,0,0,后卫,后卫,18.08372093023256,4.01860465116279,4.3534883720930235,1.0046511627906975,0.16744186046511628,2.1767441860465118,48.07692307692307,49.815498154981555,0.5961538461538461,2.0,0.5555555555555555,0.07407407407407407,True
凯莱布·马丁,前锋,58,14.8,3.9,1.5,3.3,45.0,0.3,1.0,35.1,0.6,1.1,60.7,2.5,1.4,0.7,0.3,0.7,0,0,前锋,前锋,9.486486486486486,6.081081081081081,3.4054054054054053,1.7027027027027026,0.7297297297297296,1.7027027027027026,50.0,51.53276955602537,0.30303030303030304,2.0,0.23076923076923075,0.15384615384615385,True
卡姆·克里斯蒂,后卫,52,9.0,3.0,1.0,2.6,38.2,0.2,0.9,24.5,0.7,1.0,76.0,1.5,0.6,0.3,0.1,0.4,0,0,后卫,后卫,12.0,6.0,2.4,1.2,0.4,1.6,42.30769230769231,49.34210526315789,0.34615384615384615,1.4999999999999998,0.20000000000000004,0.2333333333333333,False
卡姆·斯潘塞,后卫,71,23.9,11.1,3.7,7.8,47.2,2.0,4.5,44.7,1.8,1.9,94.0,2.6,5.5,0.7,0.2,1.3,6,0,后卫,后卫,16.719665271966527,3.9163179916317996,8.284518828451883,1.0543933054393306,0.301255230125523,1.9581589958158998,60.25641025641026,64.2658638258453,0.576923076923077,4.230769230769231,0.5405405405405406,0.16216216216216217,True
卡梅隆·约翰逊,前锋,52,30.4,12.0,4.1,8.7,47.1,2.1,4.8,43.0,1.7,2.1,84.1,3.8,2.4,0.8,0.4,0.8,1,0,前锋,前锋,14.210526315789474,4.5,2.8421052631578947,0.9473684210526316,0.4736842105263158,0.9473684210526316,59.195402298850574,62.34413965087282,0.5517241379310345,2.9999999999999996,0.525,0.14166666666666666,True
卡里斯·勒韦尔,后卫,57,19.4,7.4,2.8,6.6,41.9,1.0,3.1,33.0,0.9,1.3,65.8,2.0,2.7,0.8,0.7,1.4,0,0,后卫,后卫,13.7319587628866,3.711340206185567,5.010309278350516,1.4845360824742269,1.2989690721649485,2.597938144329897,50.0,51.58951477969883,0.4696969696969697,1.9285714285714288,0.4054054054054054,0.12162162162162161,True
卡特·布莱恩特,前锋,67,10.8,3.7,1.4,3.5,38.6,0.6,2.0,30.7,0.4,0.6,71.1,2.4,0.5,0.2,0.3,0.4,0,0,前锋,前锋,12.333333333333334,7.999999999999999,1.6666666666666665,0.6666666666666666,0.9999999999999999,1.3333333333333333,48.57142857142857,49.149840595111584,0.5714285714285714,1.25,0.4864864864864864,0.10810810810810811,True
卡森·华莱士,后卫,75,26.7,8.7,3.3,7.7,43.6,1.3,3.7,35.2,0.7,0.9,80.3,3.1,2.6,2.0,0.4,0.9,1,0,后卫,后卫,11.730337078651685,4.179775280898877,3.5056179775280905,2.696629213483146,0.5393258426966292,1.2134831460674158,51.298701298701296,53.730237154150196,0.4805194805194805,2.888888888888889,0.4482758620689656,0.08045977011494253,True
塞德里克·考沃德,前锋,60,26.0,13.4,4.8,10.4,46.4,1.5,4.4,33.2,2.3,2.7,84.5,5.9,2.8,0.6,0.4,1.8,7,0,前锋,前锋,18.553846153846155,8.169230769230769,3.876923076923077,0.8307692307692307,0.5538461538461539,2.4923076923076923,53.36538461538461,57.81843286158094,0.4230769230769231,1.5555555555555554,0.33582089552238803,0.17164179104477612,True
切特·霍姆格伦,中锋,67,29.0,17.0,6.2,11.3,55.3,1.3,3.5,35.6,3.2,4.0,79.7,8.8,1.6,0.6,1.9,1.5,22,0,中锋,中锋,21.103448275862068,10.924137931034483,1.986206896551724,0.7448275862068965,2.3586206896551722,1.8620689655172413,60.61946902654868,65.08422664624808,0.30973451327433627,1.0666666666666667,0.22941176470588237,0.18823529411764706,True
西杰·麦科勒姆,后卫,73,29.8,18.7,6.9,15.1,45.4,2.5,6.7,37.1,2.5,3.2,77.4,3.3,3.8,0.8,0.4,1.8,0,0,后卫,后卫,22.590604026845636,3.9865771812080535,4.590604026845637,0.9664429530201343,0.48322147651006714,2.174496644295302,53.973509933774835,56.639205233826026,0.4437086092715232,2.111111111111111,0.40106951871657753,0.13368983957219252,True
克林特·卡佩拉,中锋,71,12.3,3.5,1.5,2.9,51.2,0.0,0.0,0.0,0.6,0.9,59.7,4.6,0.7,0.5,0.8,0.6,0,0,中锋,中锋,10.24390243902439,13.463414634146341,2.048780487804878,1.4634146341463414,2.341463414634146,1.7560975609756095,51.724137931034484,53.09466019417476,0.0,1.1666666666666667,0.0,0.17142857142857143,True
科比·怀特,后卫,48,25.4,17.5,5.6,12.6,44.4,2.3,6.4,35.6,4.0,4.8,82.3,3.5,4.1,0.5,0.1,2.6,1,0,后卫,后卫,24.803149606299215,4.960629921259843,5.811023622047244,0.7086614173228347,0.14173228346456693,3.6850393700787407,53.57142857142857,59.4752582925503,0.507936507936508,1.5769230769230766,0.39428571428571424,0.22857142857142856,True
科迪·威廉姆斯,前锋,64,23.8,8.5,3.4,7.2,47.5,0.4,1.8,22.0,1.2,1.7,70.6,2.9,1.9,0.8,0.4,1.0,2,0,前锋,前锋,12.857142857142856,4.386554621848739,2.8739495798319323,1.2100840336134453,0.6050420168067226,1.5126050420168067,50.0,53.472571716155,0.25,1.9,0.14117647058823532,0.1411764705882353,True
科林·吉莱斯皮,后卫,77,28.8,12.9,4.5,10.7,42.0,3.0,7.3,40.7,1.0,1.1,87.1,4.1,4.8,1.2,0.2,1.6,3,0,后卫,后卫,16.125,5.125,5.999999999999999,1.4999999999999998,0.25,2.0,56.07476635514019,57.671673819742495,0.6822429906542057,2.9999999999999996,0.6976744186046512,0.07751937984496124,True
科林·默里-博伊尔斯,前锋,54,22.0,8.5,3.5,6.1,57.3,0.3,0.9,34.0,1.2,1.9,64.1,4.9,1.9,0.9,0.9,1.1,4,0,前锋,前锋,13.909090909090908,8.018181818181818,3.109090909090909,1.4727272727272727,1.4727272727272727,1.8,59.83606557377049,61.274509803921575,0.1475409836065574,1.727272727272727,0.10588235294117646,0.1411764705882353,True
科林·塞克斯顿,后卫,64,23.3,15.3,5.2,10.6,48.7,1.7,4.2,41.0,3.3,3.8,85.9,2.2,3.3,1.0,0.2,2.1,1,0,后卫,后卫,23.639484978540775,3.3991416309012874,5.098712446351931,1.5450643776824033,0.30901287553648066,3.2446351931330475,57.07547169811321,62.33702737940027,0.39622641509433965,1.5714285714285712,0.3333333333333333,0.2156862745098039,True
库珀·弗拉格,前锋,65,33.8,20.8,7.9,16.8,47.2,1.0,3.5,29.3,3.9,4.8,81.6,6.6,4.5,1.2,0.9,2.4,12,0,前锋,前锋,22.153846153846157,7.029585798816568,4.792899408284024,1.2781065088757397,0.9585798816568047,2.5562130177514795,50.0,54.99153976311337,0.20833333333333331,1.875,0.14423076923076922,0.1875,True
科里·基斯珀特,前锋,55,18.8,9.1,3.2,6.9,46.4,1.5,4.1,35.7,1.3,1.6,82.0,2.3,1.6,0.3,0.2,0.8,0,0,前锋,前锋,17.425531914893615,4.404255319148936,3.0638297872340425,0.5744680851063829,0.3829787234042553,1.5319148936170213,57.2463768115942,59.83692793266702,0.5942028985507245,2.0,0.4945054945054945,0.14285714285714288,True
小克雷格·波特,后卫,61,17.7,4.3,1.8,4.0,44.0,0.5,1.5,34.8,0.3,0.6,55.6,3.3,3.1,0.9,0.6,0.9,0,0,后卫,后卫,8.745762711864407,6.711864406779661,6.305084745762713,1.8305084745762712,1.2203389830508473,1.8305084745762712,51.24999999999999,50.42213883677298,0.375,3.4444444444444446,0.3488372093023256,0.06976744186046512,True
达伦·特里,前锋,47,11.6,3.7,1.4,3.3,43.5,0.5,1.4,36.4,0.3,0.6,55.2,1.8,1.4,0.6,0.3,0.6,0,0,前锋,前锋,11.482758620689657,5.586206896551724,4.344827586206897,1.8620689655172413,0.9310344827586207,1.8620689655172413,50.0,51.90796857463524,0.42424242424242425,2.3333333333333335,0.4054054054054054,0.08108108108108107,True
道尔顿·克内克特,前锋,50,10.3,4.0,1.6,3.5,44.6,0.6,2.0,30.4,0.3,0.4,70.0,1.4,0.3,0.2,0.2,0.4,0,0,前锋,前锋,13.980582524271844,4.893203883495145,1.048543689320388,0.6990291262135923,0.6990291262135923,1.3980582524271845,54.28571428571429,54.4069640914037,0.5714285714285714,0.7499999999999999,0.44999999999999996,0.075,True
丹尼尔·加福德,前锋,54,21.8,9.6,3.8,5.8,65.7,0.0,0.0,0.0,2.0,2.9,68.2,6.9,1.1,0.7,1.2,1.2,10,0,前锋,前锋,15.85321100917431,11.394495412844037,1.81651376146789,1.1559633027522935,1.9816513761467887,1.9816513761467887,65.51724137931035,67.83493499152064,0.0,0.9166666666666667,0.0,0.20833333333333334,True
丹尼斯·詹金斯,后卫,68,20.1,9.4,3.3,7.9,41.5,1.0,2.7,38.4,1.8,2.2,81.8,2.3,3.8,0.9,0.2,1.5,3,0,后卫,后卫,16.83582089552239,4.119402985074626,6.80597014925373,1.6119402985074625,0.3582089552238806,2.6865671641791042,48.101265822784804,52.99954894000902,0.34177215189873417,2.533333333333333,0.3191489361702127,0.19148936170212766,True
丹尼·沃尔夫,前锋,57,20.8,8.9,3.1,7.7,40.5,1.2,3.7,32.2,1.5,1.9,77.1,4.9,2.2,0.5,0.6,1.3,2,0,前锋,前锋,15.403846153846155,8.48076923076923,3.8076923076923075,0.8653846153846153,1.0384615384615383,2.25,48.05194805194805,52.132146204311155,0.4805194805194805,1.6923076923076923,0.40449438202247184,0.16853932584269662,True
戴维恩·米切尔,后卫,67,28.6,9.2,3.7,7.6,48.3,1.3,3.3,39.5,0.6,0.9,67.2,2.7,6.5,1.0,0.2,1.5,4,0,后卫,后卫,11.58041958041958,3.3986013986013983,8.181818181818182,1.2587412587412588,0.2517482517482517,1.8881118881118881,57.236842105263165,57.52876438219109,0.4342105263157895,4.333333333333333,0.4239130434782609,0.06521739130434782,True
戴隆·夏普,中锋,62,18.7,8.7,3.5,5.7,60.1,0.1,0.6,23.1,1.7,2.5,67.8,6.7,2.3,1.1,0.4,1.7,5,0,中锋,中锋,16.74866310160428,12.898395721925136,4.427807486631016,2.1176470588235294,0.770053475935829,3.2727272727272725,62.28070175438596,63.9705882352941,0.10526315789473684,1.352941176470588,0.03448275862068966,0.19540229885057472,True
达龙·福克斯,后卫,68,31.0,18.5,7.0,14.4,48.8,1.8,5.4,33.1,2.6,3.5,76.2,3.8,6.2,1.2,0.3,2.3,7,0,后卫,后卫,21.483870967741936,4.412903225806451,7.2,1.393548387096774,0.3483870967741935,2.670967741935484,54.861111111111114,58.03011292346299,0.375,2.695652173913044,0.2918918918918919,0.14054054054054055,True
迪恩·韦德,前锋,57,22.4,5.8,2.1,4.8,43.2,1.2,3.4,35.4,0.5,0.7,71.1,4.2,1.5,0.8,0.4,0.3,1,0,前锋,前锋,9.321428571428571,6.750000000000001,2.410714285714286,1.2857142857142858,0.6428571428571429,0.48214285714285715,56.250000000000014,56.77368833202819,0.7083333333333334,5.0,0.6206896551724137,0.08620689655172414,True
德安德烈·艾顿,中锋,67,27.3,12.4,5.6,8.3,67.4,0.0,0.0,0.0,1.2,1.9,63.0,8.2,0.8,0.6,0.9,1.2,21,0,中锋,中锋,16.351648351648354,10.813186813186812,1.054945054945055,0.7912087912087911,1.1868131868131868,1.5824175824175821,67.46987951807229,67.86339754816112,0.0,0.6666666666666667,0.0,0.0967741935483871,True
德玛尔·德罗赞,后卫,77,31.2,18.4,6.5,13.1,49.7,0.6,1.9,32.0,4.9,5.6,86.8,2.9,4.1,1.0,0.3,1.2,2,0,后卫,后卫,21.23076923076923,3.346153846153846,4.730769230769231,1.153846153846154,0.34615384615384615,1.3846153846153846,51.908396946564885,59.11076843998971,0.1450381679389313,3.4166666666666665,0.09782608695652174,0.266304347826087,True
德尼·阿夫迪亚,前锋,62,33.1,23.9,7.3,16.0,45.8,1.9,6.0,31.7,7.4,9.3,79.9,7.0,6.7,0.8,0.6,3.8,18,3,前锋,前锋,25.993957703927492,7.613293051359516,7.287009063444109,0.8700906344410876,0.6525679758308156,4.1329305135951655,51.5625,59.476408520804306,0.375,1.7631578947368423,0.23849372384937237,0.3096234309623431,True
丹尼斯·施罗德,后卫,67,24.4,10.8,3.6,9.0,40.2,1.1,3.3,32.7,2.4,2.9,83.2,2.7,4.8,0.8,0.2,1.8,2,0,后卫,后卫,15.934426229508198,3.9836065573770494,7.081967213114754,1.1803278688524592,0.2950819672131148,2.6557377049180326,46.111111111111114,52.54963020630596,0.36666666666666664,2.6666666666666665,0.3055555555555556,0.2222222222222222,True
德里克·奎因,中锋,78,24.4,11.2,4.2,8.9,47.1,0.3,1.1,26.2,2.5,3.2,79.2,6.8,3.6,1.0,0.9,2.3,11,2,中锋,中锋,16.524590163934427,10.032786885245901,5.311475409836065,1.4754098360655739,1.3278688524590163,3.3934426229508197,48.87640449438202,54.3267365153279,0.12359550561797754,1.565217391304348,0.08035714285714285,0.22321428571428573,True
德里克·怀特,后卫,74,34.3,16.7,5.8,14.6,39.5,2.7,8.4,32.6,2.4,2.7,90.0,4.5,5.5,1.1,1.3,1.8,1,0,后卫,后卫,17.527696793002914,4.723032069970846,5.772594752186589,1.154518950437318,1.3644314868804668,1.8892128279883382,48.97260273972603,52.8882695718267,0.5753424657534247,3.0555555555555554,0.4850299401197606,0.1437125748502994,True
德斯蒙德·贝恩,后卫,78,34.1,20.4,7.2,14.9,48.4,2.1,5.3,39.1,3.9,4.3,91.4,4.2,4.2,1.0,0.4,2.0,1,0,后卫,后卫,21.5366568914956,4.434017595307918,4.434017595307918,1.0557184750733137,0.4222873900293255,2.1114369501466275,55.369127516778526,60.743211052882316,0.35570469798657717,2.1,0.3088235294117648,0.1911764705882353,True
德文·布克,后卫,62,33.4,25.8,8.5,18.6,45.5,1.9,5.8,33.0,6.9,8.0,86.9,3.9,6.0,0.8,0.3,3.1,6,0,后卫,后卫,27.808383233532936,4.203592814371258,6.467065868263473,0.8622754491017964,0.32335329341317365,3.3413173652694614,50.80645161290322,58.31826401446655,0.31182795698924726,1.9354838709677418,0.2209302325581395,0.2674418604651163,True
德文·瓦塞尔,后卫,63,30.5,14.0,5.0,11.3,43.8,2.5,6.5,38.9,1.6,2.0,81.6,4.0,2.5,0.8,0.4,0.9,1,0,后卫,后卫,16.524590163934427,4.721311475409836,2.9508196721311477,0.9442622950819672,0.4721311475409836,1.062295081967213,55.309734513274336,57.47126436781609,0.5752212389380531,2.7777777777777777,0.5357142857142857,0.1142857142857143,True
狄龙·布鲁克斯,前锋,53,30.5,20.4,7.5,17.2,43.7,2.3,6.7,34.6,3.1,3.6,85.8,3.6,1.8,1.0,0.2,1.8,0,0,前锋,前锋,24.078688524590163,4.249180327868852,2.124590163934426,1.180327868852459,0.2360655737704918,2.124590163934426,50.2906976744186,54.3015332197615,0.38953488372093026,1.0,0.3382352941176471,0.1519607843137255,True
多米尼克·巴洛,前锋,67,24.0,7.9,3.1,5.7,54.4,0.3,1.2,25.9,1.3,1.9,71.2,4.7,1.3,0.8,0.7,0.8,2,0,前锋,前锋,11.850000000000001,7.050000000000001,1.9500000000000002,1.2,1.05,1.2,57.01754385964912,60.434516523867806,0.21052631578947367,1.625,0.11392405063291138,0.16455696202531644,True
多诺万·克林根,中锋,73,27.2,12.0,4.6,8.8,52.0,1.0,3.1,32.7,1.8,2.7,67.3,11.6,2.1,0.6,1.7,1.3,33,0,中锋,中锋,15.882352941176471,15.352941176470587,2.7794117647058827,0.7941176470588235,2.25,1.7205882352941178,57.954545454545446,60.072086503804556,0.35227272727272724,1.6153846153846154,0.25,0.15,True
多诺万·米切尔,后卫,69,33.4,27.8,9.7,20.1,48.1,3.2,8.9,36.4,5.3,6.1,86.3,4.5,5.7,1.5,0.3,2.8,5,0,后卫,后卫,29.96407185628743,4.850299401197605,6.1437125748503005,1.6167664670658684,0.32335329341317365,3.0179640718562877,56.218905472636806,61.00772471910112,0.4427860696517413,2.035714285714286,0.34532374100719426,0.19064748201438847,True
丹特·迪文琴佐,后卫,78,30.8,12.3,4.2,10.2,40.6,3.0,7.9,37.9,1.0,1.3,75.8,4.2,3.9,1.3,0.4,1.5,1,0,后卫,后卫,14.376623376623376,4.909090909090909,4.558441558441559,1.5194805194805197,0.4675324675324675,1.7532467532467533,55.88235294117647,57.09246193835872,0.7745098039215688,2.6,0.7317073170731707,0.08130081300813008,True
德雷克·鲍威尔,后卫,60,20.6,6.5,2.3,5.4,41.8,0.8,2.8,29.8,1.1,1.2,91.5,1.7,1.5,0.6,0.2,0.9,0,0,后卫,后卫,11.359223300970873,2.9708737864077666,2.6213592233009706,1.048543689320388,0.34951456310679613,1.5728155339805823,49.99999999999999,54.82456140350877,0.5185185185185185,1.6666666666666665,0.3692307692307693,0.16923076923076924,True
德雷蒙德·格林,前锋,65,27.6,8.6,3.1,7.4,41.9,1.5,4.7,32.9,0.8,1.2,69.2,5.5,5.5,0.9,0.6,2.6,2,0,前锋,前锋,11.217391304347824,7.173913043478261,7.173913043478261,1.1739130434782608,0.7826086956521738,3.391304347826087,52.02702702702703,54.238143289606455,0.6351351351351351,2.1153846153846154,0.5232558139534884,0.0930232558139535,True
德鲁·史密斯,后卫,70,16.3,5.6,1.9,4.6,41.5,0.5,1.8,29.5,1.2,1.5,82.9,2.5,2.6,1.4,0.3,0.8,0,0,后卫,后卫,12.368098159509202,5.521472392638037,5.742331288343559,3.0920245398773005,0.6625766871165644,1.7668711656441718,46.73913043478261,53.2319391634981,0.391304347826087,3.25,0.26785714285714285,0.2142857142857143,True
邓肯·罗宾逊,前锋,74,27.6,12.0,4.1,9.0,44.8,2.9,7.0,40.8,1.1,1.4,76.0,2.7,2.1,0.6,0.3,0.7,0,0,前锋,前锋,15.652173913043477,3.5217391304347827,2.739130434782609,0.7826086956521738,0.3913043478260869,0.9130434782608695,61.66666666666667,62.39600665557404,0.7777777777777778,3.0000000000000004,0.725,0.09166666666666667,True
德怀特·鲍威尔,前锋,58,14.0,3.3,1.0,1.5,66.7,0.0,0.1,33.3,1.3,1.9,68.5,3.8,0.9,0.5,0.3,0.6,3,0,前锋,前锋,8.485714285714286,9.77142857142857,2.314285714285714,1.2857142857142858,0.7714285714285714,1.5428571428571427,66.66666666666666,70.63356164383562,0.06666666666666667,1.5,0.0,0.393939393939394,True
迪伦·哈珀,后卫,65,22.4,11.7,4.8,9.4,50.6,0.9,2.6,33.3,1.3,1.7,74.3,3.4,3.9,0.8,0.3,1.4,0,0,后卫,后卫,18.80357142857143,5.464285714285714,6.267857142857143,1.2857142857142858,0.48214285714285715,2.25,55.85106382978723,57.64682696097753,0.2765957446808511,2.785714285714286,0.2307692307692308,0.11111111111111112,True
戴森·丹尼尔斯,后卫,73,33.1,11.8,5.3,10.2,51.9,0.3,1.5,18.2,1.0,1.6,62.3,6.7,5.9,2.0,0.4,1.8,13,1,后卫,后卫,12.833836858006043,7.287009063444109,6.4169184290030215,2.175226586102719,0.4350453172205438,1.957703927492447,53.43137254901962,54.10858400586941,0.14705882352941177,3.2777777777777777,0.07627118644067796,0.0847457627118644,True
叶戈尔·杰明,后卫,52,25.2,10.3,3.4,8.6,39.9,2.4,6.2,38.5,1.0,1.3,83.1,3.2,3.3,0.8,0.3,1.7,1,0,后卫,后卫,14.714285714285715,4.571428571428572,4.714285714285714,1.142857142857143,0.42857142857142855,2.4285714285714284,53.48837209302325,56.14914958569559,0.7209302325581396,1.9411764705882353,0.6990291262135921,0.0970873786407767,True
埃文·莫布里,中锋,62,32.1,18.1,7.2,13.2,54.4,1.0,3.3,29.9,2.7,4.5,60.6,9.0,3.6,0.8,1.8,1.8,26,0,中锋,中锋,20.299065420560748,10.093457943925234,4.037383177570093,0.897196261682243,2.0186915887850465,2.0186915887850465,58.333333333333336,59.61791831357049,0.25,2.0,0.16574585635359115,0.14917127071823205,True
盖布·文森特,后卫,50,16.8,4.4,1.4,4.2,34.5,1.1,3.3,33.1,0.4,0.4,95.0,1.0,1.4,0.5,0.1,0.5,0,0,后卫,后卫,9.428571428571429,2.142857142857143,3.0,1.0714285714285714,0.21428571428571427,1.0714285714285714,46.42857142857142,50.27422303473492,0.7857142857142856,2.8,0.75,0.09090909090909091,True
加里·佩顿二世,后卫,69,15.6,7.4,3.3,5.7,57.3,0.5,1.8,29.6,0.3,0.5,61.1,3.7,1.7,0.9,0.3,0.9,2,0,后卫,后卫,17.07692307692308,8.53846153846154,3.923076923076923,2.076923076923077,0.6923076923076923,2.076923076923077,62.28070175438596,62.5,0.3157894736842105,1.8888888888888888,0.2027027027027027,0.040540540540540536,True
小加里·特伦特,后卫,64,21.2,8.2,2.8,7.2,39.0,1.9,5.2,36.8,0.6,0.8,76.5,1.0,1.2,0.5,0.0,0.6,0,0,后卫,后卫,13.924528301886792,1.6981132075471699,2.0377358490566038,0.8490566037735849,0.0,1.0188679245283019,52.083333333333336,54.290254237288124,0.7222222222222222,2.0,0.6951219512195121,0.07317073170731708,True
吉吉·杰克逊,前锋,54,21.5,12.5,4.7,9.4,49.9,1.2,3.5,33.2,2.0,2.7,73.5,4.3,1.4,0.6,0.8,1.6,1,0,前锋,前锋,20.930232558139537,7.199999999999999,2.344186046511628,1.0046511627906975,1.3395348837209302,2.6790697674418604,56.38297872340425,59.029089535322996,0.3723404255319149,0.8749999999999999,0.288,0.16,True
戈加·比塔泽,中锋,60,14.9,5.5,2.2,3.3,67.3,0.0,0.2,18.2,1.0,1.5,70.5,4.7,1.3,0.6,0.9,0.7,1,0,中锋,中锋,13.288590604026846,11.355704697986578,3.1409395973154366,1.4496644295302012,2.174496644295302,1.691275167785235,66.66666666666667,69.44444444444444,0.060606060606060615,1.8571428571428574,0.0,0.18181818181818182,True
格雷迪·迪克,后卫,72,14.5,6.1,2.2,5.2,41.7,0.8,2.6,29.7,1.0,1.2,87.1,2.0,0.7,0.6,0.1,0.6,1,0,后卫,后卫,15.144827586206896,4.9655172413793105,1.7379310344827585,1.489655172413793,0.2482758620689655,1.489655172413793,50.0,53.24720670391061,0.5,1.1666666666666667,0.3934426229508198,0.1639344262295082,True
格雷森·阿伦,后卫,49,29.2,16.8,5.4,13.4,40.5,3.2,9.1,35.3,2.8,3.2,84.9,3.0,3.9,1.4,0.2,1.6,0,0,后卫,后卫,20.71232876712329,3.6986301369863015,4.808219178082192,1.726027397260274,0.24657534246575344,1.9726027397260275,52.23880597014925,56.72609400324149,0.6791044776119403,2.4375,0.5714285714285715,0.16666666666666666,True
盖尔雄·亚布塞莱,前锋,65,14.8,5.5,1.8,4.6,40.1,1.0,2.9,35.6,0.8,1.1,74.3,3.4,0.9,0.4,0.2,0.6,4,0,前锋,前锋,13.378378378378377,8.27027027027027,2.189189189189189,0.9729729729729729,0.48648648648648646,1.4594594594594592,50.0,54.09126671911881,0.6304347826086957,1.5,0.5454545454545454,0.14545454545454548,True
吉·桑托斯,前锋,66,20.5,9.3,3.4,6.7,50.5,1.2,3.3,35.2,1.3,1.8,72.9,3.9,2.3,0.9,0.3,1.5,3,0,前锋,前锋,16.33170731707317,6.848780487804878,4.0390243902439025,1.5804878048780486,0.5268292682926828,2.6341463414634148,59.70149253731343,62.06620395088095,0.4925373134328358,1.5333333333333332,0.3870967741935483,0.13978494623655913,True
哈里森·巴恩斯,前锋,73,25.9,10.0,3.4,7.5,45.3,1.8,4.7,39.1,1.3,1.6,82.8,2.8,2.0,0.7,0.2,0.8,0,0,前锋,前锋,13.8996138996139,3.891891891891892,2.77992277992278,0.972972972972973,0.277992277992278,1.111969111969112,57.333333333333336,60.94588005850804,0.6266666666666667,2.5,0.54,0.13,True
赫伯特·琼斯,前锋,56,28.4,8.9,3.3,8.5,38.3,1.4,4.6,30.9,0.9,1.1,80.6,3.4,2.8,1.6,0.5,1.3,0,0,前锋,前锋,11.281690140845072,4.309859154929577,3.5492957746478875,2.028169014084507,0.6338028169014085,1.6478873239436622,47.05882352941176,49.53250222617987,0.5411764705882353,2.1538461538461537,0.47191011235955044,0.10112359550561797,True
雨果·冈萨雷斯,后卫,73,14.5,3.8,1.5,3.3,47.3,0.5,1.5,35.7,0.2,0.4,50.0,3.3,0.5,0.5,0.3,0.5,2,0,后卫,后卫,9.434482758620689,8.193103448275862,1.2413793103448276,1.2413793103448276,0.7448275862068965,1.2413793103448276,53.03030303030303,54.66052934407365,0.4545454545454546,1.0,0.39473684210526316,0.052631578947368425,True
伊曼纽尔·奎克利,后卫,67,32.4,16.9,5.9,13.2,44.5,2.6,6.9,37.4,2.5,3.1,82.1,4.1,6.0,1.3,0.1,1.5,8,0,后卫,后卫,18.77777777777778,4.555555555555555,6.666666666666667,1.4444444444444446,0.11111111111111112,1.6666666666666667,54.545454545454554,58.01977478714638,0.5227272727272728,4.0,0.4615384615384616,0.14792899408284024,True
艾萨克·奥科罗,前锋,62,27.1,9.2,3.3,7.3,45.8,1.2,3.5,33.0,1.4,1.8,79.1,2.7,1.6,0.7,0.5,0.7,0,0,前锋,前锋,12.22140221402214,3.5867158671586714,2.125461254612546,0.9298892988929889,0.6642066420664207,0.9298892988929889,53.42465753424658,56.84626791893227,0.4794520547945206,2.285714285714286,0.391304347826087,0.15217391304347827,True
以赛亚·科利尔,后卫,59,25.7,11.7,4.3,8.7,49.5,0.5,1.7,27.0,2.6,3.5,72.2,2.5,7.2,1.1,0.3,2.5,10,0,后卫,后卫,16.389105058365757,3.501945525291829,10.085603112840467,1.5408560311284047,0.4202334630350194,3.501945525291829,52.29885057471264,57.12890625,0.19540229885057472,2.88,0.12820512820512822,0.22222222222222224,True
以赛亚·杰克逊,前锋,55,16.5,6.7,2.7,4.3,63.7,0.0,0.1,0.0,1.2,1.9,64.8,5.3,0.9,0.7,0.9,1.1,7,0,前锋,前锋,14.618181818181819,11.563636363636363,1.9636363636363636,1.5272727272727273,1.9636363636363636,2.4,62.79069767441862,65.22585669781932,0.023255813953488375,0.8181818181818181,0.0,0.1791044776119403,True
以赛亚·乔,后卫,69,21.2,10.8,3.4,7.6,44.8,2.5,6.0,41.5,1.5,1.7,89.0,2.6,1.3,0.7,0.2,0.6,0,0,后卫,后卫,18.339622641509436,4.415094339622642,2.207547169811321,1.1886792452830188,0.339622641509434,1.0188679245283019,61.184210526315795,64.6861523718256,0.7894736842105263,2.166666666666667,0.6944444444444444,0.13888888888888887,True
以赛亚·斯图尔特,前锋,55,23.1,10.0,3.8,7.0,54.1,0.7,2.1,33.3,1.7,2.3,76.0,5.1,1.2,0.3,1.6,1.1,2,0,前锋,前锋,15.584415584415584,7.948051948051948,1.8701298701298699,0.46753246753246747,2.4935064935064934,1.7142857142857142,59.28571428571428,62.406390414378436,0.3,1.0909090909090908,0.20999999999999996,0.16999999999999998,True
伊维察·祖巴茨,中锋,48,30.1,14.1,6.0,10.0,59.8,0.0,0.0,0.0,2.1,3.0,71.1,10.6,2.2,0.4,0.8,1.8,24,0,中锋,中锋,16.86378737541528,12.677740863787374,2.6312292358803986,0.4784053156146179,0.9568106312292358,2.1528239202657806,60.0,62.27915194346289,0.0,1.2222222222222223,0.0,0.14893617021276598,True
贾科比·沃尔特,后卫,68,20.1,7.3,2.5,5.5,44.3,1.4,3.6,40.2,1.0,1.2,79.8,2.5,1.2,1.0,0.2,0.5,0,0,后卫,后卫,13.074626865671641,4.477611940298507,2.149253731343283,1.7910447761194028,0.3582089552238806,0.8955223880597014,58.18181818181819,60.55076310550762,0.6545454545454545,2.4,0.5753424657534246,0.136986301369863,True
小贾巴里·史密斯,前锋,74,35.0,15.7,5.7,12.6,45.2,2.3,6.2,36.6,2.0,2.6,77.8,6.9,1.9,0.8,0.9,1.4,14,0,前锋,前锋,16.148571428571426,7.097142857142857,1.954285714285714,0.8228571428571428,0.9257142857142857,1.44,54.36507936507936,57.11583236321304,0.4920634920634921,1.3571428571428572,0.4394904458598726,0.12738853503184713,True
贾巴里·沃克,前锋,62,12.1,4.3,1.5,3.4,44.8,0.5,1.5,33.0,0.8,1.0,75.0,3.0,0.5,0.4,0.2,0.4,2,0,前锋,前锋,12.793388429752065,8.925619834710744,1.4876033057851241,1.1900826446280992,0.5950413223140496,1.1900826446280992,51.47058823529412,55.989583333333336,0.4411764705882353,1.25,0.3488372093023256,0.186046511627907,True
杰登·哈迪,后卫,56,15.8,9.2,3.2,7.6,42.6,1.8,4.6,39.5,1.0,1.3,75.3,1.5,1.0,0.3,0.1,1.1,0,0,后卫,后卫,20.962025316455694,3.4177215189873418,2.2784810126582276,0.6835443037974682,0.22784810126582278,2.5063291139240507,53.947368421052644,56.289769946157605,0.6052631578947368,0.9090909090909091,0.5869565217391305,0.10869565217391305,True
杰登·麦克丹尼尔斯,前锋,71,31.9,14.8,5.6,10.9,51.8,1.4,3.4,42.1,2.1,2.5,83.9,4.2,2.7,1.1,1.0,1.8,0,0,前锋,前锋,16.702194357366775,4.739811912225706,3.047021943573668,1.2413793103448276,1.1285266457680252,2.031347962382445,57.798165137614674,61.66666666666667,0.3119266055045871,1.5,0.2837837837837837,0.14189189189189189,True
小海梅·哈克斯,前锋,71,28.3,15.2,6.1,12.2,50.1,0.7,2.4,30.5,2.3,3.0,77.1,5.1,4.7,0.7,0.3,2.0,6,0,前锋,前锋,19.335689045936395,6.487632508833922,5.978798586572439,0.8904593639575972,0.381625441696113,2.5441696113074204,52.86885245901639,56.213017751479285,0.19672131147540983,2.35,0.1381578947368421,0.1513157894736842,True
杰克·拉拉维亚,前锋,77,24.9,8.3,3.0,6.4,46.2,0.9,3.0,32.0,1.4,1.8,76.8,3.9,1.8,1.2,0.5,1.0,1,0,前锋,前锋,12.000000000000002,5.638554216867471,2.602409638554217,1.7349397590361446,0.7228915662650602,1.4457831325301205,53.90625,57.70300333704116,0.46875,1.8,0.3253012048192771,0.1686746987951807,True
杰伦·布伦森,后卫,71,35.0,26.0,9.2,19.9,46.5,2.6,7.2,37.0,4.8,5.7,84.3,3.4,6.7,0.7,0.1,2.4,10,0,后卫,后卫,26.742857142857144,3.497142857142857,6.891428571428572,0.72,0.10285714285714286,2.4685714285714284,52.763819095477395,58.014994644769736,0.36180904522613067,2.791666666666667,0.30000000000000004,0.1846153846153846,True
杰伦·杜伦,中锋,67,28.3,19.5,7.4,11.6,64.5,0.0,0.0,0.0,4.6,6.1,74.8,10.6,1.9,0.8,0.9,1.8,41,0,中锋,中锋,24.80565371024735,13.484098939929327,2.4169611307420493,1.017667844522968,1.1448763250883391,2.2897526501766783,63.793103448275865,68.25819098291795,0.0,1.0555555555555556,0.0,0.2358974358974359,True
杰伦·约翰逊,前锋,69,35.2,22.8,8.4,17.1,49.3,1.7,4.8,35.1,4.2,5.4,78.4,10.3,8.0,1.3,0.4,3.4,47,13,前锋,前锋,23.318181818181817,10.534090909090908,8.181818181818182,1.3295454545454546,0.40909090909090906,3.4772727272727266,54.093567251461984,58.53357979051139,0.2807017543859649,2.3529411764705883,0.22368421052631576,0.18421052631578946,True
杰伦·皮克特,后卫,47,15.8,4.9,1.9,4.4,42.4,0.9,2.4,38.6,0.3,0.3,86.7,2.3,2.2,0.3,0.1,0.6,0,0,后卫,后卫,11.164556962025316,5.240506329113924,5.012658227848101,0.6835443037974682,0.22784810126582278,1.3670886075949364,53.40909090909091,54.06001765225067,0.5454545454545454,3.666666666666667,0.5510204081632653,0.06122448979591836,True
杰伦·史密斯,前锋,53,20.7,10.2,3.7,7.6,48.3,1.5,4.2,37.3,1.3,1.8,74.2,6.7,1.2,0.5,0.8,1.0,9,0,前锋,前锋,17.73913043478261,11.65217391304348,2.0869565217391304,0.8695652173913043,1.3913043478260871,1.7391304347826086,58.55263157894738,60.7721639656816,0.5526315789473685,1.2,0.44117647058823534,0.12745098039215688,True
杰伦·萨格斯,后卫,53,27.5,13.7,4.9,11.4,43.2,2.0,6.2,32.3,1.8,2.2,85.2,3.9,5.5,1.9,0.7,2.7,3,1,后卫,后卫,17.934545454545454,5.1054545454545455,7.2,2.487272727272727,0.9163636363636364,3.5345454545454547,51.75438596491229,55.38486416558861,0.543859649122807,2.0370370370370368,0.43795620437956206,0.13138686131386862,True
杰伦·威尔逊,前锋,50,14.8,6.1,1.9,4.8,39.7,1.0,2.8,35.9,1.2,1.6,74.1,1.9,0.7,0.4,0.0,0.6,0,0,前锋,前锋,14.837837837837837,4.621621621621621,1.7027027027027026,0.9729729729729729,0.0,1.4594594594594592,50.0,55.41424418604651,0.5833333333333334,1.1666666666666667,0.49180327868852464,0.19672131147540983,True
贾马尔·默里,后卫,73,35.3,25.5,8.8,18.2,48.3,3.2,7.5,43.4,4.6,5.2,88.5,4.4,7.2,0.9,0.4,2.3,18,0,后卫,后卫,26.005665722379604,4.4872521246458925,7.342776203966006,0.9178470254957507,0.4079320113314448,2.3456090651558075,57.14285714285715,62.23155017571261,0.4120879120879121,3.130434782608696,0.37647058823529417,0.1803921568627451,True
贾马尔·谢德,后卫,78,22.6,6.7,2.3,6.2,36.6,1.0,3.2,31.9,1.2,1.5,78.4,1.8,5.4,1.0,0.2,1.3,2,0,后卫,后卫,10.672566371681416,2.867256637168141,8.601769911504425,1.5929203539823007,0.3185840707964602,2.0707964601769913,45.16129032258064,48.8338192419825,0.5161290322580645,4.153846153846154,0.44776119402985076,0.1791044776119403,True
詹姆斯·哈登,后卫,68,35.0,23.7,7.0,16.0,43.7,3.1,8.2,37.5,6.6,7.5,88.1,4.9,8.1,1.1,0.4,3.5,20,2,后卫,后卫,24.377142857142854,5.04,8.331428571428571,1.1314285714285715,0.4114285714285714,3.6,53.43750000000001,61.398963730569946,0.5125,2.314285714285714,0.3924050632911393,0.27848101265822783,True
贾米森·巴特尔,前锋,57,8.8,3.2,1.2,2.4,50.7,0.6,1.5,42.2,0.1,0.2,66.7,1.5,0.4,0.1,0.1,0.3,0,0,前锋,前锋,13.09090909090909,6.136363636363636,1.6363636363636362,0.40909090909090906,0.40909090909090906,1.227272727272727,62.5,64.30868167202573,0.625,1.3333333333333335,0.5624999999999999,0.03125,False
贾雷斯·沃克,前锋,73,25.6,11.5,4.0,9.5,42.1,1.7,4.6,37.6,1.8,2.4,75.3,5.1,2.4,0.8,0.3,1.8,3,0,前锋,前锋,16.171875,7.171874999999999,3.3749999999999996,1.125,0.42187499999999994,2.5312499999999996,51.05263157894736,54.47139067828722,0.4842105263157894,1.3333333333333333,0.4434782608695652,0.1565217391304348,True
贾里德·麦凯恩,后卫,63,17.3,8.2,3.0,7.1,42.0,1.5,3.8,38.7,0.8,0.9,87.3,2.1,1.3,0.5,0.1,0.8,0,0,后卫,后卫,17.0635838150289,4.369942196531793,2.7052023121387285,1.0404624277456647,0.20809248554913296,1.6647398843930636,52.81690140845071,54.69583778014942,0.5352112676056338,1.625,0.5487804878048781,0.09756097560975611,True
小贾伦·杰克逊,前锋,48,30.3,19.4,7.1,15.0,47.6,1.8,4.9,35.7,3.4,4.2,80.3,5.7,2.0,1.1,1.4,2.2,3,0,前锋,前锋,23.04950495049505,6.772277227722773,2.376237623762376,1.306930693069307,1.6633663366336633,2.613861386138614,53.333333333333336,57.57359924026591,0.3266666666666667,0.9090909090909091,0.2783505154639176,0.1752577319587629,True
贾里德·范德比尔特,前锋,60,17.5,4.5,1.7,3.7,46.6,0.5,1.5,29.7,0.6,0.9,62.3,4.5,1.2,0.9,0.3,0.8,1,0,前锋,前锋,9.257142857142858,9.257142857142858,2.4685714285714284,1.8514285714285714,0.6171428571428571,1.6457142857142857,52.702702702702695,54.931640625,0.4054054054054054,1.4999999999999998,0.3333333333333333,0.13333333333333333,True
贾勒特·阿伦,中锋,54,27.1,15.4,6.1,9.5,64.1,0.0,0.2,10.0,3.2,4.5,71.0,8.5,1.8,1.0,0.8,1.3,20,0,中锋,中锋,20.457564575645755,11.29151291512915,2.391143911439114,1.3284132841328413,1.062730627306273,1.7269372693726939,64.21052631578948,67.07317073170732,0.021052631578947368,1.3846153846153846,0.0,0.2077922077922078,True
杰斯·理查德森,后卫,51,11.2,4.5,1.6,3.5,46.4,0.5,1.5,35.9,0.6,0.9,72.7,1.2,1.1,0.3,0.0,0.5,0,0,后卫,后卫,14.464285714285715,3.857142857142857,3.535714285714286,0.9642857142857143,0.0,1.6071428571428572,52.85714285714286,57.75154004106776,0.42857142857142855,2.2,0.3333333333333333,0.13333333333333333,True
贾文特·格林,后卫,78,17.6,6.8,2.2,5.0,44.3,1.1,3.0,37.3,1.2,1.5,83.6,2.7,0.7,1.2,0.3,0.6,1,0,后卫,后卫,13.909090909090907,5.5227272727272725,1.4318181818181817,2.454545454545454,0.6136363636363635,1.227272727272727,55.00000000000001,60.070671378091866,0.6,1.1666666666666667,0.4852941176470589,0.17647058823529413,True
贾克森·海斯,中锋,65,18.1,7.3,2.9,3.9,75.4,0.0,0.0,100.0,1.4,2.2,64.1,4.1,0.9,0.4,0.8,0.4,1,0,中锋,中锋,14.519337016574585,8.154696132596683,1.7900552486187844,0.7955801104972375,1.591160220994475,0.7955801104972375,74.35897435897436,74.9794576828266,0.0,2.25,0.0,0.1917808219178082,True
杰伊·赫夫,中锋,78,20.8,9.4,3.5,7.4,47.2,1.4,4.6,31.7,1.0,1.2,81.9,3.8,1.4,0.5,1.8,0.9,1,0,中锋,中锋,16.26923076923077,6.576923076923076,2.423076923076923,0.8653846153846153,3.115384615384615,1.5576923076923075,56.75675675675676,59.28355196770938,0.6216216216216215,1.5555555555555554,0.4468085106382978,0.10638297872340426,True
杰伦·布朗,后卫,69,34.4,28.7,10.4,21.8,47.6,2.0,5.7,34.5,6.0,7.6,79.5,7.0,5.2,1.0,0.4,3.6,14,3,后卫,后卫,30.034883720930235,7.325581395348838,5.44186046511628,1.0465116279069768,0.4186046511627907,3.7674418604651163,52.293577981651374,57.071269487750556,0.26146788990825687,1.4444444444444444,0.20905923344947736,0.20905923344947736,True
杰伦·克拉克,后卫,64,12.4,3.9,1.4,3.2,43.8,0.5,1.4,33.3,0.7,1.0,65.7,1.8,0.6,0.6,0.1,0.3,0,0,后卫,后卫,11.32258064516129,5.225806451612903,1.7419354838709675,1.7419354838709675,0.2903225806451613,0.8709677419354838,51.562499999999986,53.57142857142857,0.43749999999999994,2.0,0.38461538461538464,0.1794871794871795,True
杰伦·韦尔斯,前锋,69,26.4,12.5,4.4,10.1,43.1,1.9,5.3,35.3,1.9,2.5,78.4,3.2,1.6,0.9,0.1,1.1,0,0,前锋,前锋,17.045454545454547,4.363636363636364,2.181818181818182,1.2272727272727273,0.13636363636363638,1.5000000000000002,52.97029702970298,55.80357142857143,0.5247524752475248,1.4545454545454546,0.45599999999999996,0.152,True
杰林·威廉姆斯,前锋,63,19.8,7.4,2.3,5.5,42.2,1.5,4.0,38.3,1.2,1.5,79.3,5.5,2.4,0.5,0.7,1.1,6,0,前锋,前锋,13.454545454545455,10.0,4.363636363636363,0.9090909090909091,1.2727272727272727,2.0,55.45454545454545,60.064935064935064,0.7272727272727273,2.1818181818181817,0.6081081081081081,0.16216216216216214,True
杰伦·泰森,后卫,64,27.0,13.1,5.0,10.0,49.6,2.0,4.5,45.5,1.2,1.6,74.3,5.1,2.2,0.8,0.4,1.5,7,0,后卫,后卫,17.466666666666665,6.8,2.9333333333333336,1.0666666666666667,0.5333333333333333,2.0,60.0,61.19207772795217,0.45,1.4666666666666668,0.4580152671755725,0.0916030534351145,True
杰拉米·格兰特,前锋,57,29.7,18.6,5.8,12.8,45.3,2.4,6.1,38.9,4.6,5.6,81.4,3.5,2.1,0.7,0.6,2.1,0,0,前锋,前锋,22.545454545454547,4.242424242424242,2.545454545454546,0.8484848484848485,0.7272727272727272,2.545454545454546,54.6875,60.92767295597484,0.47656249999999994,1.0,0.3870967741935483,0.24731182795698922,True
杰里迈亚·菲尔斯,后卫,79,25.2,13.4,5.0,11.6,42.9,1.2,3.6,34.2,2.2,2.7,78.7,3.6,3.3,1.1,0.4,2.2,2,0,后卫,后卫,19.142857142857146,5.142857142857142,4.714285714285714,1.5714285714285716,0.5714285714285715,3.1428571428571432,48.275862068965516,52.392868314044414,0.3103448275862069,1.4999999999999998,0.2686567164179104,0.16417910447761194,True
杰里科·西姆斯,中锋,63,18.7,4.5,2.0,2.5,79.6,0.0,0.0,0.0,0.6,0.9,61.4,5.3,1.3,0.2,0.2,1.1,4,0,中锋,中锋,8.663101604278076,10.203208556149733,2.502673796791444,0.3850267379679145,0.3850267379679145,2.1176470588235294,80.0,77.69337016574586,0.0,1.1818181818181817,0.0,0.13333333333333333,True
杰特·霍华德,后卫,55,12.6,5.5,1.9,4.6,41.8,1.0,2.6,37.2,0.7,0.7,94.9,1.6,0.8,0.2,0.2,0.3,0,0,后卫,后卫,15.714285714285715,4.571428571428572,2.285714285714286,0.5714285714285715,0.5714285714285715,0.8571428571428571,52.17391304347826,56.03096984515078,0.5652173913043479,2.666666666666667,0.5454545454545454,0.12727272727272726,True
杰文·卡特,后卫,49,16.3,6.5,2.3,6.0,39.4,1.5,4.2,35.4,0.3,0.4,78.9,1.7,1.6,0.7,0.2,0.7,0,0,后卫,后卫,14.355828220858895,3.7546012269938647,3.5337423312883436,1.5460122699386503,0.44171779141104295,1.5460122699386503,50.83333333333333,52.623056994818654,0.7000000000000001,2.285714285714286,0.6923076923076923,0.04615384615384615,True
乔克·兰代尔,中锋,68,22.1,10.6,4.1,8.1,51.5,1.1,2.8,38.3,1.2,1.9,63.5,5.7,1.7,0.5,0.5,0.9,9,0,中锋,中锋,17.266968325791854,9.285067873303168,2.7692307692307687,0.8144796380090498,0.8144796380090498,1.4660633484162895,57.407407407407405,59.31065353625783,0.345679012345679,1.8888888888888888,0.3113207547169812,0.11320754716981132,True
约翰·科林斯,前锋,65,27.4,13.7,5.3,9.6,55.6,1.3,3.2,41.8,1.8,2.2,78.6,5.2,1.0,0.9,0.7,1.3,3,0,前锋,前锋,18.0,6.832116788321168,1.3138686131386863,1.1824817518248176,0.9197080291970803,1.708029197080292,61.97916666666667,64.81831945495836,0.33333333333333337,0.7692307692307692,0.28467153284671537,0.13138686131386862,True
约翰·康查尔,后卫,53,19.1,4.2,1.6,3.4,46.9,0.5,1.7,27.5,0.5,0.8,70.0,4.0,1.8,1.4,0.6,0.6,1,0,后卫,后卫,7.9162303664921465,7.539267015706805,3.3926701570680624,2.638743455497382,1.1308900523560208,1.1308900523560208,54.41176470588236,55.97014925373135,0.5,3.0,0.35714285714285715,0.11904761904761904,True
约纳斯·瓦兰丘纳斯,中锋,61,13.1,8.2,3.2,5.7,57.1,0.1,0.3,30.0,1.6,2.1,77.2,4.8,1.1,0.2,0.5,1.1,3,0,中锋,中锋,22.53435114503817,13.190839694656487,3.0229007633587788,0.549618320610687,1.3740458015267176,3.0229007633587788,57.01754385964912,61.89613526570047,0.05263157894736842,1.0,0.03658536585365855,0.19512195121951223,True
乔纳森·艾萨克,前锋,52,10.0,2.6,0.9,2.1,42.2,0.1,0.7,18.4,0.7,1.1,60.3,2.5,0.4,0.4,0.6,0.3,0,0,前锋,前锋,9.360000000000001,9.0,1.44,1.44,2.1599999999999997,1.0799999999999998,45.23809523809524,50.30959752321982,0.3333333333333333,1.3333333333333335,0.11538461538461539,0.2692307692307692,True
乔丹·克拉克森,后卫,68,18.0,8.8,3.3,7.4,45.0,1.0,3.1,33.3,1.1,1.3,82.4,1.8,1.3,0.4,0.1,0.9,0,0,后卫,后卫,17.6,3.5999999999999996,2.6,0.8,0.2,1.7999999999999998,51.35135135135135,55.19317611640743,0.4189189189189189,1.4444444444444444,0.3409090909090909,0.125,True
乔丹·古德温,后卫,68,22.6,8.7,3.3,8.0,41.0,1.6,4.3,36.3,0.6,0.8,69.6,4.9,2.2,1.5,0.2,1.0,2,0,后卫,后卫,13.858407079646016,7.8053097345132745,3.504424778761062,2.389380530973451,0.3185840707964602,1.5929203539823007,51.24999999999999,52.08333333333333,0.5375,2.2,0.5517241379310346,0.06896551724137931,True
乔丹·霍金斯,后卫,48,12.8,4.2,1.5,4.3,34.1,0.9,2.5,33.6,0.4,0.4,81.0,1.5,0.7,0.2,0.2,0.6,0,0,后卫,后卫,11.8125,4.21875,1.9687499999999998,0.5625,0.5625,1.6874999999999998,45.34883720930233,46.916890080428956,0.5813953488372093,1.1666666666666667,0.6428571428571429,0.09523809523809523,True
乔丹·米勒,后卫,56,21.7,9.8,3.5,6.6,52.7,0.6,1.8,34.0,2.2,2.9,76.4,3.0,2.2,0.8,0.2,1.1,1,0,后卫,后卫,16.258064516129032,4.976958525345622,3.6497695852534564,1.327188940092166,0.3317972350230415,1.8248847926267282,57.57575757575758,62.21432199085831,0.27272727272727276,2.0,0.18367346938775508,0.22448979591836735,True
乔丹·沃尔什,后卫,64,17.5,5.2,2.0,3.8,51.2,0.7,1.8,38.4,0.6,0.8,75.5,4.0,0.8,0.7,0.5,0.5,2,0,后卫,后卫,10.697142857142858,8.228571428571428,1.6457142857142857,1.44,1.0285714285714285,1.0285714285714285,61.8421052631579,62.6204238921002,0.4736842105263158,1.6,0.40384615384615374,0.11538461538461538,True
何塞·阿尔瓦拉多,后卫,67,19.7,7.2,2.6,6.4,41.5,1.4,4.1,34.9,0.5,0.6,80.0,2.4,3.4,1.0,0.1,1.1,1,0,后卫,后卫,13.157360406091371,4.385786802030457,6.213197969543147,1.8274111675126905,0.18274111675126906,2.0101522842639596,51.562499999999986,54.02160864345738,0.6406249999999999,3.0909090909090904,0.5833333333333333,0.06944444444444445,True
约什·吉迪,后卫,54,32.1,17.0,5.9,13.3,44.8,1.9,5.2,36.4,3.2,4.2,76.3,8.3,9.1,1.0,0.5,3.6,28,13,后卫,后卫,19.06542056074766,9.30841121495327,10.205607476635512,1.1214953271028036,0.5607476635514018,4.037383177570093,51.50375939849624,56.11301822022708,0.39097744360902253,2.5277777777777777,0.3352941176470588,0.18823529411764706,True
约什·格林,后卫,55,16.0,4.4,1.5,3.2,45.8,1.0,2.4,41.8,0.5,0.5,89.3,1.8,0.9,0.6,0.1,0.6,0,0,后卫,后卫,9.9,4.05,2.025,1.3499999999999999,0.225,1.3499999999999999,62.5,64.32748538011695,0.7499999999999999,1.5,0.6818181818181818,0.11363636363636363,True
约什·哈特,后卫,63,30.1,12.1,4.6,9.1,50.7,1.5,3.7,40.9,1.4,1.9,72.3,7.6,4.9,1.1,0.3,1.9,13,2,后卫,后卫,14.47176079734219,9.08970099667774,5.8604651162790695,1.3156146179401993,0.3588039867109634,2.272425249169435,58.791208791208796,60.88969404186796,0.40659340659340665,2.578947368421053,0.37190082644628103,0.11570247933884296,True
约什·米诺特,前锋,49,17.0,7.4,2.6,5.1,50.0,1.3,3.1,41.8,1.0,1.2,78.7,3.2,0.9,0.9,0.5,0.9,1,0,前锋,前锋,15.670588235294119,6.776470588235294,1.9058823529411764,1.9058823529411764,1.0588235294117647,1.9058823529411764,63.72549019607844,65.74271499644634,0.607843137254902,1.0,0.5270270270270271,0.13513513513513511,True
约什·奥科吉,后卫,74,17.2,4.6,1.6,3.7,43.8,0.8,2.0,39.7,0.5,0.9,58.5,2.4,0.8,0.8,0.2,0.5,1,0,后卫,后卫,9.627906976744185,5.023255813953488,1.6744186046511629,1.6744186046511629,0.4186046511627907,1.0465116279069768,54.05405405405405,56.15234375,0.5405405405405405,1.6,0.5217391304347827,0.10869565217391305,True
朱·霍勒迪,后卫,49,29.1,16.3,6.1,13.2,45.8,2.6,6.8,38.9,1.6,1.9,83.0,4.5,6.1,1.1,0.1,2.8,7,0,后卫,后卫,20.16494845360825,5.56701030927835,7.546391752577319,1.3608247422680413,0.12371134020618556,3.4639175257731956,56.060606060606055,58.06497577657452,0.5151515151515151,2.1785714285714284,0.4785276073619632,0.09815950920245399,True
朱利安·尚帕尼,前锋,78,27.7,11.3,3.7,8.5,43.7,2.5,6.4,38.6,1.4,1.7,84.1,5.8,1.5,0.8,0.4,0.9,7,0,前锋,前锋,14.68592057761733,7.537906137184115,1.9494584837545126,1.0397111913357402,0.5198555956678701,1.1696750902527075,58.235294117647065,61.09429065743945,0.7529411764705882,1.6666666666666665,0.663716814159292,0.1238938053097345,True
朱利安·斯特劳瑟,后卫,53,14.3,6.5,2.3,5.1,45.6,0.9,2.5,36.2,0.9,1.2,80.6,1.9,1.0,0.4,0.1,0.6,0,0,后卫,后卫,16.363636363636363,4.7832167832167825,2.5174825174825175,1.0069930069930069,0.2517482517482517,1.5104895104895102,53.92156862745099,57.746979388770434,0.4901960784313726,1.6666666666666667,0.4153846153846154,0.13846153846153847,True
朱利叶斯·兰德尔,前锋,78,33.1,21.1,7.4,15.3,48.2,1.4,4.3,31.3,5.0,6.3,80.0,6.8,5.1,1.1,0.2,2.8,15,3,前锋,前锋,22.948640483383684,7.3957703927492435,5.546827794561933,1.1963746223564955,0.2175226586102719,3.0453172205438066,52.94117647058824,58.37760070827801,0.28104575163398693,1.8214285714285714,0.19905213270142175,0.23696682464454974,True
贾斯廷·尚帕尼,前锋,66,19.7,8.6,3.3,6.5,51.4,0.7,2.2,32.7,1.2,1.5,78.4,5.5,1.2,0.8,0.6,0.6,4,0,前锋,前锋,15.715736040609135,10.050761421319796,2.1928934010152283,1.4619289340101524,1.0964467005076142,1.0964467005076142,56.15384615384615,60.05586592178771,0.3384615384615385,2.0,0.24418604651162787,0.13953488372093023,True
贾斯廷·爱德华兹,前锋,60,15.3,6.0,2.2,4.9,44.9,1.0,2.8,36.7,0.6,0.7,84.6,1.5,1.3,0.8,0.2,0.6,0,0,前锋,前锋,14.117647058823529,3.5294117647058822,3.058823529411765,1.8823529411764706,0.47058823529411764,1.4117647058823528,55.10204081632652,57.6036866359447,0.5714285714285714,2.166666666666667,0.5,0.09999999999999999,True
卡尔-安东尼·唐斯,中锋,72,31.0,20.1,6.9,13.8,49.6,1.5,4.1,36.8,4.8,5.7,85.5,11.9,2.9,0.8,0.5,2.5,53,1,中锋,中锋,23.34193548387097,13.819354838709678,3.367741935483871,0.9290322580645162,0.5806451612903226,2.903225806451613,55.434782608695656,61.626195732156,0.29710144927536225,1.16,0.22388059701492535,0.2388059701492537,True
卡洛·马特科维奇,前锋,62,14.7,5.7,2.3,3.8,60.4,0.6,1.5,42.2,0.5,0.7,73.2,3.7,0.8,0.4,0.9,0.5,1,0,前锋,前锋,13.95918367346939,9.06122448979592,1.959183673469388,0.979591836734694,2.2040816326530615,1.2244897959183674,68.42105263157893,69.37682570593964,0.39473684210526316,1.6,0.3157894736842105,0.08771929824561403,True
卡斯帕拉斯·亚库乔尼斯,后卫,49,17.8,6.2,1.9,4.6,42.4,1.2,3.0,41.8,1.1,1.2,88.3,2.6,2.6,0.6,0.1,1.0,0,0,后卫,后卫,12.53932584269663,5.258426966292135,5.258426966292135,1.2134831460674156,0.20224719101123595,2.0224719101123596,54.34782608695653,60.45241809672387,0.6521739130434783,2.6,0.5806451612903225,0.1774193548387097,True
科怀·伦纳德,前锋,62,32.0,28.0,9.8,19.4,50.5,2.6,6.9,38.4,5.8,6.5,90.0,6.3,3.6,1.9,0.4,2.0,5,0,前锋,前锋,31.5,7.0874999999999995,4.05,2.1374999999999997,0.45,2.25,57.216494845360835,62.8930817610063,0.3556701030927836,1.8,0.2785714285714286,0.20714285714285713,True
基顿·华莱士,后卫,51,9.7,3.5,1.3,3.1,42.0,0.7,1.8,39.8,0.2,0.3,64.3,1.0,1.7,0.5,0.1,0.5,0,0,后卫,后卫,12.989690721649486,3.711340206185567,6.309278350515464,1.8556701030927836,0.3711340206185567,1.8556701030927836,53.2258064516129,54.146039603960396,0.5806451612903226,3.4,0.5999999999999999,0.05714285714285715,False
凯尔埃尔·韦尔,中锋,73,22.2,11.1,4.5,8.5,52.9,1.2,3.0,38.4,1.0,1.3,75.5,9.1,0.7,0.8,1.1,0.8,24,0,中锋,中锋,18.0,14.756756756756756,1.135135135135135,1.2972972972972974,1.783783783783784,1.2972972972972974,60.0,61.177248677248684,0.35294117647058826,0.8749999999999999,0.3243243243243243,0.0900900900900901,True
凯尔登·约翰逊,前锋,78,23.2,13.0,5.0,9.5,52.5,1.2,3.3,37.3,1.8,2.2,79.8,5.3,1.4,0.5,0.1,0.8,5,0,前锋,前锋,20.17241379310345,8.224137931034482,2.1724137931034484,0.7758620689655172,0.15517241379310345,1.2413793103448276,58.94736842105262,62.09400076423386,0.34736842105263155,1.7499999999999998,0.2769230769230769,0.13846153846153847,True
肯里奇·威廉姆斯,后卫,52,14.9,6.4,2.4,4.9,49.8,0.9,2.2,41.2,0.6,1.0,64.0,3.1,1.3,0.6,0.1,0.8,0,0,后卫,后卫,15.463087248322148,7.489932885906041,3.1409395973154366,1.4496644295302012,0.24161073825503357,1.9328859060402686,58.16326530612245,59.92509363295879,0.4489795918367347,1.625,0.421875,0.09374999999999999,True
肯塔维厄斯·考德威尔-波普,后卫,51,21.3,8.4,2.9,7.2,41.0,1.1,3.4,31.6,1.4,1.6,91.3,2.5,2.7,0.8,0.2,1.2,0,0,后卫,后卫,14.19718309859155,4.225352112676056,4.563380281690141,1.352112676056338,0.3380281690140845,2.0281690140845066,47.91666666666667,53.137651821862356,0.4722222222222222,2.2500000000000004,0.39285714285714285,0.16666666666666666,True
基翁·埃利斯,后卫,69,20.4,6.6,2.3,5.3,43.8,1.3,3.5,36.3,0.7,0.9,72.3,1.9,0.9,1.2,0.7,0.6,0,0,后卫,后卫,11.647058823529413,3.352941176470588,1.5882352941176472,2.1176470588235294,1.2352941176470589,1.0588235294117647,55.660377358490564,57.93539325842697,0.6603773584905661,1.5,0.5909090909090909,0.10606060606060606,True
凯文·杜兰特,前锋,75,36.4,25.9,9.1,17.6,51.9,2.4,5.8,41.0,5.2,6.0,87.7,5.4,4.8,0.8,0.9,3.2,7,0,前锋,前锋,25.615384615384617,5.340659340659341,4.747252747252747,0.7912087912087913,0.8901098901098901,3.164835164835165,58.52272727272726,63.98221343873517,0.32954545454545453,1.4999999999999998,0.277992277992278,0.2007722007722008,True
凯文·赫尔特,后卫,66,22.4,9.9,3.9,8.6,45.0,1.4,4.7,30.2,0.8,1.0,76.8,3.5,2.5,0.8,0.5,1.0,1,0,后卫,后卫,15.910714285714288,5.625,4.017857142857143,1.2857142857142858,0.8035714285714286,1.6071428571428572,53.48837209302325,54.756637168141594,0.5465116279069768,2.5,0.42424242424242414,0.08080808080808081,True
基扬特·乔治,后卫,54,33.1,23.6,7.4,16.3,45.6,2.5,6.7,37.1,6.2,7.0,89.2,3.7,6.1,1.1,0.3,3.1,4,0,后卫,后卫,25.667673716012086,4.024169184290031,6.634441087613292,1.1963746223564955,0.3262839879154078,3.3716012084592144,53.06748466257669,60.8875128998968,0.4110429447852761,1.9677419354838708,0.3177966101694915,0.2627118644067796,True
克里斯·米德尔顿,前锋,58,23.3,10.4,3.7,8.9,42.0,1.1,3.0,35.1,1.9,2.2,86.7,3.8,2.9,0.7,0.2,1.8,2,0,前锋,前锋,16.068669527896997,5.871244635193132,4.480686695278969,1.0815450643776823,0.30901287553648066,2.781115879828326,47.752808988764045,52.695581678151605,0.33707865168539325,1.611111111111111,0.31730769230769235,0.18269230769230768,True
克莱·汤普森,后卫,66,21.8,11.8,4.2,10.5,39.5,2.9,7.6,38.6,0.5,0.7,75.6,2.1,1.4,0.5,0.3,0.9,0,0,后卫,后卫,19.486238532110093,3.467889908256881,2.311926605504587,0.8256880733944953,0.49541284403669716,1.4862385321100917,53.80952380952382,54.589193190229466,0.7238095238095238,1.5555555555555554,0.7372881355932203,0.0423728813559322,True
科比·布朗,后卫,58,15.3,5.6,2.0,4.3,46.6,0.8,2.2,37.0,0.8,1.0,80.4,2.9,1.3,0.3,0.2,0.8,0,0,后卫,后卫,13.176470588235293,6.823529411764705,3.058823529411765,0.7058823529411764,0.47058823529411764,1.8823529411764706,55.81395348837209,59.0717299578059,0.5116279069767442,1.625,0.42857142857142866,0.14285714285714288,True
科比·桑德斯,后卫,64,19.8,7.1,2.6,5.6,46.3,1.1,2.8,40.8,0.8,1.0,80.3,2.2,1.6,0.7,0.1,1.2,0,0,后卫,后卫,12.909090909090908,4.0,2.909090909090909,1.2727272727272727,0.18181818181818182,2.1818181818181817,56.250000000000014,58.774834437086085,0.5,1.3333333333333335,0.46478873239436624,0.11267605633802819,True
康·克努佩尔,后卫,78,31.5,18.7,6.4,13.4,48.1,3.4,7.9,43.0,2.5,2.9,86.2,5.3,3.4,0.7,0.2,2.0,7,0,后卫,后卫,21.37142857142857,6.057142857142857,3.8857142857142852,0.7999999999999999,0.22857142857142856,2.2857142857142856,60.447761194029844,63.70945761787953,0.5895522388059702,1.7,0.5454545454545454,0.13368983957219252,True
克里斯·邓恩,后卫,78,27.3,7.5,2.8,5.9,48.3,1.0,2.6,38.2,0.8,1.0,76.5,3.3,3.6,1.6,0.2,1.3,0,0,后卫,后卫,9.89010989010989,4.351648351648351,4.747252747252747,2.10989010989011,0.26373626373626374,1.7142857142857144,55.932203389830505,59.14826498422712,0.4406779661016949,2.769230769230769,0.4,0.10666666666666667,True
克里斯·默里,前锋,53,23.6,5.8,2.3,5.0,45.7,0.6,2.2,26.5,0.7,1.0,70.6,3.7,1.4,0.9,0.4,0.8,0,0,前锋,前锋,8.847457627118644,5.6440677966101696,2.1355932203389827,1.3728813559322033,0.6101694915254237,1.2203389830508473,51.99999999999999,53.30882352941176,0.44000000000000006,1.7499999999999998,0.31034482758620685,0.12068965517241378,True
凯尔·菲利波夫斯基,前锋,76,23.5,11.4,4.2,8.5,49.4,1.0,2.9,32.6,2.1,2.8,74.8,7.2,2.5,1.0,0.5,1.6,13,0,前锋,前锋,17.463829787234044,11.029787234042553,3.8297872340425534,1.5319148936170213,0.7659574468085106,2.451063829787234,55.294117647058826,58.56966707768188,0.3411764705882353,1.5625,0.2631578947368421,0.18421052631578946,True
凯尔·库兹马,前锋,68,26.3,13.1,4.9,10.1,49.1,1.2,3.5,34.5,2.0,2.7,72.4,4.6,2.6,0.7,0.4,1.7,4,0,前锋,前锋,17.931558935361213,6.2965779467680605,3.5589353612167303,0.9581749049429658,0.5475285171102662,2.326996197718631,54.45544554455446,58.02622253720765,0.34653465346534656,1.5294117647058825,0.27480916030534347,0.15267175572519084,True
凯肖恩·乔治,前锋,48,29.0,14.8,5.3,12.0,43.8,2.1,5.4,38.1,2.2,2.7,80.2,5.1,4.5,1.0,0.9,2.6,3,0,前锋,前锋,18.37241379310345,6.3310344827586205,5.586206896551724,1.2413793103448276,1.1172413793103448,3.227586206896552,52.916666666666664,56.111616621170754,0.45,1.7307692307692306,0.4256756756756757,0.14864864864864866,True
拉梅洛·鲍尔,后卫,69,27.8,19.8,7.0,17.1,40.6,3.7,10.0,36.8,2.1,2.4,89.2,4.8,7.2,1.2,0.2,2.7,10,1,后卫,后卫,25.640287769784173,6.215827338129496,9.323741007194243,1.553956834532374,0.2589928057553957,3.4964028776978417,51.754385964912274,54.52742894910772,0.5847953216374269,2.6666666666666665,0.5606060606060607,0.10606060606060606,True
兰德里·沙梅特,后卫,48,23.0,9.6,3.2,7.3,44.2,2.1,5.3,39.4,1.1,1.5,71.6,1.9,1.4,0.6,0.2,0.6,0,0,后卫,后卫,15.026086956521738,2.9739130434782606,2.1913043478260867,0.9391304347826086,0.3130434782608696,0.9391304347826086,58.21917808219178,60.30150753768844,0.726027397260274,2.3333333333333335,0.6562500000000001,0.11458333333333334,True
勒布朗·詹姆斯,前锋,56,33.4,20.6,7.8,15.2,51.1,1.3,4.1,31.3,3.8,5.2,74.4,6.0,6.9,1.1,0.6,2.9,14,3,前锋,前锋,22.20359281437126,6.467065868263473,7.437125748502995,1.18562874251497,0.6467065868263473,3.125748502994012,55.59210526315789,58.89752973467522,0.26973684210526316,2.3793103448275863,0.18932038834951456,0.1844660194174757,True
吕冈茨·多尔特,后卫,65,27.2,8.5,3.0,7.7,38.5,1.9,5.4,34.2,0.7,0.9,75.9,3.7,1.2,0.8,0.4,0.8,0,0,后卫,后卫,11.25,4.897058823529412,1.588235294117647,1.0588235294117647,0.5294117647058824,1.0588235294117647,51.298701298701296,52.49505928853755,0.7012987012987013,1.4999999999999998,0.6705882352941176,0.08235294117647059,True
卢卡·东契奇,后卫,64,35.8,33.5,10.8,22.8,47.6,4.0,10.8,36.6,7.9,10.1,78.0,7.7,8.3,1.6,0.5,4.0,34,8,后卫,后卫,33.68715083798883,7.743016759776537,8.3463687150838,1.6089385474860336,0.5027932960893855,4.022346368715084,56.14035087719298,61.48142710321539,0.4736842105263158,2.075,0.3582089552238806,0.23582089552238808,True
卢卡·加尔扎,中锋,67,15.9,7.7,2.8,4.9,58.3,0.8,1.8,44.1,1.3,1.6,76.4,3.9,0.9,0.4,0.4,0.6,1,0,中锋,中锋,17.433962264150942,8.830188679245284,2.0377358490566038,0.9056603773584906,0.9056603773584906,1.3584905660377358,65.3061224489796,68.70092790863669,0.36734693877551017,1.5,0.31168831168831174,0.16883116883116883,True
卢克·肯纳德,后卫,73,21.2,8.1,2.9,5.4,54.2,1.5,3.2,48.7,0.7,0.7,92.6,2.2,1.9,0.6,0.1,0.7,0,0,后卫,后卫,13.754716981132074,3.7358490566037736,3.226415094339622,1.0188679245283019,0.169811320754717,1.1886792452830188,67.59259259259258,70.95304835318849,0.5925925925925926,2.7142857142857144,0.5555555555555556,0.08641975308641975,True
卢克·科内特,中锋,65,21.0,6.5,2.5,4.0,64.0,0.0,0.0,0.0,1.4,1.7,82.1,6.1,1.8,0.4,1.0,0.4,3,0,中锋,中锋,11.142857142857142,10.457142857142857,3.0857142857142854,0.6857142857142857,1.7142857142857142,0.6857142857142857,62.5,68.44987363100252,0.0,4.5,0.0,0.21538461538461537,True
马利克·蒙克,后卫,60,22.4,12.6,4.5,10.4,43.5,2.0,5.2,39.2,1.6,1.8,87.8,1.9,3.1,0.6,0.4,1.5,0,0,后卫,后卫,20.25,3.0535714285714284,4.982142857142858,0.9642857142857143,0.6428571428571429,2.410714285714286,52.88461538461539,56.29020729092209,0.5,2.066666666666667,0.4761904761904762,0.126984126984127,True
马库斯·斯马特,后卫,60,28.8,9.5,3.1,7.7,39.9,1.6,4.8,33.6,1.7,2.1,81.6,2.8,2.8,1.4,0.4,1.5,0,0,后卫,后卫,11.875,3.5,3.5,1.75,0.5,1.875,50.64935064935065,55.07884972170686,0.6233766233766234,1.8666666666666665,0.505263157894737,0.17894736842105263,True
马克·威廉姆斯,中锋,58,23.6,11.6,4.7,7.4,63.9,0.0,0.0,100.0,2.2,2.8,77.0,8.0,1.0,0.9,0.9,1.1,14,0,中锋,中锋,17.694915254237287,12.203389830508474,1.5254237288135593,1.3728813559322033,1.3728813559322033,1.6779661016949152,63.51351351351351,67.19184430027804,0.0,0.9090909090909091,0.0,0.18965517241379312,True
马文·巴格利三世,前锋,56,20.0,10.3,4.2,6.8,61.6,0.3,0.8,45.2,1.6,2.5,65.2,6.1,1.4,0.5,0.7,1.1,6,0,前锋,前锋,18.54,10.98,2.52,0.9,1.26,1.98,63.97058823529412,65.18987341772153,0.11764705882352942,1.2727272727272725,0.08737864077669902,0.1553398058252427,True
马塔斯·布泽利斯,前锋,76,29.2,16.3,5.8,12.4,46.5,2.3,6.4,35.6,2.4,3.1,78.7,5.8,2.0,0.7,1.5,2.1,4,0,前锋,前锋,20.09589041095891,7.150684931506849,2.4657534246575343,0.863013698630137,1.8493150684931507,2.589041095890411,56.048387096774185,59.21243824469631,0.5161290322580645,0.9523809523809523,0.42331288343558277,0.14723926380368096,True
马克斯·克里斯蒂,后卫,72,29.4,12.2,4.2,9.5,44.3,2.3,5.8,40.5,1.5,1.7,89.2,3.3,2.0,0.6,0.3,1.3,0,0,后卫,后卫,14.938775510204081,4.040816326530613,2.4489795918367347,0.7346938775510203,0.36734693877551017,1.5918367346938778,56.315789473684205,59.523809523809526,0.6105263157894737,1.5384615384615383,0.5655737704918032,0.12295081967213116,True
马克西姆·雷诺,中锋,71,26.2,12.1,5.1,8.9,56.7,0.3,0.9,29.2,1.7,2.2,78.2,7.5,1.3,0.5,0.5,1.2,18,0,中锋,中锋,16.62595419847328,10.305343511450381,1.7862595419847331,0.6870229007633588,0.6870229007633588,1.648854961832061,58.98876404494382,61.30928252938792,0.10112359550561797,1.0833333333333335,0.07438016528925619,0.14049586776859505,True
迈卡·皮维,后卫,58,13.8,3.8,1.6,4.2,37.0,0.4,1.7,24.5,0.3,0.4,71.4,1.8,0.9,0.7,0.1,0.3,0,0,后卫,后卫,9.913043478260867,4.695652173913043,2.3478260869565215,1.826086956521739,0.2608695652173913,0.7826086956521738,42.857142857142854,43.418647166361964,0.4047619047619047,3.0,0.31578947368421056,0.07894736842105263,True
小迈克尔·波特,前锋,52,32.5,24.2,8.5,18.4,46.3,3.4,9.3,36.3,3.8,4.4,85.9,7.1,3.0,1.1,0.3,2.3,12,0,前锋,前锋,26.806153846153844,7.864615384615385,3.3230769230769233,1.2184615384615385,0.33230769230769225,2.5476923076923077,55.434782608695656,59.50039339103069,0.5054347826086957,1.3043478260869565,0.4214876033057851,0.15702479338842976,True
米卡尔·布里奇斯,后卫,78,33.3,14.7,5.8,12.0,48.7,1.9,5.3,37.1,1.0,1.2,83.2,3.9,3.8,1.3,0.8,1.1,1,0,后卫,后卫,15.891891891891891,4.216216216216217,4.108108108108108,1.4054054054054057,0.8648648648648649,1.1891891891891893,56.25,58.66858237547892,0.44166666666666665,3.454545454545454,0.3877551020408163,0.06802721088435375,True
迈克·康利,后卫,52,18.2,4.4,1.3,4.0,32.0,1.0,3.1,32.1,0.9,1.0,90.0,1.7,2.9,0.6,0.3,0.6,0,0,后卫,后卫,8.703296703296704,3.3626373626373627,5.736263736263736,1.1868131868131868,0.5934065934065934,1.1868131868131868,45.0,49.549549549549546,0.775,4.833333333333333,0.6818181818181818,0.20454545454545453,True
迈尔斯·布里奇斯,前锋,74,31.2,17.4,6.3,13.8,46.0,2.0,5.9,33.6,2.7,3.3,83.1,5.8,3.2,0.6,0.4,1.4,7,0,前锋,前锋,20.076923076923077,6.692307692307692,3.6923076923076925,0.6923076923076923,0.46153846153846156,1.6153846153846154,52.89855072463767,57.04169944925255,0.427536231884058,2.285714285714286,0.3448275862068966,0.15517241379310348,True
米切尔·罗宾逊,中锋,58,19.6,5.6,2.4,3.4,72.4,0.0,0.0,0.0,0.7,1.7,40.6,8.7,0.9,0.9,1.1,0.7,6,0,中锋,中锋,10.285714285714285,15.979591836734691,1.6530612244897958,1.6530612244897958,2.020408163265306,1.2857142857142856,70.58823529411765,67.50241080038573,0.0,1.2857142857142858,0.0,0.125,True
穆罕默德·迪亚瓦拉,前锋,67,8.8,3.6,1.3,3.0,43.6,0.7,1.8,39.0,0.2,0.3,73.7,1.3,0.7,0.2,0.1,0.4,0,0,前锋,前锋,14.727272727272725,5.318181818181818,2.8636363636363633,0.8181818181818181,0.40909090909090906,1.6363636363636362,54.99999999999999,57.47126436781609,0.6,1.7499999999999998,0.5833333333333333,0.05555555555555556,False
摩西·穆迪,后卫,60,25.7,12.1,4.1,9.3,44.0,2.5,6.3,40.1,1.5,1.9,77.0,3.3,1.6,1.0,0.6,1.0,0,0,后卫,后卫,16.94941634241245,4.6225680933852145,2.2412451361867705,1.4007782101167316,0.8404669260700388,1.4007782101167316,57.5268817204301,59.688239936858714,0.6774193548387096,1.6,0.6198347107438017,0.12396694214876033,True
穆罕默德·盖耶,前锋,74,15.4,4.5,1.7,3.8,45.4,0.5,1.7,30.6,0.5,0.8,64.5,3.6,0.9,0.8,0.5,0.4,3,0,前锋,前锋,10.519480519480519,8.415584415584416,2.103896103896104,1.87012987012987,1.1688311688311688,0.935064935064935,51.31578947368421,54.190751445086704,0.4473684210526316,2.25,0.3333333333333333,0.1111111111111111,True
穆萨·迪亚巴特,前锋,70,25.9,8.0,3.2,5.0,63.2,0.0,0.0,50.0,1.6,2.5,66.3,8.8,1.9,0.8,1.0,1.0,20,0,前锋,前锋,11.11969111969112,12.231660231660232,2.6409266409266405,1.111969111969112,1.38996138996139,1.38996138996139,64.0,65.57377049180329,0.0,1.9,0.0,0.2,True
迈尔斯·特纳,中锋,70,26.9,11.9,4.0,9.1,43.8,2.1,5.4,38.5,1.9,2.5,74.4,5.3,1.4,0.7,1.6,1.2,4,0,中锋,中锋,15.92565055762082,7.092936802973977,1.8736059479553904,0.9368029739776952,2.1412639405204463,1.6059479553903344,55.494505494505496,58.333333333333336,0.5934065934065935,1.1666666666666667,0.5294117647058824,0.15966386554621848,True
纳奎恩·汤姆林,前锋,61,15.2,5.5,2.2,4.7,47.0,0.4,1.7,21.0,0.7,0.9,75.0,2.7,0.7,0.6,0.5,0.4,0,0,前锋,前锋,13.026315789473685,6.394736842105264,1.6578947368421053,1.4210526315789473,1.1842105263157896,0.9473684210526316,51.06382978723405,53.96389324960753,0.36170212765957444,1.7499999999999998,0.21818181818181823,0.12727272727272726,True
纳吉·马绍尔,前锋,72,29.6,15.4,5.7,11.1,51.2,0.9,2.9,29.5,3.1,4.1,76.5,4.7,3.3,1.1,0.1,1.6,2,0,前锋,前锋,18.72972972972973,5.716216216216217,4.013513513513513,1.3378378378378377,0.12162162162162161,1.9459459459459458,55.4054054054054,59.671419714817105,0.26126126126126126,2.0624999999999996,0.17532467532467533,0.2012987012987013,True
纳兹·里德,中锋,75,26.1,13.5,5.1,11.3,45.2,2.1,5.8,36.1,1.2,1.6,73.3,6.3,2.2,0.9,1.0,1.6,6,0,中锋,中锋,18.620689655172413,8.689655172413792,3.0344827586206895,1.2413793103448274,1.379310344827586,2.206896551724138,54.424778761061944,56.23125624791735,0.5132743362831858,1.375,0.46666666666666673,0.08888888888888889,True
尼米亚斯·科塔,中锋,73,25.5,10.2,4.3,6.6,64.8,0.0,0.1,0.0,1.7,2.4,69.9,8.4,1.6,0.8,1.3,1.0,16,0,中锋,中锋,14.4,11.858823529411765,2.2588235294117647,1.1294117647058823,1.835294117647059,1.411764705882353,65.15151515151516,66.61442006269593,0.015151515151515154,1.6,0.0,0.16666666666666669,True
尼克·克拉克斯顿,中锋,69,27.8,11.7,4.8,8.4,57.1,0.0,0.3,15.8,2.0,3.3,61.6,6.9,3.7,0.7,1.1,1.4,11,2,中锋,中锋,15.151079136690647,8.93525179856115,4.7913669064748206,0.9064748201438848,1.4244604316546763,1.8129496402877696,57.14285714285714,59.378806333739334,0.03571428571428571,2.6428571428571432,0.0,0.17094017094017094,True
尼克·理查兹,中锋,48,14.6,5.8,2.1,4.2,51.2,0.1,0.4,27.8,1.4,2.1,64.4,5.1,0.3,0.2,0.7,1.2,4,0,中锋,中锋,14.301369863013697,12.575342465753424,0.7397260273972602,0.4931506849315069,1.726027397260274,2.958904109589041,51.19047619047619,56.59640905542545,0.09523809523809523,0.25,0.05172413793103449,0.24137931034482757,True
尼基尔·亚历山大-沃克,后卫,75,33.2,20.6,6.9,15.3,45.4,3.2,8.0,39.4,3.6,4.0,90.0,3.5,3.7,1.3,0.5,2.1,2,0,后卫,后卫,22.33734939759036,3.795180722891566,4.0120481927710845,1.4096385542168675,0.5421686746987951,2.2771084337349397,55.55555555555556,60.375146541617816,0.5228758169934641,1.7619047619047619,0.46601941747572817,0.17475728155339806,True
尼古拉斯·巴图姆,前锋,71,17.8,4.0,1.3,3.3,39.8,1.2,3.1,39.8,0.1,0.2,81.8,2.5,0.9,0.7,0.3,0.5,0,0,前锋,前锋,8.089887640449438,5.056179775280898,1.8202247191011234,1.4157303370786516,0.6067415730337078,1.0112359550561798,57.57575757575758,59.031877213695395,0.9393939393939394,1.8,0.8999999999999999,0.025,True
尼古拉·约基奇,中锋,62,35.0,27.9,10.0,17.4,57.1,1.8,4.6,38.3,6.2,7.5,82.7,12.9,10.9,1.4,0.8,3.8,53,32,中锋,中锋,28.697142857142858,13.268571428571429,11.211428571428572,1.44,0.8228571428571428,3.908571428571428,62.64367816091955,67.3913043478261,0.26436781609195403,2.868421052631579,0.19354838709677422,0.22222222222222224,True
尼古拉·约维奇,前锋,47,17.2,7.3,2.4,6.7,36.6,1.0,3.6,26.9,1.5,2.1,68.3,3.3,2.2,0.6,0.4,1.4,0,0,前锋,前锋,15.279069767441861,6.906976744186046,4.604651162790698,1.255813953488372,0.8372093023255814,2.9302325581395348,43.28358208955223,47.87513116474291,0.5373134328358209,1.5714285714285716,0.4109589041095891,0.20547945205479454,True
尼古拉·武切维奇,中锋,61,28.7,15.4,6.3,12.7,49.5,1.6,4.2,37.0,1.2,1.5,83.5,8.5,3.3,0.6,0.7,1.3,23,0,中锋,中锋,19.317073170731707,10.662020905923345,4.139372822299651,0.7526132404181184,0.8780487804878049,1.6306620209059235,55.90551181102362,57.63473053892216,0.33070866141732286,2.5384615384615383,0.31168831168831174,0.07792207792207792,True
尼克·克利福德,后卫,72,24.6,8.2,3.2,7.7,41.4,1.0,3.1,33.6,0.8,1.1,68.8,3.7,2.3,0.9,0.3,1.5,0,0,后卫,后卫,11.999999999999998,5.414634146341464,3.3658536585365852,1.3170731707317072,0.4390243902439024,2.195121951219512,48.05194805194805,50.097751710654926,0.4025974025974026,1.5333333333333332,0.3658536585365854,0.09756097560975611,True
诺阿·克洛尼,前锋,66,27.0,12.3,3.8,9.6,39.6,2.0,5.9,32.9,2.7,3.4,80.4,4.1,1.6,0.8,0.7,1.5,1,0,前锋,前锋,16.400000000000002,5.466666666666667,2.1333333333333333,1.0666666666666667,0.9333333333333333,2.0,50.0,55.4253785147801,0.6145833333333334,1.0666666666666667,0.4878048780487805,0.21951219512195122,True
诺阿·彭达,前锋,56,13.2,4.1,1.5,3.6,41.2,0.5,1.6,33.3,0.6,0.9,68.8,3.3,1.2,0.5,0.3,0.8,2,0,前锋,前锋,11.181818181818182,9.0,3.2727272727272725,1.3636363636363638,0.8181818181818181,2.181818181818182,48.61111111111111,51.301301301301294,0.4444444444444445,1.4999999999999998,0.3658536585365854,0.14634146341463417,True
诺兰·特拉奥雷,后卫,54,22.6,8.9,3.2,8.6,37.8,1.1,3.4,32.4,1.3,1.7,78.0,1.7,3.9,0.8,0.4,2.3,1,0,后卫,后卫,14.176991150442479,2.7079646017699113,6.212389380530973,1.2743362831858407,0.6371681415929203,3.6637168141592915,43.604651162790695,47.60376551133933,0.3953488372093023,1.6956521739130437,0.3707865168539326,0.14606741573033707,True
诺曼·鲍威尔,后卫,55,30.1,22.1,7.4,15.7,47.3,2.7,7.1,38.4,4.5,5.5,82.5,3.6,2.6,1.1,0.3,1.9,1,0,后卫,后卫,26.431893687707642,4.305647840531561,3.1096345514950166,1.3156146179401993,0.3588039867109634,2.272425249169435,55.73248407643312,60.98233995584991,0.45222929936305734,1.368421052631579,0.36651583710407243,0.20361990950226244,True
奥柴·阿巴吉,后卫,62,15.7,5.1,2.0,4.5,43.6,0.5,2.1,26.6,0.6,0.7,83.7,2.3,0.8,0.4,0.3,0.5,0,0,后卫,后卫,11.694267515923567,5.273885350318471,1.8343949044585988,0.9171974522292994,0.6878980891719745,1.1464968152866242,50.0,53.036605657237935,0.4666666666666667,1.6,0.29411764705882354,0.11764705882352941,True
欧吉·阿奴诺比,前锋,64,33.4,16.9,5.9,12.1,48.6,2.3,6.0,38.8,2.8,3.4,82.3,5.3,2.2,1.6,0.7,1.9,5,0,前锋,前锋,18.21556886227545,5.712574850299401,2.37125748502994,1.7245508982035929,0.7544910179640719,2.0479041916167664,58.26446280991736,62.150632538982045,0.49586776859504134,1.1578947368421053,0.40828402366863903,0.16568047337278108,True
奥利维耶-马克桑斯·普罗斯珀,前锋,52,18.5,9.7,3.5,6.5,53.8,1.1,2.8,39.2,1.7,2.2,76.1,3.5,1.0,0.8,0.3,0.9,1,0,前锋,前锋,18.875675675675677,6.8108108108108105,1.945945945945946,1.5567567567567568,0.5837837837837837,1.7513513513513512,62.30769230769231,64.94376004284949,0.43076923076923074,1.1111111111111112,0.3402061855670104,0.1752577319587629,True
奥涅卡·奥孔古,前锋,71,31.0,15.4,5.6,11.7,48.2,2.0,5.2,37.9,2.1,2.8,75.5,7.7,3.2,1.1,1.1,1.7,16,0,前锋,前锋,17.883870967741935,8.941935483870967,3.7161290322580647,1.2774193548387098,1.2774193548387098,1.9741935483870967,56.41025641025641,59.542220847510066,0.4444444444444445,1.8823529411764708,0.38961038961038963,0.13636363636363635,True
奥索·伊戈达罗,前锋,78,22.3,6.5,2.9,4.5,65.4,0.0,0.0,0.0,0.7,1.4,45.1,5.1,2.3,0.9,0.7,1.2,4,0,前锋,前锋,10.493273542600896,8.233183856502242,3.7130044843049324,1.452914798206278,1.1300448430493273,1.9372197309417039,64.44444444444444,63.52619233776389,0.0,1.9166666666666665,0.0,0.10769230769230768,True
乌斯曼·吉昂,前锋,53,18.2,7.2,2.8,6.6,42.4,1.1,3.1,36.4,0.5,0.7,72.2,2.9,2.1,0.4,0.3,1.0,4,0,前锋,前锋,14.241758241758241,5.736263736263736,4.153846153846154,0.7912087912087913,0.5934065934065934,1.978021978021978,50.75757575757576,52.11349160393747,0.4696969696969697,2.1,0.45833333333333337,0.06944444444444445,True
皮杰·华盛顿,前锋,55,31.0,14.1,5.3,11.8,44.8,1.3,4.1,32.0,2.3,3.3,68.7,7.1,1.8,1.0,1.1,1.7,8,0,前锋,前锋,16.374193548387094,8.24516129032258,2.0903225806451613,1.1612903225806452,1.2774193548387098,1.9741935483870967,50.42372881355932,53.19951705402958,0.34745762711864403,1.0588235294117647,0.2765957446808511,0.1631205673758865,True
保罗·班凯罗,前锋,68,34.9,22.2,7.3,16.1,45.7,1.2,3.9,30.8,6.4,8.2,77.4,8.4,5.1,0.7,0.6,3.1,25,2,前锋,前锋,22.89971346704871,8.664756446991404,5.260744985673353,0.7220630372492837,0.6189111747851003,3.197707736389685,49.06832298136645,56.32230566267504,0.24223602484472048,1.6451612903225805,0.16216216216216214,0.2882882882882883,True
帕斯卡尔·西亚卡姆,前锋,62,33.2,24.0,9.0,18.6,48.4,1.7,4.7,35.8,4.2,6.1,69.3,6.6,3.8,1.1,0.4,2.2,10,0,前锋,前锋,26.024096385542165,7.156626506024096,4.120481927710842,1.1927710843373494,0.4337349397590361,2.3855421686746987,52.956989247311824,56.38037962788949,0.25268817204301075,1.727272727272727,0.2125,0.17500000000000002,True
帕特·斯潘塞,后卫,62,18.0,7.1,2.8,6.4,43.3,0.9,2.4,36.0,0.7,0.9,78.2,2.4,3.5,0.7,0.1,1.3,1,0,后卫,后卫,14.2,4.8,7.0,1.4,0.2,2.6,50.78125,52.2366097704532,0.37499999999999994,2.692307692307692,0.3802816901408451,0.09859154929577464,True
帕特里克·威廉姆斯,前锋,68,19.7,6.6,2.4,6.4,36.9,1.2,3.6,34.0,0.7,1.0,68.2,2.8,1.3,0.6,0.3,1.0,0,0,前锋,前锋,12.060913705583756,5.116751269035533,2.375634517766498,1.0964467005076142,0.5482233502538071,1.8274111675126905,46.875,48.24561403508771,0.5625,1.3,0.5454545454545454,0.10606060606060606,True
保罗·里德,前锋,61,13.8,7.5,3.1,5.1,60.1,0.2,0.6,32.4,1.1,1.7,65.0,4.5,1.2,0.9,0.9,0.9,3,0,前锋,前锋,19.565217391304348,11.739130434782608,3.1304347826086953,2.3478260869565215,2.3478260869565215,2.3478260869565215,62.7450980392157,64.12448700410397,0.11764705882352941,1.3333333333333333,0.08000000000000002,0.14666666666666667,True
佩顿·普里查德,后卫,76,32.4,17.0,6.4,13.8,46.2,2.6,7.1,37.2,1.6,1.8,88.8,4.0,5.1,0.8,0.1,1.4,4,0,后卫,后卫,18.88888888888889,4.444444444444445,5.666666666666667,0.888888888888889,0.11111111111111112,1.5555555555555556,55.79710144927537,58.25109649122807,0.5144927536231884,3.642857142857143,0.45882352941176474,0.09411764705882353,True
佩勒·拉尔松,后卫,67,26.3,11.3,3.9,7.9,50.0,0.9,2.7,32.2,2.6,3.3,79.2,3.5,3.4,0.7,0.2,1.4,1,0,后卫,后卫,15.467680608365018,4.7908745247148286,4.653992395437262,0.9581749049429658,0.2737642585551331,1.9163498098859315,55.0632911392405,60.41488451668092,0.34177215189873417,2.428571428571429,0.23893805309734514,0.23008849557522124,True
佩顿·沃特森,后卫,54,29.6,14.6,5.3,10.8,49.1,1.5,3.6,41.1,2.6,3.5,73.0,4.9,2.1,0.9,1.1,1.7,2,0,后卫,后卫,17.756756756756758,5.95945945945946,2.5540540540540544,1.0945945945945945,1.3378378378378377,2.0675675675675675,56.01851851851851,59.15721231766613,0.3333333333333333,1.2352941176470589,0.3082191780821918,0.17808219178082194,True
普雷舍斯·阿丘瓦,大前锋,70,23.6,9.9,4.3,7.9,53.8,0.4,1.3,30.7,1.0,1.8,54.8,6.7,1.3,0.9,0.7,0.9,11,0,大前锋,前锋,15.101694915254237,10.220338983050848,1.9830508474576272,1.3728813559322033,1.0677966101694913,1.3728813559322033,56.96202531645569,56.948918545789226,0.16455696202531644,1.4444444444444444,0.12121212121212123,0.10101010101010101,True
昆汀·格兰姆斯,后卫,71,29.7,13.5,4.5,10.1,45.2,1.7,5.1,33.2,2.7,3.2,83.7,3.7,3.4,0.9,0.4,1.8,2,0,后卫,后卫,16.363636363636363,4.484848484848485,4.121212121212121,1.0909090909090908,0.48484848484848486,2.1818181818181817,52.97029702970298,58.6548488008342,0.504950495049505,1.8888888888888888,0.37777777777777777,0.2,True
昆滕·波斯特,中锋,67,17.3,7.7,2.9,6.6,44.0,1.4,4.1,33.6,0.5,0.6,79.1,4.0,1.4,0.4,0.5,0.8,0,0,中锋,中锋,16.023121387283236,8.323699421965317,2.913294797687861,0.8323699421965318,1.0404624277456647,1.6647398843930636,54.54545454545454,56.08974358974359,0.6212121212121212,1.7499999999999998,0.5454545454545453,0.06493506493506493,True
拉希尔·弗莱明,前锋,51,11.7,4.2,1.5,3.8,40.7,0.8,2.3,34.5,0.4,0.6,56.3,2.3,0.2,0.4,0.4,0.4,0,0,前锋,前锋,12.923076923076925,7.0769230769230775,0.6153846153846154,1.2307692307692308,1.2307692307692308,1.2307692307692308,50.0,51.67322834645669,0.6052631578947368,0.5,0.5714285714285715,0.09523809523809523,True
拉扬·鲁珀特,后卫,62,16.0,4.8,1.7,4.4,39.6,0.7,1.9,34.2,0.6,0.8,76.0,2.6,1.0,0.8,0.1,0.7,1,1,后卫,后卫,10.799999999999999,5.8500000000000005,2.25,1.8,0.225,1.575,46.59090909090908,50.5050505050505,0.43181818181818177,1.4285714285714286,0.43749999999999994,0.125,True
里德·谢泼德,后卫,78,26.4,13.6,5.0,11.5,43.1,2.8,7.0,39.7,0.9,1.1,81.0,2.9,3.4,1.5,0.7,1.6,2,0,后卫,后卫,18.545454545454547,3.9545454545454546,4.636363636363637,2.0454545454545454,0.9545454545454546,2.181818181818182,55.65217391304348,56.742323097463284,0.6086956521739131,2.125,0.6176470588235293,0.0661764705882353,True
阿尔杰·巴雷特,前锋,54,30.2,19.1,7.0,14.3,49.2,1.7,5.0,34.4,3.4,4.8,71.2,5.2,3.4,0.7,0.3,1.8,0,0,前锋,前锋,22.768211920529804,6.198675496688742,4.0529801324503305,0.8344370860927153,0.3576158940397351,2.1456953642384105,54.895104895104886,58.18912990494761,0.34965034965034963,1.8888888888888888,0.26701570680628267,0.17801047120418848,True
罗布·迪林厄姆,后卫,61,14.1,5.6,2.2,5.9,38.3,0.6,1.8,30.6,0.5,0.7,74.4,1.8,2.2,0.7,0.1,1.4,0,0,后卫,后卫,14.297872340425531,4.595744680851063,5.617021276595745,1.7872340425531914,0.25531914893617025,3.574468085106383,42.3728813559322,45.10309278350515,0.30508474576271183,1.5714285714285716,0.3214285714285714,0.08928571428571429,True
罗伯特·威廉姆斯三世,中锋,55,16.9,6.7,3.0,4.2,71.6,0.1,0.4,33.3,0.5,0.9,61.7,6.9,1.0,0.6,1.5,0.8,4,0,中锋,中锋,14.272189349112429,14.698224852071007,2.1301775147928996,1.2781065088757397,3.1952662721893494,1.7041420118343198,72.61904761904762,72.88946910356832,0.09523809523809523,1.25,0.04477611940298508,0.07462686567164178,True
罗纳德·霍兰二世,前锋,74,19.8,8.1,3.0,6.9,43.1,0.6,2.5,23.1,1.6,2.0,80.1,4.1,1.2,1.2,0.3,1.2,2,0,前锋,前锋,14.727272727272725,7.454545454545454,2.1818181818181817,2.1818181818181817,0.5454545454545454,2.1818181818181817,47.826086956521735,52.056555269922875,0.36231884057971014,1.0,0.2222222222222222,0.19753086419753088,True
罗伊斯·奥尼尔,前锋,75,28.7,9.8,3.4,8.1,41.9,2.7,6.7,40.8,0.3,0.5,72.2,4.8,2.7,1.1,0.4,1.4,2,0,前锋,前锋,12.292682926829269,6.020905923344947,3.3867595818815333,1.3797909407665505,0.5017421602787456,1.7560975609756098,58.64197530864198,58.894230769230774,0.8271604938271605,1.9285714285714288,0.8265306122448981,0.03061224489795918,True
鲁迪·戈贝尔,中锋,75,31.3,11.0,4.4,6.5,68.5,0.0,0.1,0.0,2.1,4.0,52.5,11.5,1.7,0.8,1.6,1.4,33,0,中锋,中锋,12.651757188498403,13.226837060702875,1.9552715654952075,0.9201277955271565,1.840255591054313,1.6102236421725238,67.6923076923077,66.5859564164649,0.015384615384615385,1.2142857142857144,0.0,0.19090909090909092,True
八村塁,前锋,63,28.1,11.1,4.3,8.6,50.6,1.7,3.9,43.0,0.7,1.0,73.3,3.2,0.8,0.5,0.3,0.6,0,0,前锋,前锋,14.220640569395016,4.099644128113879,1.0249110320284698,0.6405693950177935,0.3843416370106761,0.7686832740213522,59.883720930232556,61.39380530973452,0.4534883720930233,1.3333333333333335,0.45945945945945943,0.06306306306306306,True
拉塞尔·威斯布鲁克,后卫,64,29.0,15.2,5.6,13.1,42.7,2.0,5.9,33.8,2.0,2.9,69.4,5.4,6.7,1.3,0.2,3.3,16,6,后卫,后卫,18.868965517241378,6.703448275862069,8.317241379310346,1.613793103448276,0.2482758620689655,4.096551724137931,50.38167938931297,52.86588759042849,0.450381679389313,2.0303030303030303,0.39473684210526316,0.13157894736842105,True
瑞安·邓恩,前锋,66,19.3,5.8,2.4,5.2,45.2,0.8,2.4,33.5,0.3,0.6,47.6,4.2,1.4,0.9,0.4,0.8,1,0,前锋,前锋,10.818652849740932,7.83419689119171,2.61139896373057,1.6787564766839378,0.7461139896373057,1.4922279792746114,53.84615384615385,53.07467057101024,0.4615384615384615,1.7499999999999998,0.4137931034482759,0.05172413793103448,True
瑞安·卡尔克布伦纳,中锋,66,21.5,7.6,3.2,4.3,74.6,0.0,0.1,0.0,1.2,1.7,70.8,5.5,0.8,0.5,1.5,0.9,3,0,中锋,中锋,12.725581395348836,9.209302325581396,1.3395348837209302,0.8372093023255814,2.511627906976744,1.5069767441860464,74.4186046511628,75.27733755942947,0.023255813953488375,0.888888888888889,0.0,0.15789473684210525,True
瑞安·内姆哈德,后卫,56,18.7,6.2,2.5,6.2,40.9,0.8,2.3,36.5,0.4,0.5,76.9,2.0,4.9,0.4,0.0,1.4,3,0,后卫,后卫,11.93582887700535,3.8502673796791447,9.433155080213904,0.770053475935829,0.0,2.695187165775401,46.774193548387096,48.28660436137071,0.3709677419354838,3.5000000000000004,0.38709677419354843,0.06451612903225806,True
瑞安·罗林斯,后卫,73,32.1,17.2,6.5,13.8,47.3,2.5,6.1,40.9,1.6,2.1,78.8,4.6,5.6,1.5,0.4,2.7,6,0,后卫,后卫,19.28971962616822,5.158878504672897,6.280373831775701,1.6822429906542056,0.4485981308411215,3.02803738317757,56.15942028985506,58.408041293126864,0.44202898550724634,2.074074074074074,0.436046511627907,0.0930232558139535,True
萨迪克·贝,后卫,72,31.2,17.7,6.1,13.4,45.1,2.1,5.7,36.7,3.4,4.1,84.1,5.6,2.5,0.9,0.1,0.9,7,0,后卫,后卫,20.42307692307692,6.461538461538462,2.8846153846153846,1.0384615384615385,0.11538461538461539,1.0384615384615385,53.35820895522387,58.20836621941594,0.4253731343283582,2.7777777777777777,0.35593220338983056,0.192090395480226,True
萨姆·豪瑟,前锋,75,24.8,9.1,3.2,7.7,41.8,2.5,6.4,38.9,0.2,0.3,85.0,3.8,1.4,0.5,0.3,0.5,0,0,前锋,前锋,13.209677419354836,5.516129032258064,2.032258064516129,0.7258064516129032,0.4354838709677419,0.7258064516129032,57.7922077922078,58.0949948927477,0.8311688311688312,2.8,0.8241758241758242,0.02197802197802198,True
萨姆·梅里尔,后卫,50,26.4,12.7,4.3,9.3,46.0,3.0,7.2,42.1,1.1,1.3,86.2,2.6,2.4,0.6,0.1,0.8,1,0,后卫,后卫,17.31818181818182,3.545454545454546,3.2727272727272725,0.8181818181818181,0.13636363636363638,1.090909090909091,62.36559139784945,64.32333873581847,0.7741935483870968,2.9999999999999996,0.7086614173228347,0.08661417322834647,True
桑德罗·马穆凯拉什维利,前锋,76,21.9,11.2,4.1,7.9,52.3,1.4,3.7,38.6,1.5,2.0,75.3,4.9,1.9,0.8,0.5,0.8,3,0,前锋,前锋,18.410958904109588,8.054794520547945,3.1232876712328763,1.315068493150685,0.8219178082191781,1.315068493150685,60.759493670886066,63.78132118451024,0.46835443037974683,2.3749999999999996,0.37499999999999994,0.13392857142857142,True
斯科蒂·巴恩斯,前锋,76,33.7,18.1,7.1,14.2,50.2,0.8,2.9,29.2,3.0,3.7,81.3,7.5,5.9,1.5,1.5,2.7,29,2,前锋,前锋,19.335311572700295,8.01186943620178,6.3026706231454,1.602373887240356,1.602373887240356,2.8842729970326406,52.81690140845071,57.17715440990651,0.20422535211267606,2.185185185185185,0.13259668508287295,0.16574585635359115,True
谢登·夏普,后卫,48,30.0,21.4,8.0,17.6,45.6,2.1,6.2,34.0,3.2,4.0,78.4,4.4,2.6,1.4,0.1,3.0,0,0,后卫,后卫,25.68,5.28,3.12,1.68,0.12000000000000001,3.6,51.42045454545454,55.2685950413223,0.35227272727272724,0.8666666666666667,0.294392523364486,0.14953271028037385,True
谢伊·吉尔杰斯-亚历山大,后卫,66,33.3,31.4,10.8,19.5,55.2,1.7,4.4,38.3,8.1,9.2,88.0,4.4,6.5,1.4,0.8,2.2,7,0,后卫,后卫,33.945945945945944,4.756756756756757,7.027027027027027,1.5135135135135136,0.8648648648648649,2.3783783783783785,59.743589743589745,66.67232886020044,0.22564102564102567,2.954545454545454,0.1624203821656051,0.25796178343949044,True
西迪·西索科,后卫,71,19.9,5.3,1.9,4.7,39.9,0.8,2.8,30.1,0.8,1.2,65.1,2.3,1.5,0.7,0.4,1.0,0,0,后卫,后卫,9.587939698492463,4.160804020100502,2.71356783919598,1.2663316582914574,0.7236180904522613,1.8090452261306533,48.93617021276595,50.68859984697781,0.5957446808510638,1.5,0.45283018867924535,0.15094339622641512,True
西蒙尼·丰泰基奥,前锋,69,16.6,8.3,2.7,6.7,40.3,1.7,4.6,36.6,1.2,1.4,84.0,3.0,1.4,0.5,0.1,0.7,0,0,前锋,前锋,18.0,6.506024096385541,3.0361445783132526,1.0843373493975903,0.21686746987951805,1.5180722891566263,52.98507462686567,56.724986331328594,0.6865671641791045,2.0,0.6144578313253011,0.14457831325301204,True
赛昂·詹姆斯,后卫,79,22.6,5.4,1.7,4.5,37.7,1.0,2.8,36.2,1.0,1.2,84.5,3.5,2.0,0.6,0.3,0.8,0,0,后卫,后卫,8.601769911504425,5.575221238938052,3.1858407079646014,0.9557522123893804,0.4778761061946902,1.2743362831858407,48.88888888888889,53.69928400954653,0.6222222222222222,2.5,0.5555555555555555,0.18518518518518517,True
斯潘塞·琼斯,前锋,64,22.1,5.5,2.1,4.1,50.4,0.9,2.3,39.6,0.5,0.8,60.8,3.3,0.8,0.8,0.5,0.5,1,0,前锋,前锋,8.959276018099548,5.375565610859728,1.3031674208144797,1.3031674208144797,0.8144796380090498,0.8144796380090498,62.19512195121952,61.76999101527404,0.5609756097560976,1.6,0.49090909090909096,0.09090909090909091,True
斯蒂芬·卡斯尔,后卫,66,30.0,16.7,5.7,12.0,47.4,1.2,3.6,32.6,4.2,5.7,73.3,5.2,7.3,1.1,0.3,3.2,16,4,后卫,后卫,20.04,6.24,8.76,1.32,0.36,3.8400000000000003,52.5,57.55445271574304,0.3,2.28125,0.21556886227544908,0.251497005988024,True
斯维·米哈伊柳克,后卫,50,23.1,9.4,3.5,7.2,47.8,2.0,4.8,40.8,0.5,0.6,89.3,2.5,1.9,0.5,0.1,0.8,0,0,后卫,后卫,14.64935064935065,3.896103896103896,2.9610389610389607,0.7792207792207791,0.15584415584415584,1.2467532467532467,62.5,62.968917470525184,0.6666666666666666,2.3749999999999996,0.6382978723404255,0.05319148936170213,True
提杰·麦康奈尔,后卫,56,17.2,9.4,4.3,8.0,53.8,0.3,0.9,32.0,0.4,0.5,86.2,2.2,5.1,1.0,0.2,1.1,1,0,后卫,后卫,19.674418604651166,4.604651162790698,10.674418604651162,2.0930232558139537,0.4186046511627907,2.302325581395349,55.625,57.17761557177615,0.1125,4.636363636363636,0.09574468085106382,0.0425531914893617,True
塔里·伊森,前锋,56,25.8,10.4,4.0,9.7,41.1,1.6,4.4,36.3,0.8,1.1,75.0,6.3,1.5,1.2,0.5,1.4,6,0,前锋,前锋,14.511627906976745,8.790697674418604,2.093023255813953,1.6744186046511627,0.6976744186046512,1.9534883720930232,49.48453608247423,51.06048703849175,0.45360824742268047,1.0714285714285714,0.46153846153846156,0.07692307692307693,True
泰勒·亨德里克斯,前锋,58,18.9,7.3,2.7,6.0,45.2,1.1,3.1,33.7,0.8,1.2,67.1,3.7,0.9,0.8,0.5,0.8,2,0,前锋,前锋,13.904761904761907,7.047619047619049,1.7142857142857144,1.523809523809524,0.9523809523809524,1.523809523809524,54.166666666666664,55.912990196078425,0.5166666666666667,1.125,0.452054794520548,0.10958904109589042,True
特伦斯·曼,后卫,63,24.3,7.2,2.7,5.8,45.7,0.9,2.4,36.4,1.0,1.3,78.8,3.2,3.0,0.7,0.2,1.1,0,0,后卫,后卫,10.666666666666666,4.7407407407407405,4.444444444444445,1.037037037037037,0.2962962962962963,1.6296296296296295,54.310344827586206,56.49717514124294,0.41379310344827586,2.727272727272727,0.375,0.1388888888888889,True
托马斯·布莱恩特,中锋,60,12.2,6.2,2.3,4.5,50.6,0.8,2.2,35.9,0.9,1.1,80.3,3.4,0.6,0.3,0.4,0.5,1,0,中锋,中锋,18.295081967213118,10.032786885245901,1.7704918032786885,0.8852459016393442,1.1803278688524592,1.4754098360655739,60.0,62.19903691813804,0.48888888888888893,1.2,0.38709677419354843,0.14516129032258066,True
小蒂姆·哈达威,后卫,77,26.7,13.6,4.4,9.7,45.1,2.8,6.9,41.1,2.0,2.5,81.3,2.6,1.3,0.5,0.1,0.5,0,0,后卫,后卫,18.337078651685392,3.5056179775280905,1.7528089887640452,0.6741573033707865,0.1348314606741573,0.6741573033707865,59.7938144329897,62.96296296296296,0.7113402061855671,2.6,0.6176470588235293,0.14705882352941177,True
托拜厄斯·哈里斯,前锋,60,27.9,13.2,4.9,10.6,46.4,1.3,3.6,34.9,2.2,2.5,87.3,5.1,2.6,0.9,0.4,1.0,3,0,前锋,前锋,17.032258064516128,6.580645161290323,3.35483870967742,1.1612903225806452,0.5161290322580645,1.2903225806451613,52.358490566037744,56.41025641025641,0.339622641509434,2.6,0.29545454545454547,0.16666666666666669,True
图马尼·卡马拉,前锋,78,33.2,13.2,4.7,10.7,43.9,2.6,7.1,36.6,1.2,1.7,70.4,5.2,2.4,1.1,0.4,1.8,3,0,前锋,前锋,14.313253012048191,5.63855421686747,2.6024096385542164,1.1927710843373494,0.4337349397590361,1.9518072289156625,56.07476635514019,57.65199161425577,0.6635514018691588,1.3333333333333333,0.5909090909090909,0.09090909090909091,True
特雷斯·杰克逊-戴维斯,前锋,51,9.6,3.5,1.4,2.4,57.0,0.0,0.0,100.0,0.7,1.5,51.4,2.8,0.8,0.3,0.5,0.5,1,0,前锋,前锋,13.125,10.5,3.0,1.125,1.875,1.875,58.333333333333336,57.18954248366013,0.0,1.6,0.0,0.19999999999999998,False
特雷·约翰逊,后卫,60,24.1,12.2,4.5,10.8,41.9,1.9,5.4,35.8,1.3,1.5,87.4,2.8,2.0,0.6,0.3,1.6,0,0,后卫,后卫,18.224066390041493,4.182572614107883,2.987551867219917,0.8962655601659749,0.44813278008298746,2.3900414937759336,50.46296296296296,53.228621291448505,0.5,1.25,0.4672131147540983,0.10655737704918034,True
特雷·琼斯,后卫,61,27.0,13.7,5.1,9.3,55.4,0.6,2.0,31.9,2.8,3.4,82.5,3.1,5.4,1.2,0.2,1.4,5,0,后卫,后卫,18.266666666666666,4.133333333333334,7.2,1.5999999999999999,0.26666666666666666,1.8666666666666667,58.06451612903225,63.449425713227114,0.2150537634408602,3.8571428571428577,0.13138686131386862,0.20437956204379562,True
特雷·曼,后卫,51,13.0,5.7,2.1,5.8,36.2,1.0,3.0,32.7,0.5,0.5,85.2,1.8,1.7,0.5,0.1,1.0,0,0,后卫,后卫,15.784615384615385,4.984615384615385,4.707692307692307,1.3846153846153846,0.27692307692307694,2.769230769230769,44.827586206896555,47.34219269102991,0.5172413793103449,1.7,0.5263157894736842,0.08771929824561403,True
特伦登·沃特福德,前锋,52,16.5,6.6,2.6,5.1,51.3,0.2,1.0,20.0,1.2,1.5,77.9,3.3,2.5,0.3,0.4,1.2,1,1,前锋,前锋,14.4,7.2,5.454545454545454,0.6545454545454544,0.8727272727272728,2.6181818181818177,52.941176470588246,57.291666666666664,0.19607843137254904,2.0833333333333335,0.09090909090909093,0.18181818181818182,True
特雷·墨菲三世,前锋,66,35.5,21.5,7.5,15.9,47.0,3.2,8.6,37.9,3.3,3.7,88.6,5.7,3.8,1.5,0.4,1.8,4,0,前锋,前锋,21.802816901408452,5.780281690140845,3.8535211267605627,1.5211267605633803,0.4056338028169014,1.8253521126760563,57.23270440251572,61.33044272021908,0.5408805031446541,2.111111111111111,0.4465116279069768,0.15348837209302324,True
特里斯坦·达席尔瓦,前锋,73,24.7,10.0,3.6,8.1,44.8,1.6,4.2,38.1,1.1,1.2,89.0,3.7,1.5,0.9,0.3,0.9,0,0,前锋,前锋,14.574898785425102,5.392712550607288,2.1862348178137654,1.311740890688259,0.437246963562753,1.311740890688259,54.320987654320994,57.95085767269356,0.5185185185185186,1.6666666666666665,0.4800000000000001,0.11000000000000001,True
特里斯坦·武克切维奇,前锋,49,13.7,9.0,3.1,6.5,48.0,1.0,2.9,34.7,1.8,2.3,78.4,3.0,1.1,0.5,0.7,1.3,1,0,前锋,前锋,23.649635036496353,7.883211678832117,2.89051094890511,1.3138686131386863,1.8394160583941606,3.416058394160584,55.38461538461539,59.904153354632584,0.4461538461538461,0.8461538461538461,0.3333333333333333,0.2,True
泰勒·科莱克,后卫,62,11.7,4.4,1.7,4.0,43.5,0.7,1.8,38.6,0.2,0.3,70.0,1.6,2.7,0.4,0.1,0.9,2,0,后卫,后卫,13.53846153846154,4.923076923076923,8.307692307692308,1.2307692307692308,0.3076923076923077,2.769230769230769,51.24999999999999,53.24298160697,0.45,3.0,0.4772727272727271,0.045454545454545456,True
泰瑞斯·马克西,后卫,66,38.2,28.6,10.0,21.6,46.3,3.2,8.6,37.0,5.4,6.1,89.0,4.2,6.7,1.9,0.8,2.4,7,0,后卫,后卫,26.952879581151834,3.9581151832460733,6.31413612565445,1.790575916230366,0.7539267015706805,2.2617801047120416,53.703703703703695,58.886509635974306,0.3981481481481481,2.791666666666667,0.3356643356643357,0.1888111888111888,True
泰瑞斯·普罗克特,后卫,47,10.1,4.8,1.6,4.1,39.9,0.8,2.4,33.9,0.7,0.8,88.9,1.1,1.3,0.4,0.0,0.6,0,0,后卫,后卫,17.108910891089106,3.920792079207921,4.633663366336634,1.425742574257426,0.0,2.1386138613861383,48.78048780487806,53.908355795148246,0.5853658536585367,2.166666666666667,0.5000000000000001,0.14583333333333334,True
泰厄斯·琼斯,后卫,65,14.4,2.8,1.1,3.2,34.6,0.6,2.0,27.7,0.1,0.1,77.8,1.0,2.3,0.6,0.0,0.3,0,0,后卫,后卫,7.0,2.5,5.75,1.4999999999999998,0.0,0.7499999999999999,43.75,43.15659679408137,0.625,7.666666666666666,0.6428571428571428,0.03571428571428572,True
维克托·文班亚马,前锋,62,29.4,24.9,8.6,16.9,50.9,1.9,5.5,35.0,5.8,7.0,82.8,11.6,3.1,1.0,3.1,2.4,41,1,前锋,前锋,30.48979591836735,14.204081632653061,3.7959183673469394,1.2244897959183674,3.7959183673469394,2.9387755102040813,56.50887573964497,62.31231231231232,0.3254437869822486,1.2916666666666667,0.2289156626506024,0.23293172690763053,True
维特·克雷伊奇,后卫,64,21.7,8.6,3.0,6.7,44.8,2.0,5.1,39.1,0.6,0.8,74.5,2.3,1.6,0.7,0.3,0.6,0,0,后卫,后卫,14.267281105990783,3.815668202764977,2.654377880184332,1.1612903225806452,0.49769585253456217,0.9953917050691243,59.70149253731343,60.97560975609756,0.7611940298507462,2.666666666666667,0.6976744186046512,0.06976744186046512,True
维杰·埃奇库姆,后卫,71,34.8,16.1,6.0,13.7,43.9,2.0,5.6,35.8,2.0,2.4,82.7,5.5,4.1,1.4,0.5,1.8,7,0,后卫,后卫,16.655172413793107,5.689655172413794,4.241379310344827,1.4482758620689655,0.5172413793103449,1.8620689655172415,51.09489051094891,54.55407969639469,0.40875912408759124,2.2777777777777777,0.37267080745341613,0.12422360248447203,True
小沃尔特·克莱顿,后卫,67,20.4,7.7,2.5,6.6,38.1,1.1,3.5,30.3,1.6,1.8,89.8,2.0,4.0,0.7,0.3,1.7,0,0,后卫,后卫,13.588235294117647,3.5294117647058827,7.058823529411765,1.2352941176470589,0.5294117647058824,3.0,46.21212121212121,52.083333333333336,0.5303030303030303,2.3529411764705883,0.4285714285714286,0.2077922077922078,True
小温德尔·卡特,中锋,74,29.6,12.1,4.3,8.3,51.6,1.0,3.0,32.3,2.5,3.1,79.7,7.5,2.0,0.8,0.6,1.3,12,0,中锋,中锋,14.716216216216214,9.121621621621621,2.4324324324324325,0.9729729729729729,0.7297297297297296,1.5810810810810811,57.831325301204814,62.60347682119204,0.36144578313253006,1.5384615384615383,0.24793388429752067,0.2066115702479339,True
威尔·理查德,后卫,67,20.2,6.6,2.4,5.1,47.4,1.1,3.1,34.1,0.7,0.8,85.2,2.5,1.4,1.2,0.1,0.8,0,0,后卫,后卫,11.762376237623762,4.455445544554456,2.495049504950495,2.1386138613861383,0.17821782178217824,1.425742574257426,57.84313725490197,60.52824651504035,0.607843137254902,1.7499999999999998,0.5000000000000001,0.10606060606060606,True
威尔·赖利,后卫,70,21.4,10.2,3.6,7.9,45.6,1.1,3.2,33.8,1.9,2.4,79.5,2.7,1.9,0.7,0.1,1.2,2,0,后卫,后卫,17.1588785046729,4.542056074766355,3.1962616822429903,1.177570093457944,0.16822429906542058,2.0186915887850465,52.53164556962025,56.94506476105404,0.4050632911392405,1.5833333333333333,0.32352941176470595,0.18627450980392157,True
伊夫·米西,中锋,66,19.7,5.7,2.4,4.5,54.4,0.0,0.0,0.0,0.9,1.5,55.9,5.8,1.3,0.3,1.5,0.8,5,0,中锋,中锋,10.416243654822336,10.598984771573603,2.375634517766498,0.5482233502538071,2.7411167512690358,1.4619289340101524,53.333333333333336,55.23255813953488,0.0,1.625,0.0,0.15789473684210525,True
扎卡里·里萨谢,前锋,64,22.7,9.7,3.7,8.1,45.8,1.5,3.9,37.6,0.9,1.3,64.0,3.8,1.1,0.9,0.5,0.9,0,0,前锋,前锋,15.383259911894273,6.026431718061674,1.7444933920704846,1.4273127753303965,0.7929515418502203,1.4273127753303965,54.93827160493827,55.9271217712177,0.4814814814814815,1.2222222222222223,0.4639175257731959,0.09278350515463918,True
泽克·纳吉,前锋,49,11.9,3.7,1.3,2.9,47.1,0.3,1.0,26.5,0.7,0.9,77.3,2.6,0.5,0.3,0.4,0.5,2,0,前锋,前锋,11.19327731092437,7.865546218487395,1.5126050420168067,0.9075630252100839,1.2100840336134453,1.5126050420168067,50.0,56.12864077669904,0.3448275862068966,1.0,0.2432432432432432,0.18918918918918917,True
齐艾尔·威廉姆斯,前锋,56,22.9,10.2,3.3,7.7,42.5,1.5,4.5,34.3,2.1,2.5,85.0,2.4,1.1,1.4,0.4,1.1,0,0,前锋,前锋,16.034934497816593,3.7729257641921397,1.7292576419213976,2.200873362445415,0.62882096069869,1.7292576419213976,52.5974025974026,57.954545454545446,0.5844155844155844,1.0,0.44117647058823534,0.2058823529411765,True
锡安·威廉森,前锋,62,29.7,21.0,7.8,13.0,60.0,0.0,0.1,25.0,5.4,7.5,71.6,5.7,3.2,1.0,0.5,2.0,6,0,前锋,前锋,25.454545454545457,6.90909090909091,3.878787878787879,1.2121212121212122,0.6060606060606061,2.4242424242424243,60.0,64.41717791411043,0.007692307692307693,1.6,0.0,0.2571428571428572,True
