球队,比赛场次,场均得分,场均投篮命中数,场均投篮出手数,投篮命中率(%),场均三分命中数,场均三分出手数,三分命中率(%),场均罚球命中数,场均罚球出手数,罚球命中率(%),场均前场篮板,场均后场篮板,场均篮板,场均助攻,场均抢断,场均盖帽,场均失误,场均犯规,三分出手占比,助攻失误比,前场篮板占比,罚球出手率
亚特兰大老鹰,78,118.6,43.6,91.8,47.5,14.6,39.4,37.1,16.8,21.6,77.7,10.8,32.6,43.4,30.3,9.5,4.7,13.4,19.7,0.42919389978213507,2.2611940298507465,0.24884792626728114,0.23529411764705885
波士顿凯尔特人,78,114.6,42.1,90.3,46.7,15.2,41.8,36.4,15.1,18.8,80.4,12.6,33.9,46.5,24.6,7.1,5.1,11.4,19.0,0.4629014396456257,2.1578947368421053,0.27096774193548384,0.2081949058693245
布鲁克林篮网,78,106.2,37.5,84.5,44.4,13.2,38.6,34.2,18.0,23.1,78.0,10.4,29.0,39.4,25.2,8.0,4.3,15.2,21.2,0.45680473372781066,1.6578947368421053,0.2639593908629442,0.2733727810650888
夏洛特黄蜂,79,116.5,41.1,89.0,46.2,16.4,43.1,38.1,17.9,21.9,81.9,12.8,33.5,46.2,26.5,7.0,4.5,14.4,19.2,0.4842696629213483,1.8402777777777777,0.27705627705627706,0.24606741573033705
芝加哥公牛,78,116.1,42.3,90.2,46.9,14.4,40.2,35.9,17.2,22.1,77.5,10.3,34.7,45.0,28.4,7.4,5.0,14.6,18.9,0.44567627494456763,1.9452054794520548,0.2288888888888889,0.24501108647450112
克利夫兰骑士,78,119.3,43.3,90.1,48.0,14.4,40.1,36.0,18.4,23.7,77.5,11.7,32.6,44.3,28.3,8.5,5.0,13.2,19.8,0.44506104328523866,2.143939393939394,0.26410835214446954,0.2630410654827969
达拉斯独行侠,77,113.6,41.8,89.5,46.7,10.8,31.5,34.2,19.2,25.7,74.8,10.4,34.3,44.7,25.2,7.5,5.1,14.4,18.3,0.35195530726256985,1.75,0.232662192393736,0.2871508379888268
丹佛掘金,78,121.6,43.2,87.3,49.4,14.1,35.7,39.6,21.1,26.1,80.7,9.6,34.1,43.6,28.8,6.8,3.9,12.2,19.2,0.4089347079037801,2.3606557377049184,0.2201834862385321,0.2989690721649485
底特律活塞,78,117.5,43.3,89.7,48.3,10.9,30.9,35.4,20.0,26.2,76.1,13.1,32.5,45.6,27.5,10.4,6.3,14.1,22.1,0.34448160535117056,1.950354609929078,0.28728070175438597,0.29208472686733555
金州勇士,78,114.8,41.1,89.1,46.1,15.8,44.5,35.6,16.8,21.0,80.3,11.3,31.2,42.5,29.0,9.8,4.3,15.0,19.8,0.49943883277216616,1.9333333333333333,0.2658823529411765,0.2356902356902357
休斯顿火箭,78,114.8,42.8,89.4,47.8,11.5,31.3,36.7,17.8,23.3,76.3,14.9,33.0,47.9,25.4,8.6,5.8,14.4,18.3,0.35011185682326623,1.7638888888888888,0.31106471816283926,0.2606263982102908
印第安纳步行者,78,112.5,40.8,89.2,45.8,13.4,37.5,35.7,17.5,22.5,77.5,9.9,31.9,41.7,27.5,7.3,4.5,13.7,21.1,0.4204035874439462,2.007299270072993,0.23741007194244604,0.2522421524663677
洛杉矶快船,78,114.0,40.6,83.4,48.6,12.4,33.6,36.7,20.5,24.9,82.4,9.5,31.0,40.5,23.8,9.2,4.9,13.6,18.7,0.4028776978417266,1.75,0.2345679012345679,0.29856115107913667
洛杉矶湖人,77,116.5,42.0,83.9,50.1,11.9,33.3,35.6,20.7,26.9,76.7,9.5,31.5,41.0,25.4,8.4,4.4,13.9,18.6,0.3969010727056018,1.8273381294964026,0.23170731707317074,0.3206197854588796
孟菲斯灰熊,78,114.8,41.3,90.3,45.8,13.7,38.9,35.3,18.4,23.3,79.3,11.3,31.0,42.3,27.9,8.9,4.9,14.7,20.4,0.4307862679955703,1.8979591836734693,0.2671394799054374,0.25802879291251385
迈阿密热火,78,120.8,43.5,93.5,46.6,13.6,37.9,36.0,20.1,25.3,79.2,11.9,34.6,46.6,28.7,8.8,4.3,13.1,18.9,0.4053475935828877,2.1908396946564888,0.2553648068669528,0.27058823529411763
密尔沃基雄鹿,78,110.8,40.9,85.6,47.8,15.0,38.7,38.8,14.0,19.1,73.1,8.8,31.9,40.7,25.7,7.5,3.9,14.4,19.8,0.4521028037383178,1.784722222222222,0.21621621621621623,0.22313084112149537
明尼苏达森林狼,78,117.5,42.4,88.5,47.9,13.7,37.1,36.9,19.0,25.3,75.0,11.1,33.4,44.5,26.0,8.7,5.7,14.2,21.1,0.41920903954802263,1.8309859154929577,0.24943820224719102,0.2858757062146893
新奥尔良鹈鹕,79,114.8,41.8,90.0,46.5,11.2,32.3,34.8,20.0,25.5,78.3,12.1,31.6,43.7,25.1,8.8,5.2,13.5,19.9,0.35888888888888887,1.8592592592592594,0.2768878718535469,0.2833333333333333
纽约尼克斯,78,116.9,42.8,89.7,47.7,14.4,38.4,37.4,17.1,21.5,79.4,12.9,33.1,46.0,27.5,8.1,4.0,13.0,20.1,0.4280936454849498,2.1153846153846154,0.28043478260869564,0.23968784838350055
俄克拉荷马城雷霆,78,119.2,43.1,89.0,48.4,13.7,37.8,36.3,19.4,23.7,82.0,9.5,34.6,44.2,25.6,9.6,5.5,12.0,19.1,0.42471910112359545,2.1333333333333333,0.21493212669683256,0.2662921348314607
奥兰多魔术,78,115.4,40.8,88.2,46.3,11.7,34.2,34.3,22.0,27.4,80.4,10.9,32.4,43.3,26.4,8.4,4.6,13.6,21.0,0.38775510204081637,1.9411764705882353,0.2517321016166282,0.31065759637188206
费城76人,78,116.2,41.8,90.2,46.3,12.4,35.4,35.1,20.2,24.9,81.1,11.7,31.6,43.3,24.8,9.1,5.8,13.0,20.4,0.3924611973392461,1.9076923076923078,0.2702078521939954,0.2760532150776053
菲尼克斯太阳,78,112.9,41.1,90.3,45.5,14.9,41.0,36.3,15.8,20.3,78.0,13.0,30.0,43.0,24.9,9.7,4.1,13.4,20.9,0.4540420819490587,1.8582089552238805,0.3023255813953488,0.2248062015503876
波特兰开拓者,78,115.4,40.8,90.0,45.3,14.4,42.2,34.1,19.4,25.4,76.4,14.1,32.0,46.1,25.1,8.2,5.5,16.6,20.0,0.4688888888888889,1.5120481927710843,0.30585683297180044,0.2822222222222222
萨克拉门托国王,79,110.9,41.6,89.1,46.7,10.2,30.1,34.0,17.5,22.6,77.3,11.4,30.8,42.1,25.6,8.0,4.5,13.7,19.7,0.3378226711560045,1.8686131386861315,0.27078384798099764,0.2536475869809203
圣安东尼奥马刺,78,119.8,43.3,89.8,48.3,13.7,38.1,35.9,19.4,24.7,78.5,11.4,35.7,47.1,28.0,7.5,5.4,12.7,18.9,0.4242761692650334,2.204724409448819,0.24203821656050956,0.2750556792873051
多伦多猛龙,78,114.4,42.5,88.6,48.0,11.3,32.3,35.1,18.0,23.4,77.1,11.0,31.0,42.1,29.5,8.8,4.9,13.0,20.9,0.36455981941309257,2.269230769230769,0.26128266033254155,0.26410835214446954
犹他爵士,79,117.1,42.2,90.6,46.5,12.7,36.8,34.6,20.0,25.4,78.9,12.0,31.7,43.6,29.4,8.7,3.8,15.0,21.4,0.40618101545253865,1.96,0.27522935779816515,0.2803532008830022
华盛顿奇才,78,113.1,41.9,90.3,46.3,13.0,36.3,35.9,16.3,21.2,76.7,11.0,31.1,42.1,25.0,7.9,5.6,15.1,21.5,0.40199335548172754,1.6556291390728477,0.26128266033254155,0.23477297895902546
