联盟排名,分区,分区排名,球队,胜场,负场,胜率,胜场差,主场战绩,客场战绩,赛区内战绩,分区内战绩,排名表场均得分,对手场均得分,场均净胜分,连胜/连败,最近10场,主场胜场,主场负场,主场胜率,客场胜场,客场负场,客场胜率,赛区内胜场,赛区内负场,赛区内胜率,分区内胜场,分区内负场,分区内胜率,最近10场胜场,最近10场负场,最近10场胜率,连胜连败数值,主客场胜率差,竞争层级,比赛场次,场均得分,场均投篮命中数,场均投篮出手数,投篮命中率(%),场均三分命中数,场均三分出手数,三分命中率(%),场均罚球命中数,场均罚球出手数,罚球命中率(%),场均前场篮板,场均后场篮板,场均篮板,场均助攻,场均抢断,场均盖帽,场均失误,场均犯规,三分出手占比,助攻失误比,前场篮板占比,罚球出手率,两表场均得分差
1,东部,1,底特律活塞,57,21,0.731,-,30-9,26-12,10-4,36-12,117.5,109.4,8.1,3连胜,8-2,30,9,0.7692307692307693,26,12,0.6842105263157895,10,4,0.7142857142857143,36,12,0.75,8,2,0.8,3.0,0.08502024291497978,Top 10,78,117.5,43.3,89.7,48.3,10.9,30.9,35.4,20.0,26.2,76.1,13.1,32.5,45.6,27.5,10.4,6.3,14.1,22.1,0.34448160535117056,1.950354609929078,0.28728070175438597,0.29208472686733555,0.0
2,东部,2,波士顿凯尔特人,53,25,0.679,4,27-11,26-14,10-5,34-15,114.6,107.0,7.6,3连胜,8-2,27,11,0.7105263157894737,26,14,0.65,10,5,0.6666666666666666,34,15,0.6938775510204082,8,2,0.8,3.0,0.06052631578947365,Top 10,78,114.6,42.1,90.3,46.7,15.2,41.8,36.4,15.1,18.8,80.4,12.6,33.9,46.5,24.6,7.1,5.1,11.4,19.0,0.4629014396456257,2.1578947368421053,0.27096774193548384,0.2081949058693245,0.0
3,东部,3,纽约尼克斯,50,28,0.641,7,28-9,21-19,12-3,32-16,116.9,110.4,6.5,2连胜,7-3,28,9,0.7567567567567568,21,19,0.525,12,3,0.8,32,16,0.6666666666666666,7,3,0.7,2.0,0.23175675675675678,Top 10,78,116.9,42.8,89.7,47.7,14.4,38.4,37.4,17.1,21.5,79.4,12.9,33.1,46.0,27.5,8.1,4.0,13.0,20.1,0.4280936454849498,2.1153846153846154,0.28043478260869564,0.23968784838350055,0.0
4,东部,4,克利夫兰骑士,49,29,0.628,8,25-14,24-15,11-5,31-18,119.3,115.1,4.2,2连胜,8-2,25,14,0.6410256410256411,24,15,0.6153846153846154,11,5,0.6875,31,18,0.6326530612244898,8,2,0.8,2.0,0.02564102564102566,Top 10,78,119.3,43.3,90.1,48.0,14.4,40.1,36.0,18.4,23.7,77.5,11.7,32.6,44.3,28.3,8.5,5.0,13.2,19.8,0.44506104328523866,2.143939393939394,0.26410835214446954,0.2630410654827969,0.0
5,东部,5,亚特兰大老鹰,45,33,0.577,12,23-16,22-17,9-6,26-22,118.6,115.9,2.7,4连胜,8-2,23,16,0.5897435897435898,22,17,0.5641025641025641,9,6,0.6,26,22,0.5416666666666666,8,2,0.8,4.0,0.02564102564102566,Top 10,78,118.6,43.6,91.8,47.5,14.6,39.4,37.1,16.8,21.6,77.7,10.8,32.6,43.4,30.3,9.5,4.7,13.4,19.7,0.42919389978213507,2.2611940298507465,0.24884792626728114,0.23529411764705885,0.0
6,东部,6,费城76人,43,35,0.551,14,22-18,21-17,9-7,25-25,116.2,116.5,-0.3,1连败,6-4,22,18,0.55,21,17,0.5526315789473685,9,7,0.5625,25,25,0.5,6,4,0.6,-1.0,-0.0026315789473684292,Top 10,78,116.2,41.8,90.2,46.3,12.4,35.4,35.1,20.2,24.9,81.1,11.7,31.6,43.3,24.8,9.1,5.8,13.0,20.4,0.3924611973392461,1.9076923076923078,0.2702078521939954,0.2760532150776053,0.0
7,东部,7,多伦多猛龙,43,35,0.551,14,21-17,22-18,4-11,30-18,114.4,112.1,2.3,1连败,4-6,21,17,0.5526315789473685,22,18,0.55,4,11,0.26666666666666666,30,18,0.625,4,6,0.4,-1.0,0.0026315789473684292,Top 10,78,114.4,42.5,88.6,48.0,11.3,32.3,35.1,18.0,23.4,77.1,11.0,31.0,42.1,29.5,8.8,4.9,13.0,20.9,0.36455981941309257,2.269230769230769,0.26128266033254155,0.26410835214446954,0.0
8,东部,8,夏洛特黄蜂,43,36,0.544,14.5,21-19,22-17,11-5,25-24,116.5,111.3,5.2,4连胜,8-2,21,19,0.525,22,17,0.5641025641025641,11,5,0.6875,25,24,0.5102040816326531,8,2,0.8,4.0,-0.039102564102564075,Top 10,79,116.5,41.1,89.0,46.2,16.4,43.1,38.1,17.9,21.9,81.9,12.8,33.5,46.2,26.5,7.0,4.5,14.4,19.2,0.4842696629213483,1.8402777777777777,0.27705627705627706,0.24606741573033705,0.0
9,东部,9,奥兰多魔术,42,36,0.538,15,23-15,18-19,9-8,24-25,115.4,115.3,0.1,2连胜,4-6,23,15,0.6052631578947368,18,19,0.4864864864864865,9,8,0.5294117647058824,24,25,0.4897959183673469,4,6,0.4,2.0,0.11877667140825032,Top 10,78,115.4,40.8,88.2,46.3,11.7,34.2,34.3,22.0,27.4,80.4,10.9,32.4,43.3,26.4,8.4,4.6,13.6,21.0,0.38775510204081637,1.9411764705882353,0.2517321016166282,0.31065759637188206,0.0
10,东部,10,迈阿密热火,41,37,0.526,16,25-15,16-22,8-7,25-23,120.8,118.4,2.4,1连胜,3-7,25,15,0.625,16,22,0.42105263157894735,8,7,0.5333333333333333,25,23,0.5208333333333334,3,7,0.3,1.0,0.20394736842105265,Top 10,78,120.8,43.5,93.5,46.6,13.6,37.9,36.0,20.1,25.3,79.2,11.9,34.6,46.6,28.7,8.8,4.3,13.1,18.9,0.4053475935828877,2.1908396946564888,0.2553648068669528,0.27058823529411763,0.0
11,东部,11,密尔沃基雄鹿,31,47,0.397,26,18-22,13-25,9-6,20-28,110.8,116.8,-6.0,1连胜,3-7,18,22,0.45,13,25,0.34210526315789475,9,6,0.6,20,28,0.4166666666666667,3,7,0.3,1.0,0.10789473684210527,Middle 10,78,110.8,40.9,85.6,47.8,15.0,38.7,38.8,14.0,19.1,73.1,8.8,31.9,40.7,25.7,7.5,3.9,14.4,19.8,0.4521028037383178,1.784722222222222,0.21621621621621623,0.22313084112149537,0.0
12,东部,12,芝加哥公牛,29,49,0.372,28,18-22,11-27,4-12,17-31,116.1,121.6,-5.5,7连败,1-9,18,22,0.45,11,27,0.2894736842105263,4,12,0.25,17,31,0.3541666666666667,1,9,0.1,-7.0,0.16052631578947368,Middle 10,78,116.1,42.3,90.2,46.9,14.4,40.2,35.9,17.2,22.1,77.5,10.3,34.7,45.0,28.4,7.4,5.0,14.6,18.9,0.44567627494456763,1.9452054794520548,0.2288888888888889,0.24501108647450112,0.0
13,东部,13,布鲁克林篮网,19,59,0.244,38,11-28,8-31,3-12,13-34,106.2,115.8,-9.6,1连胜,2-8,11,28,0.28205128205128205,8,31,0.20512820512820512,3,12,0.2,13,34,0.2765957446808511,2,8,0.2,1.0,0.07692307692307693,Middle 10,78,106.2,37.5,84.5,44.4,13.2,38.6,34.2,18.0,23.1,78.0,10.4,29.0,39.4,25.2,8.0,4.3,15.2,21.2,0.45680473372781066,1.6578947368421053,0.2639593908629442,0.2733727810650888,0.0
14,东部,14,印第安纳步行者,18,60,0.231,39,11-27,7-33,4-11,14-35,112.5,120.7,-8.2,2连败,3-7,11,27,0.2894736842105263,7,33,0.175,4,11,0.26666666666666666,14,35,0.2857142857142857,3,7,0.3,-2.0,0.11447368421052634,Middle 10,78,112.5,40.8,89.2,45.8,13.4,37.5,35.7,17.5,22.5,77.5,9.9,31.9,41.7,27.5,7.3,4.5,13.7,21.1,0.4204035874439462,2.007299270072993,0.23741007194244604,0.2522421524663677,0.0
15,东部,15,华盛顿奇才,17,61,0.218,40,11-27,6-34,2-13,11-37,113.1,124.6,-11.5,6连败,1-9,11,27,0.2894736842105263,6,34,0.15,2,13,0.13333333333333333,11,37,0.22916666666666666,1,9,0.1,-6.0,0.13947368421052633,Middle 10,78,113.1,41.9,90.3,46.3,13.0,36.3,35.9,16.3,21.2,76.7,11.0,31.1,42.1,25.0,7.9,5.6,15.1,21.5,0.40199335548172754,1.6556291390728477,0.26128266033254155,0.23477297895902546,0.0
16,西部,1,俄克拉荷马城雷霆,62,16,0.795,-,34-6,28-9,12-3,39-9,119.2,107.5,11.7,5连胜,9-1,34,6,0.85,28,9,0.7567567567567568,12,3,0.8,39,9,0.8125,9,1,0.9,5.0,0.09324324324324318,Middle 10,78,119.2,43.1,89.0,48.4,13.7,37.8,36.3,19.4,23.7,82.0,9.5,34.6,44.2,25.6,9.6,5.5,12.0,19.1,0.42471910112359545,2.1333333333333333,0.21493212669683256,0.2662921348314607,0.0
17,西部,2,圣安东尼奥马刺,59,19,0.756,3,29-7,29-12,12-3,34-15,119.8,111.5,8.3,1连败,9-1,29,7,0.8055555555555556,29,12,0.7073170731707317,12,3,0.8,34,15,0.6938775510204082,9,1,0.9,-1.0,0.09823848238482391,Middle 10,78,119.8,43.3,89.8,48.3,13.7,38.1,35.9,19.4,24.7,78.5,11.4,35.7,47.1,28.0,7.5,5.4,12.7,18.9,0.4242761692650334,2.204724409448819,0.24203821656050956,0.2750556792873051,0.0
18,西部,3,洛杉矶湖人,50,28,0.641,12,26-12,24-16,8-7,30-18,116.7,115.2,1.5,2连败,7-3,26,12,0.6842105263157895,24,16,0.6,8,7,0.5333333333333333,30,18,0.625,7,3,0.7,-2.0,0.08421052631578951,Middle 10,77,116.5,42.0,83.9,50.1,11.9,33.3,35.6,20.7,26.9,76.7,9.5,31.5,41.0,25.4,8.4,4.4,13.9,18.6,0.3969010727056018,1.8273381294964026,0.23170731707317074,0.3206197854588796,-0.20000000000000284
19,西部,4,丹佛掘金,50,28,0.641,12,25-13,25-15,9-5,32-16,121.6,116.8,4.8,8连胜,9-1,25,13,0.6578947368421053,25,15,0.625,9,5,0.6428571428571429,32,16,0.6666666666666666,9,1,0.9,8.0,0.03289473684210531,Middle 10,78,121.6,43.2,87.3,49.4,14.1,35.7,39.6,21.1,26.1,80.7,9.6,34.1,43.6,28.8,6.8,3.9,12.2,19.2,0.4089347079037801,2.3606557377049184,0.2201834862385321,0.2989690721649485,0.0
20,西部,5,休斯顿火箭,49,29,0.628,13,28-10,21-19,9-6,27-22,114.8,110.0,4.8,6连胜,8-2,28,10,0.7368421052631579,21,19,0.525,9,6,0.6,27,22,0.5510204081632653,8,2,0.8,6.0,0.21184210526315783,Middle 10,78,114.8,42.8,89.4,47.8,11.5,31.3,36.7,17.8,23.3,76.3,14.9,33.0,47.9,25.4,8.6,5.8,14.4,18.3,0.35011185682326623,1.7638888888888888,0.31106471816283926,0.2606263982102908,0.0
21,西部,6,明尼苏达森林狼,46,32,0.59,16,25-15,21-17,9-7,29-21,117.5,114.2,3.3,3连败,5-5,25,15,0.625,21,17,0.5526315789473685,9,7,0.5625,29,21,0.58,5,5,0.5,-3.0,0.07236842105263153,Bottom 10,78,117.5,42.4,88.5,47.9,13.7,37.1,36.9,19.0,25.3,75.0,11.1,33.4,44.5,26.0,8.7,5.7,14.2,21.1,0.41920903954802263,1.8309859154929577,0.24943820224719102,0.2858757062146893,0.0
22,西部,7,菲尼克斯太阳,43,35,0.551,19,24-15,19-20,10-6,27-21,112.9,111.3,1.6,1连胜,4-6,24,15,0.6153846153846154,19,20,0.48717948717948717,10,6,0.625,27,21,0.5625,4,6,0.4,1.0,0.12820512820512825,Bottom 10,78,112.9,41.1,90.3,45.5,14.9,41.0,36.3,15.8,20.3,78.0,13.0,30.0,43.0,24.9,9.7,4.1,13.4,20.9,0.4540420819490587,1.8582089552238805,0.3023255813953488,0.2248062015503876,0.0
23,西部,8,洛杉矶快船,40,38,0.513,22,21-17,19-21,9-6,23-25,114.0,112.6,1.4,1连胜,6-4,21,17,0.5526315789473685,19,21,0.475,9,6,0.6,23,25,0.4791666666666667,6,4,0.6,1.0,0.0776315789473685,Bottom 10,78,114.0,40.6,83.4,48.6,12.4,33.6,36.7,20.5,24.9,82.4,9.5,31.0,40.5,23.8,9.2,4.9,13.6,18.7,0.4028776978417266,1.75,0.2345679012345679,0.29856115107913667,0.0
24,西部,9,波特兰开拓者,40,38,0.513,22,22-17,18-21,7-8,27-21,115.4,115.9,-0.5,3连胜,8-2,22,17,0.5641025641025641,18,21,0.46153846153846156,7,8,0.4666666666666667,27,21,0.5625,8,2,0.8,3.0,0.10256410256410253,Bottom 10,78,115.4,40.8,90.0,45.3,14.4,42.2,34.1,19.4,25.4,76.4,14.1,32.0,46.1,25.1,8.2,5.5,16.6,20.0,0.4688888888888889,1.5120481927710843,0.30585683297180044,0.2822222222222222,0.0
25,西部,10,金州勇士,36,42,0.462,26,21-18,15-24,6-6,23-25,114.8,115.1,-0.3,4连败,3-7,21,18,0.5384615384615384,15,24,0.38461538461538464,6,6,0.5,23,25,0.4791666666666667,3,7,0.3,-4.0,0.1538461538461538,Bottom 10,78,114.8,41.1,89.1,46.1,15.8,44.5,35.6,16.8,21.0,80.3,11.3,31.2,42.5,29.0,9.8,4.3,15.0,19.8,0.49943883277216616,1.9333333333333333,0.2658823529411765,0.2356902356902357,0.0
26,西部,11,孟菲斯灰熊,25,53,0.321,37,13-26,11-26,6-9,19-30,114.8,119.7,-4.9,4连败,1-9,13,26,0.3333333333333333,11,26,0.2972972972972973,6,9,0.4,19,30,0.3877551020408163,1,9,0.1,-4.0,0.036036036036036,Bottom 10,78,114.8,41.3,90.3,45.8,13.7,38.9,35.3,18.4,23.3,79.3,11.3,31.0,42.3,27.9,8.9,4.9,14.7,20.4,0.4307862679955703,1.8979591836734693,0.2671394799054374,0.25802879291251385,0.0
27,西部,12,达拉斯独行侠,25,53,0.321,37,15-25,10-27,4-11,14-34,113.8,119.4,-5.6,1连胜,2-8,15,25,0.375,10,27,0.2702702702702703,4,11,0.26666666666666666,14,34,0.2916666666666667,2,8,0.2,1.0,0.10472972972972971,Bottom 10,77,113.6,41.8,89.5,46.7,10.8,31.5,34.2,19.2,25.7,74.8,10.4,34.3,44.7,25.2,7.5,5.1,14.4,18.3,0.35195530726256985,1.75,0.232662192393736,0.2871508379888268,-0.20000000000000284
28,西部,13,新奥尔良鹈鹕,25,54,0.316,37.5,16-24,9-30,7-9,16-33,114.8,119.4,-4.6,8连败,2-8,16,24,0.4,9,30,0.23076923076923078,7,9,0.4375,16,33,0.32653061224489793,2,8,0.2,-8.0,0.16923076923076924,Bottom 10,79,114.8,41.8,90.0,46.5,11.2,32.3,34.8,20.0,25.5,78.3,12.1,31.6,43.7,25.1,8.8,5.2,13.5,19.9,0.35888888888888887,1.8592592592592594,0.2768878718535469,0.2833333333333333,0.0
29,西部,14,萨克拉门托国王,21,58,0.266,41.5,14-26,7-32,3-11,13-36,110.9,121.2,-10.3,1连败,3-7,14,26,0.35,7,32,0.1794871794871795,3,11,0.21428571428571427,13,36,0.2653061224489796,3,7,0.3,-1.0,0.1705128205128205,Bottom 10,79,110.9,41.6,89.1,46.7,10.2,30.1,34.0,17.5,22.6,77.3,11.4,30.8,42.1,25.6,8.0,4.5,13.7,19.7,0.3378226711560045,1.8686131386861315,0.27078384798099764,0.2536475869809203,0.0
30,西部,15,犹他爵士,21,58,0.266,41.5,13-27,8-31,1-15,11-38,117.1,125.9,-8.8,9连败,1-9,13,27,0.325,8,31,0.20512820512820512,1,15,0.0625,11,38,0.22448979591836735,1,9,0.1,-9.0,0.11987179487179489,Bottom 10,79,117.1,42.2,90.6,46.5,12.7,36.8,34.6,20.0,25.4,78.9,12.0,31.7,43.6,29.4,8.7,3.8,15.0,21.4,0.40618101545253865,1.96,0.27522935779816515,0.2803532008830022,0.0
