指标,巨星组均值,其他球员均值,均值差,Cohen_d,绝对效应量
场均得分,24.581481481481482,11.169958847736627,13.411522633744855,2.9977692968137712,2.9977692968137712
场均失误,2.95925925925926,1.308641975308642,1.6506172839506181,2.767760573514409,2.767760573514409
场均助攻,6.3,2.5069958847736626,3.793004115226337,2.5212002713412507,2.5212002713412507
每36分钟得分,25.85354600352785,16.051381572145235,9.802164431382614,2.4026047564890782,2.4026047564890782
场均时间(分钟),34.27777777777778,24.389711934156377,9.888065843621401,1.9882969261090613,1.9882969261090613
两双次数,18.814814814814813,4.378600823045267,14.436213991769545,1.7420071476577519,1.7420071476577519
三双次数,3.4074074074074074,0.09465020576131687,3.3127572016460904,1.5306505419840575,1.5306505419840575
场均抢断,1.2148148148148148,0.8448559670781893,0.36995884773662546,1.1397925432342229,1.1397925432342229
场均篮板,6.525925925925924,4.325102880658436,2.200823045267488,1.0519575102748782,1.0519575102748782
助攻失误比,1.8178805846404829,1.3487060920780218,0.469174492562461,0.880892706636327,0.880892706636327
场均盖帽,0.6703703703703704,0.4925925925925925,0.17777777777777787,0.4258656906712852,0.4258656906712852
真实命中率TS(%),60.25775248064555,58.23420428128517,2.023548199360377,0.4195268843767759,0.4195268843767759
有效投篮命中率eFG(%),54.74648120853798,55.368137765124686,-0.6216565565867072,-0.11715808325541598,0.11715808325541598
