球员姓名,位置,出场次数,场均时间(分钟),场均得分,场均投篮命中数,场均投篮出手数,投篮命中率(%),场均三分命中数,场均三分出手数,三分命中率(%),场均罚球命中数,场均罚球出手数,罚球命中率(%),场均篮板,场均助攻,场均抢断,场均盖帽,场均失误,两双次数,三双次数,位置大类,每36分钟得分,每36分钟篮板,每36分钟助攻,有效投篮命中率eFG(%),真实命中率TS(%),三分出手占比,助攻失误比,防守活动,巨星指数,巨星指数百分位,同位置表现指数,是否数据型巨星,巨星类型
尼古拉·约基奇,中锋,62,35.0,27.9,10.0,17.4,57.1,1.8,4.6,38.3,6.2,7.5,82.7,12.9,10.9,1.4,0.8,3.8,53,32,中锋,28.697142857142858,13.268571428571429,11.211428571428572,62.64367816091955,67.3913043478261,0.26436781609195403,2.5348837209302326,2.2,2.3223717491290614,100.0,93.15789473684211,巨星组,类型1
卢卡·东契奇,后卫,64,35.8,33.5,10.8,22.8,47.6,4.0,10.8,36.6,7.9,10.1,78.0,7.7,8.3,1.6,0.5,4.0,34,8,后卫,33.68715083798883,7.743016759776537,8.3463687150838,56.14035087719298,61.48142710321539,0.4736842105263158,1.8444444444444446,2.1,1.9492588736490584,99.62962962962963,94.57720588235296,巨星组,类型1
谢伊·吉尔杰斯-亚历山大,后卫,66,33.3,31.4,10.8,19.5,55.2,1.7,4.4,38.3,8.1,9.2,88.0,4.4,6.5,1.4,0.8,2.2,7,0,后卫,33.945945945945944,4.756756756756757,7.027027027027027,59.743589743589745,66.67232886020044,0.22564102564102567,2.4074074074074074,2.2,1.8003333652471571,99.25925925925925,93.125,巨星组,类型1
泰瑞斯·马克西,后卫,66,38.2,28.6,10.0,21.6,46.3,3.2,8.6,37.0,5.4,6.1,89.0,4.2,6.7,1.9,0.8,2.4,7,0,后卫,26.952879581151834,3.9581151832460733,6.31413612565445,53.703703703703695,58.886509635974306,0.3981481481481481,2.310344827586207,2.7,1.7383449142081542,98.88888888888889,89.70588235294119,巨星组,类型1
凯德·坎宁安,后卫,61,34.4,24.5,8.7,18.9,46.1,2.0,5.8,34.6,5.1,6.2,81.4,5.6,9.9,1.5,0.9,3.7,37,3,后卫,25.63953488372093,5.8604651162790695,10.360465116279071,51.32275132275132,56.639541335306085,0.3068783068783069,2.357142857142857,2.4,1.5474025382107164,98.14814814814815,87.05882352941175,巨星组,类型1
贾马尔·默里,后卫,73,35.3,25.5,8.8,18.2,48.3,3.2,7.5,43.4,4.6,5.2,88.5,4.4,7.2,0.9,0.4,2.3,18,0,后卫,26.005665722379604,4.4872521246458925,7.342776203966006,57.14285714285715,62.23155017571261,0.4120879120879121,2.5714285714285716,1.3,1.4033768880617576,97.03703703703704,87.15073529411765,巨星组,类型1
詹姆斯·哈登,后卫,68,35.0,23.7,7.0,16.0,43.7,3.1,8.2,37.5,6.6,7.5,88.1,4.9,8.1,1.1,0.4,3.5,20,2,后卫,24.377142857142854,5.04,8.331428571428571,53.43750000000001,61.398963730569946,0.5125,2.025,1.5,1.3863063139826513,96.66666666666667,88.10661764705884,巨星组,类型1
杰伦·布伦森,后卫,71,35.0,26.0,9.2,19.9,46.5,2.6,7.2,37.0,4.8,5.7,84.3,3.4,6.7,0.7,0.1,2.4,10,0,后卫,26.742857142857144,3.497142857142857,6.891428571428572,52.763819095477395,58.014994644769736,0.36180904522613067,2.310344827586207,0.7999999999999999,1.0813965049260534,92.96296296296296,73.93382352941177,巨星组,类型1
科怀·伦纳德,前锋,62,32.0,28.0,9.8,19.4,50.5,2.6,6.9,38.4,5.8,6.5,90.0,6.3,3.6,1.9,0.4,2.0,5,0,前锋,31.5,7.0874999999999995,4.05,57.216494845360835,62.8930817610063,0.3556701030927836,1.44,2.3,1.4765654984717174,97.77777777777777,88.28125,巨星组,类型2
多诺万·米切尔,后卫,69,33.4,27.8,9.7,20.1,48.1,3.2,8.9,36.4,5.3,6.1,86.3,4.5,5.7,1.5,0.3,2.8,5,0,后卫,29.96407185628743,4.850299401197605,6.1437125748503005,56.218905472636806,61.00772471910112,0.4427860696517413,1.7272727272727275,1.8,1.416090112465264,97.4074074074074,86.61764705882354,巨星组,类型2
安东尼·爱德华兹,后卫,60,35.2,28.9,9.9,20.3,48.9,3.4,8.5,39.8,5.7,7.2,79.6,5.0,3.7,1.4,0.8,2.8,2,0,后卫,29.556818181818176,5.113636363636363,3.784090909090909,57.14285714285714,61.57320606783705,0.4187192118226601,1.1212121212121213,2.2,1.35111717495516,96.29629629629629,84.9264705882353,巨星组,类型2
凯文·杜兰特,前锋,75,36.4,25.9,9.1,17.6,51.9,2.4,5.8,41.0,5.2,6.0,87.7,5.4,4.8,0.8,0.9,3.2,7,0,前锋,25.615384615384617,5.340659340659341,4.747252747252747,58.52272727272726,63.98221343873517,0.32954545454545453,1.2972972972972971,1.7000000000000002,1.2566840778315964,95.55555555555556,86.015625,巨星组,类型2
杰伦·布朗,后卫,69,34.4,28.7,10.4,21.8,47.6,2.0,5.7,34.5,6.0,7.6,79.5,7.0,5.2,1.0,0.4,3.6,14,3,后卫,30.034883720930235,7.325581395348838,5.44186046511628,52.293577981651374,57.071269487750556,0.26146788990825687,1.2682926829268295,1.4,1.252035046408845,95.18518518518519,78.65808823529412,巨星组,类型2
奥斯汀·里夫斯,后卫,51,34.5,23.3,7.3,14.9,49.0,2.3,6.4,36.0,6.3,7.3,87.1,4.7,5.5,1.1,0.4,3.0,6,0,后卫,24.313043478260873,4.904347826086957,5.739130434782608,56.71140939597314,64.32199646643109,0.42953020134228187,1.5714285714285714,1.5,1.1850383649350136,94.81481481481482,85.14705882352939,巨星组,类型2
基扬特·乔治,后卫,54,33.1,23.6,7.4,16.3,45.6,2.5,6.7,37.1,6.2,7.0,89.2,3.7,6.1,1.1,0.3,3.1,4,0,后卫,25.667673716012086,4.024169184290031,6.634441087613292,53.06748466257669,60.8875128998968,0.4110429447852761,1.6944444444444442,1.4000000000000001,1.0688327459504787,92.5925925925926,80.75367647058825,巨星组,类型2
特雷·墨菲三世,前锋,66,35.5,21.5,7.5,15.9,47.0,3.2,8.6,37.9,3.3,3.7,88.6,5.7,3.8,1.5,0.4,1.8,4,0,前锋,21.802816901408452,5.780281690140845,3.8535211267605627,57.23270440251572,61.33044272021908,0.5408805031446541,1.6521739130434783,1.9,1.0486131441443183,91.85185185185185,85.26041666666667,巨星组,类型2
德文·布克,后卫,62,33.4,25.8,8.5,18.6,45.5,1.9,5.8,33.0,6.9,8.0,86.9,3.9,6.0,0.8,0.3,3.1,6,0,后卫,27.808383233532936,4.203592814371258,6.467065868263473,50.80645161290322,58.31826401446655,0.31182795698924726,1.6666666666666665,1.1,1.0142358460776455,91.11111111111111,76.5625,巨星组,类型2
杰伦·约翰逊,前锋,69,35.2,22.8,8.4,17.1,49.3,1.7,4.8,35.1,4.2,5.4,78.4,10.3,8.0,1.3,0.4,3.4,47,13,前锋,23.318181818181817,10.534090909090908,8.181818181818182,54.093567251461984,58.53357979051139,0.2807017543859649,2.0512820512820515,1.7000000000000002,1.556720661136759,98.51851851851852,86.95312500000001,巨星组,类型3
德尼·阿夫迪亚,前锋,62,33.1,23.9,7.3,16.0,45.8,1.9,6.0,31.7,7.4,9.3,79.9,7.0,6.7,0.8,0.6,3.8,18,3,前锋,25.993957703927492,7.613293051359516,7.287009063444109,51.5625,59.476408520804306,0.375,1.558139534883721,1.4,1.17854424563723,94.44444444444444,82.60416666666667,巨星组,类型3
阿尔佩伦·申京,中锋,69,33.4,20.6,8.2,15.7,52.2,0.6,1.9,31.0,3.7,5.4,68.8,8.8,6.2,1.2,1.1,3.1,33,4,中锋,22.20359281437126,9.48502994011976,6.682634730538923,54.14012738853503,56.98163310466917,0.12101910828025478,1.7222222222222223,2.3,1.1765848991616588,94.07407407407408,81.77631578947368,巨星组,类型3
斯科蒂·巴恩斯,前锋,76,33.7,18.1,7.1,14.2,50.2,0.8,2.9,29.2,3.0,3.7,81.3,7.5,5.9,1.5,1.5,2.7,29,2,前锋,19.335311572700295,8.01186943620178,6.3026706231454,52.81690140845071,57.17715440990651,0.20422535211267606,1.84375,3.0,1.1270686475123088,93.7037037037037,82.21354166666666,巨星组,类型3
勒布朗·詹姆斯,前锋,56,33.4,20.6,7.8,15.2,51.1,1.3,4.1,31.3,3.8,5.2,74.4,6.0,6.9,1.1,0.6,2.9,14,3,前锋,22.20359281437126,6.467065868263473,7.437125748502995,55.59210526315789,58.89752973467522,0.26973684210526316,2.0294117647058827,1.7000000000000002,1.1002730786112525,93.33333333333333,82.86458333333333,巨星组,类型3
阿门·汤普森,后卫,76,37.3,17.9,6.9,13.1,52.7,0.3,1.5,22.3,3.8,4.9,77.7,7.8,5.3,1.5,0.6,2.4,19,0,后卫,17.276139410187668,7.528150134048258,5.115281501340482,53.81679389312978,58.66544310435238,0.11450381679389313,1.8275862068965518,2.1,1.0523397652712263,92.22222222222223,83.54779411764706,巨星组,类型3
约什·吉迪,后卫,54,32.1,17.0,5.9,13.3,44.8,1.9,5.2,36.4,3.2,4.2,76.3,8.3,9.1,1.0,0.5,3.6,28,13,后卫,19.06542056074766,9.30841121495327,10.205607476635512,51.50375939849624,56.11301822022708,0.39097744360902253,2.2195121951219514,1.5,1.024193284202159,91.48148148148148,77.48161764705881,巨星组,类型3
保罗·班凯罗,前锋,68,34.9,22.2,7.3,16.1,45.7,1.2,3.9,30.8,6.4,8.2,77.4,8.4,5.1,0.7,0.6,3.1,25,2,前锋,22.89971346704871,8.664756446991404,5.260744985673353,49.06832298136645,56.32230566267504,0.24223602484472048,1.4166666666666665,1.2999999999999998,0.9146268357722406,90.74074074074075,75.28645833333334,巨星组,类型3
朱利叶斯·兰德尔,前锋,78,33.1,21.1,7.4,15.3,48.2,1.4,4.3,31.3,5.0,6.3,80.0,6.8,5.1,1.1,0.2,2.8,15,3,前锋,22.948640483383684,7.3957703927492435,5.546827794561933,52.94117647058824,58.37760070827801,0.28104575163398693,1.5454545454545454,1.3,0.8975058882157759,90.37037037037037,79.0625,巨星组,类型3
维克托·文班亚马,前锋,62,29.4,24.9,8.6,16.9,50.9,1.9,5.5,35.0,5.8,7.0,82.8,11.6,3.1,1.0,3.1,2.4,41,1,前锋,30.48979591836735,14.204081632653061,3.7959183673469394,56.50887573964497,62.31231231231232,0.3254437869822486,1.0689655172413794,4.1,1.3422782436781513,95.92592592592592,84.89583333333333,巨星组,类型4
