球员姓名,位置,出场次数,场均时间(分钟),场均得分,场均投篮命中数,场均投篮出手数,投篮命中率(%),场均三分命中数,场均三分出手数,三分命中率(%),场均罚球命中数,场均罚球出手数,罚球命中率(%),场均篮板,场均助攻,场均抢断,场均盖帽,场均失误,两双次数,三双次数,位置大类,每36分钟得分,每36分钟篮板,每36分钟助攻,有效投篮命中率eFG(%),真实命中率TS(%),三分出手占比,助攻失误比,防守活动,巨星指数,巨星指数百分位,同位置表现指数,是否数据型巨星
阿隆·威金斯,后卫,61,21.9,9.6,3.6,8.4,43.1,1.5,4.2,35.4,0.9,1.1,74.3,3.1,1.7,0.9,0.4,1.3,0,0,后卫,15.780821917808218,5.095890410958905,2.7945205479452055,51.78571428571428,54.029716343989186,0.5,0.9444444444444444,1.3,-0.5579195430686522,23.703703703703706,36.654411764705884,其他球员
艾斯·贝利,后卫,70,27.6,13.6,5.4,12.2,44.4,1.9,5.5,34.8,0.9,1.2,76.7,4.1,1.8,0.8,0.7,1.4,0,0,后卫,17.739130434782606,5.3478260869565215,2.3478260869565215,52.04918032786886,53.425518541797615,0.45081967213114754,0.9473684210526316,1.5,-0.21151988111368283,43.7037037037037,48.952205882352935,其他球员
阿德姆·博纳,中锋,68,17.4,4.9,1.9,3.1,60.1,0.0,0.1,33.3,1.1,1.6,70.6,4.4,0.5,0.4,1.2,0.8,1,0,中锋,10.13793103448276,9.10344827586207,1.0344827586206897,61.29032258064515,64.40588853838065,0.03225806451612903,0.3846153846153846,1.6,-0.6503716188640346,16.296296296296298,18.750000000000004,其他球员
艾杰·格林,后卫,74,28.7,9.8,3.2,7.6,41.6,2.8,6.8,40.9,0.6,0.8,84.2,2.6,1.9,0.5,0.1,1.0,0,0,后卫,12.292682926829269,3.261324041811847,2.3832752613240418,60.526315789473685,61.61971830985916,0.8947368421052632,1.2666666666666666,0.6,-0.32248573081929094,36.2962962962963,42.463235294117645,其他球员
阿杰·米切尔,后卫,55,25.9,13.8,5.1,10.5,48.7,1.1,3.1,34.9,2.5,2.9,87.3,3.4,3.6,1.3,0.3,1.5,1,0,后卫,19.181467181467184,4.725868725868726,5.003861003861004,53.80952380952381,58.59375,0.29523809523809524,1.8,1.6,0.22338659181877715,65.92592592592592,63.713235294117645,其他球员
亚历克斯·卡鲁索,后卫,54,18.5,6.3,2.3,5.4,42.2,0.9,3.3,29.0,0.8,0.9,80.4,2.8,2.0,1.3,0.3,0.9,0,0,后卫,12.259459459459459,5.448648648648648,3.891891891891892,50.92592592592592,54.347826086956516,0.611111111111111,1.4285714285714286,1.6,-0.6136260241791086,19.62962962962963,31.029411764705888,其他球员
亚历克斯·萨尔,中锋,48,27.2,16.3,6.6,13.7,48.2,1.0,3.1,33.3,2.1,3.0,69.2,7.4,2.7,0.8,2.0,1.7,12,0,中锋,21.57352941176471,9.794117647058824,3.573529411764706,51.82481751824818,54.26098535286285,0.22627737226277375,1.2272727272727273,2.8,0.34138269404376925,72.22222222222221,63.94736842105263,其他球员
阿尔佩伦·申京,中锋,69,33.4,20.6,8.2,15.7,52.2,0.6,1.9,31.0,3.7,5.4,68.8,8.8,6.2,1.2,1.1,3.1,33,4,中锋,22.20359281437126,9.48502994011976,6.682634730538923,54.14012738853503,56.98163310466917,0.12101910828025478,1.7222222222222223,2.3,1.1765848991616588,94.07407407407408,81.77631578947368,巨星组
阿门·汤普森,后卫,76,37.3,17.9,6.9,13.1,52.7,0.3,1.5,22.3,3.8,4.9,77.7,7.8,5.3,1.5,0.6,2.4,19,0,后卫,17.276139410187668,7.528150134048258,5.115281501340482,53.81679389312978,58.66544310435238,0.11450381679389313,1.8275862068965518,2.1,1.0523397652712263,92.22222222222223,83.54779411764706,巨星组
安德烈·德拉蒙德,中锋,59,19.3,6.3,2.5,5.3,46.9,0.5,1.4,35.3,0.8,1.3,63.6,8.2,1.2,0.6,0.8,1.0,15,0,中锋,11.751295336787564,15.295336787564766,2.2383419689119166,51.886792452830186,53.644414168937324,0.2641509433962264,0.7999999999999999,1.4,-0.6386566856089158,16.666666666666664,23.421052631578945,其他球员
安德鲁·内姆哈德,后卫,57,31.3,16.9,5.8,13.2,44.2,1.9,5.2,36.1,3.4,4.1,82.5,2.8,7.7,0.9,0.1,2.4,13,0,后卫,19.43769968051118,3.2204472843450476,8.856230031948881,51.13636363636363,56.31831511596908,0.393939393939394,2.6551724137931036,1.0,0.6471070743798222,83.33333333333334,67.15073529411765,其他球员
安德鲁·威金斯,前锋,64,30.6,15.6,5.9,12.3,47.8,2.0,4.9,41.7,1.8,2.3,78.7,5.0,2.7,1.2,1.1,1.5,2,0,前锋,18.352941176470587,5.88235294117647,3.176470588235294,56.09756097560975,58.593749999999986,0.3983739837398374,1.35,2.3,0.42741255583267335,75.92592592592592,71.61458333333333,其他球员
安芬尼·西蒙斯,后卫,55,24.9,14.3,5.2,11.8,44.0,2.7,6.9,38.5,1.3,1.4,89.6,2.5,2.4,0.5,0.1,1.2,0,0,后卫,20.674698795180728,3.6144578313253013,3.4698795180722892,55.5084745762712,57.586984536082475,0.5847457627118644,1.411764705882353,0.6,-0.23822615291811927,42.592592592592595,45.257352941176464,其他球员
安东尼·布莱克,后卫,60,30.7,15.3,5.5,12.3,45.1,1.6,4.7,33.9,2.6,3.6,73.0,3.9,3.8,1.4,0.7,2.1,2,0,后卫,17.9413680781759,4.5732899022801305,4.456026058631921,51.21951219512195,55.09939498703543,0.38211382113821135,1.4615384615384615,2.0999999999999996,0.36125941247668203,72.96296296296296,66.69117647058825,其他球员
安东尼·爱德华兹,后卫,60,35.2,28.9,9.9,20.3,48.9,3.4,8.5,39.8,5.7,7.2,79.6,5.0,3.7,1.4,0.8,2.8,2,0,后卫,29.556818181818176,5.113636363636363,3.784090909090909,57.14285714285714,61.57320606783705,0.4187192118226601,1.1212121212121213,2.2,1.35111717495516,96.29629629629629,84.9264705882353,巨星组
安东尼·吉尔,前锋,51,16.3,5.4,2.3,3.7,62.3,0.3,0.8,31.7,0.5,0.6,77.4,2.8,1.3,0.5,0.4,0.7,0,0,前锋,11.92638036809816,6.184049079754601,2.8711656441717794,66.21621621621621,68.1130171543895,0.21621621621621623,1.0833333333333335,0.9,-0.5747897898683735,22.59259259259259,26.067708333333336,其他球员
奥萨尔·汤普森,后卫,69,26.0,9.9,4.2,8.0,51.8,0.1,0.3,26.1,1.5,2.7,56.5,5.8,3.0,2.0,0.9,1.5,3,0,后卫,13.707692307692309,8.03076923076923,4.153846153846154,53.125,53.874619068350015,0.0375,1.5,2.9,0.17482146970712445,63.33333333333333,55.863970588235304,其他球员
奥斯汀·里夫斯,后卫,51,34.5,23.3,7.3,14.9,49.0,2.3,6.4,36.0,6.3,7.3,87.1,4.7,5.5,1.1,0.4,3.0,6,0,后卫,24.313043478260873,4.904347826086957,5.739130434782608,56.71140939597314,64.32199646643109,0.42953020134228187,1.5714285714285714,1.5,1.1850383649350136,94.81481481481482,85.14705882352939,巨星组
阿约·多苏穆,后卫,67,27.2,14.7,5.5,10.7,51.4,1.8,4.1,44.3,1.8,2.1,87.1,3.5,3.6,0.8,0.3,1.3,2,1,后卫,19.455882352941174,4.632352941176471,4.764705882352941,59.81308411214954,63.231245698554716,0.38317757009345793,2.0,1.1,0.31387367917895737,70.0,66.89338235294117,其他球员
巴姆·阿德巴约,中锋,69,32.2,20.2,6.9,15.7,43.9,1.7,5.5,31.7,4.6,5.9,77.8,10.0,3.0,1.2,0.7,1.7,32,0,中锋,22.583850931677013,11.180124223602483,3.354037267080745,49.36305732484077,55.20332313073896,0.35031847133757965,1.3636363636363635,1.9,0.7877094072796029,86.66666666666667,75.98684210526315,其他球员
贝勒·谢尔曼,后卫,73,18.2,5.0,1.8,4.1,44.4,1.1,2.9,38.1,0.3,0.3,86.4,3.5,1.5,0.5,0.1,0.6,4,0,后卫,9.89010989010989,6.923076923076923,2.967032967032967,57.31707317073172,59.073724007561445,0.7073170731707318,1.3636363636363635,0.6,-0.8115142934557964,9.25925925925926,25.643382352941174,其他球员
本·谢泼德,后卫,65,21.4,7.1,2.6,6.0,43.4,1.3,3.6,36.2,0.6,0.8,76.5,3.0,1.8,0.6,0.1,0.6,0,0,后卫,11.94392523364486,5.046728971962617,3.02803738317757,54.166666666666664,55.887909319899244,0.6,1.6363636363636362,0.7,-0.6939484324834146,14.444444444444443,27.35294117647059,其他球员
本尼迪克特·马瑟林,后卫,50,30.6,18.2,5.6,12.8,43.6,1.5,4.5,32.2,5.5,6.4,87.1,5.5,2.3,0.8,0.2,2.2,3,0,后卫,21.41176470588235,6.470588235294118,2.705882352941176,49.60937499999999,58.27356557377048,0.3515625,0.8518518518518517,1.0,0.2608163291618134,67.03703703703704,63.01470588235294,其他球员
比拉尔·库利巴利,后卫,54,26.3,11.4,4.0,9.5,41.6,1.1,3.7,30.8,2.3,3.1,74.7,4.4,2.6,1.4,0.9,1.5,0,0,后卫,15.604562737642587,6.022813688212928,3.5589353612167303,47.89473684210526,52.466863033873345,0.38947368421052636,1.3,2.3,-0.0613150824263658,52.22222222222223,51.98529411764706,其他球员
博比·波蒂斯,前锋,67,24.2,13.7,5.5,11.2,48.8,2.0,4.4,45.6,0.7,1.0,70.6,6.4,1.6,0.6,0.2,1.0,11,0,前锋,20.380165289256198,9.520661157024794,2.3801652892561984,58.03571428571429,58.84879725085911,0.3928571428571429,1.0666666666666667,0.8,-0.11568336388620032,48.888888888888886,50.755208333333336,其他球员
博恩斯·海兰德,后卫,69,16.4,8.3,3.0,6.5,45.2,1.6,4.1,38.2,0.9,1.1,77.6,1.8,2.6,0.6,0.2,0.9,0,0,后卫,18.219512195121954,3.951219512195122,5.707317073170732,58.46153846153845,59.42153493699885,0.6307692307692307,1.8571428571428574,0.8,-0.5650563956722265,22.962962962962962,34.90808823529412,其他球员
布兰丁·波杰姆斯基,后卫,78,28.5,13.5,4.7,10.4,45.4,1.8,5.0,36.9,2.2,2.8,78.3,5.3,3.8,1.1,0.2,1.6,5,0,后卫,17.05263157894737,6.694736842105263,4.8,53.846153846153854,58.029573590096284,0.4807692307692307,1.8095238095238093,1.3,0.26909877372167346,67.77777777777779,64.6875,其他球员
布兰登·英格拉姆,前锋,73,33.8,21.3,7.9,16.8,47.1,1.7,4.6,37.6,3.7,4.5,82.2,5.5,3.6,0.7,0.7,2.5,2,0,前锋,22.686390532544383,5.8579881656804735,3.834319526627219,52.08333333333333,56.70926517571885,0.2738095238095238,1.2,1.4,0.5972970299435602,82.22222222222221,70.49479166666666,其他球员
布兰登·米勒,前锋,62,30.3,20.2,7.0,16.1,43.4,3.2,8.2,38.7,3.0,3.4,89.2,5.0,3.4,1.0,0.7,2.6,3,0,前锋,23.999999999999996,5.9405940594059405,4.03960396039604,53.41614906832297,57.39940895658104,0.5093167701863354,1.096774193548387,1.7,0.5418745634952263,77.4074074074074,70.10416666666666,其他球员
布兰登·威廉姆斯,后卫,65,22.1,13.0,4.4,9.4,47.0,0.6,2.4,23.4,3.6,4.6,79.5,2.9,3.9,0.9,0.3,1.9,1,0,后卫,21.176470588235293,4.723981900452488,6.352941176470588,50.0,56.897759103641455,0.2553191489361702,1.625,1.2,-0.06970540538750086,51.48148148148148,53.713235294117645,其他球员
布莱斯·森萨博,前锋,73,23.6,14.8,5.3,11.4,46.3,2.2,5.8,36.9,2.2,2.6,82.7,3.1,1.9,0.7,0.2,1.6,0,0,前锋,22.576271186440678,4.728813559322034,2.898305084745762,56.14035087719298,58.99234693877551,0.5087719298245613,0.9047619047619047,0.8999999999999999,-0.17933736761311989,45.55555555555556,47.08333333333333,其他球员
布鲁克·洛佩兹,中锋,71,21.4,8.2,3.0,7.0,42.3,1.5,4.1,35.4,0.8,1.0,78.6,3.4,1.3,0.6,1.2,0.8,1,0,中锋,13.794392523364486,5.719626168224299,2.1869158878504678,53.57142857142857,55.107526881720425,0.5857142857142856,1.0,1.7999999999999998,-0.6040941465841717,20.74074074074074,30.0,其他球员
布鲁斯·布朗,后卫,78,24.3,7.8,3.0,6.3,47.0,0.7,1.8,39.0,1.1,1.5,76.1,3.8,2.0,1.0,0.2,1.1,1,0,后卫,11.555555555555555,5.629629629629629,2.962962962962963,53.17460317460318,56.03448275862068,0.28571428571428575,1.25,1.2,-0.4546737519610816,29.259259259259256,38.54779411764706,其他球员
布布·卡林顿,后卫,78,27.5,10.3,3.7,8.8,41.8,2.0,4.9,39.6,1.0,1.3,72.1,3.4,4.6,0.6,0.2,2.3,0,0,后卫,13.483636363636364,4.45090909090909,6.0218181818181815,53.40909090909091,54.950917626973975,0.5568181818181818,1.6428571428571428,0.8,-0.1931601006568734,44.81481481481481,47.48161764705881,其他球员
巴迪·希尔德,后卫,50,16.0,7.2,2.6,6.2,42.4,1.3,4.0,33.3,0.6,0.7,81.1,2.3,1.4,0.8,0.2,0.9,0,0,后卫,16.2,5.175,3.15,52.41935483870967,55.316533497234175,0.6451612903225806,1.0,1.0,-0.8531656622462902,8.88888888888889,22.849264705882355,其他球员
凯德·坎宁安,后卫,61,34.4,24.5,8.7,18.9,46.1,2.0,5.8,34.6,5.1,6.2,81.4,5.6,9.9,1.5,0.9,3.7,37,3,后卫,25.63953488372093,5.8604651162790695,10.360465116279071,51.32275132275132,56.639541335306085,0.3068783068783069,2.357142857142857,2.4,1.5474025382107164,98.14814814814815,87.05882352941175,巨星组
凯莱布·勒夫,后卫,47,21.5,10.8,4.0,10.4,38.9,2.0,6.2,32.0,0.8,1.0,73.5,2.4,2.6,0.6,0.1,1.3,0,0,后卫,18.08372093023256,4.01860465116279,4.3534883720930235,48.07692307692307,49.815498154981555,0.5961538461538461,1.4444444444444444,0.7,-0.6764608597907342,15.185185185185185,31.28676470588235,其他球员
卡姆·斯潘塞,后卫,71,23.9,11.1,3.7,7.8,47.2,2.0,4.5,44.7,1.8,1.9,94.0,2.6,5.5,0.7,0.2,1.3,6,0,后卫,16.719665271966527,3.9163179916317996,8.284518828451883,60.25641025641026,64.2658638258453,0.576923076923077,3.0555555555555554,0.8999999999999999,0.2726541396889712,68.14814814814815,58.639705882352935,其他球员
卡梅隆·约翰逊,前锋,52,30.4,12.0,4.1,8.7,47.1,2.1,4.8,43.0,1.7,2.1,84.1,3.8,2.4,0.8,0.4,0.8,1,0,前锋,14.210526315789474,4.5,2.8421052631578947,59.195402298850574,62.34413965087282,0.5517241379310345,1.846153846153846,1.2000000000000002,0.1184150926431902,60.370370370370374,61.25,其他球员
卡里斯·勒韦尔,后卫,57,19.4,7.4,2.8,6.6,41.9,1.0,3.1,33.0,0.9,1.3,65.8,2.0,2.7,0.8,0.7,1.4,0,0,后卫,13.7319587628866,3.711340206185567,5.010309278350516,50.0,51.58951477969883,0.4696969696969697,1.4210526315789476,1.5,-0.706332397891387,13.333333333333334,29.154411764705884,其他球员
卡森·华莱士,后卫,75,26.7,8.7,3.3,7.7,43.6,1.3,3.7,35.2,0.7,0.9,80.3,3.1,2.6,2.0,0.4,0.9,1,0,后卫,11.730337078651685,4.179775280898877,3.5056179775280905,51.298701298701296,53.730237154150196,0.4805194805194805,1.8571428571428574,2.4,-0.06699541926808675,51.85185185185185,47.29779411764706,其他球员
塞德里克·考沃德,前锋,60,26.0,13.4,4.8,10.4,46.4,1.5,4.4,33.2,2.3,2.7,84.5,5.9,2.8,0.6,0.4,1.8,7,0,前锋,18.553846153846155,8.169230769230769,3.876923076923077,53.36538461538461,57.81843286158094,0.4230769230769231,1.2173913043478262,1.0,-0.017324460438501426,55.55555555555556,57.03125,其他球员
切特·霍姆格伦,中锋,67,29.0,17.0,6.2,11.3,55.3,1.3,3.5,35.6,3.2,4.0,79.7,8.8,1.6,0.6,1.9,1.5,22,0,中锋,21.103448275862068,10.924137931034483,1.986206896551724,60.61946902654868,65.08422664624808,0.30973451327433627,0.8,2.5,0.6266574827578216,82.96296296296296,67.82894736842104,其他球员
西杰·麦科勒姆,后卫,73,29.8,18.7,6.9,15.1,45.4,2.5,6.7,37.1,2.5,3.2,77.4,3.3,3.8,0.8,0.4,1.8,0,0,后卫,22.590604026845636,3.9865771812080535,4.590604026845637,53.973509933774835,56.639205233826026,0.4437086092715232,1.6521739130434783,1.2000000000000002,0.341215297807426,71.85185185185186,65.09191176470588,其他球员
科比·怀特,后卫,48,25.4,17.5,5.6,12.6,44.4,2.3,6.4,35.6,4.0,4.8,82.3,3.5,4.1,0.5,0.1,2.6,1,0,后卫,24.803149606299215,4.960629921259843,5.811023622047244,53.57142857142857,59.4752582925503,0.507936507936508,1.3225806451612903,0.6,0.17028056551199713,62.96296296296296,60.09191176470587,其他球员
科迪·威廉姆斯,前锋,64,23.8,8.5,3.4,7.2,47.5,0.4,1.8,22.0,1.2,1.7,70.6,2.9,1.9,0.8,0.4,1.0,2,0,前锋,12.857142857142856,4.386554621848739,2.8739495798319323,50.0,53.472571716155,0.25,1.2666666666666666,1.2000000000000002,-0.5908750771566624,22.22222222222222,32.21354166666667,其他球员
科林·吉莱斯皮,后卫,77,28.8,12.9,4.5,10.7,42.0,3.0,7.3,40.7,1.0,1.1,87.1,4.1,4.8,1.2,0.2,1.6,3,0,后卫,16.125,5.125,5.999999999999999,56.07476635514019,57.671673819742495,0.6822429906542057,2.2857142857142856,1.4,0.33263498249646895,71.11111111111111,65.18382352941175,其他球员
科林·默里-博伊尔斯,前锋,54,22.0,8.5,3.5,6.1,57.3,0.3,0.9,34.0,1.2,1.9,64.1,4.9,1.9,0.9,0.9,1.1,4,0,前锋,13.909090909090908,8.018181818181818,3.109090909090909,59.83606557377049,61.274509803921575,0.1475409836065574,1.1874999999999998,1.8,-0.19688638870486297,44.44444444444444,47.49999999999999,其他球员
科林·塞克斯顿,后卫,64,23.3,15.3,5.2,10.6,48.7,1.7,4.2,41.0,3.3,3.8,85.9,2.2,3.3,1.0,0.2,2.1,1,0,后卫,23.639484978540775,3.3991416309012874,5.098712446351931,57.07547169811321,62.33702737940027,0.39622641509433965,1.2692307692307692,1.2,0.14218751620079786,61.48148148148148,58.511029411764696,其他球员
库珀·弗拉格,前锋,65,33.8,20.8,7.9,16.8,47.2,1.0,3.5,29.3,3.9,4.8,81.6,6.6,4.5,1.2,0.9,2.4,12,0,前锋,22.153846153846157,7.029585798816568,4.792899408284024,50.0,54.99153976311337,0.20833333333333331,1.5517241379310345,2.1,0.8479699876897014,88.14814814814815,78.17708333333331,其他球员
科里·基斯珀特,前锋,55,18.8,9.1,3.2,6.9,46.4,1.5,4.1,35.7,1.3,1.6,82.0,2.3,1.6,0.3,0.2,0.8,0,0,前锋,17.425531914893615,4.404255319148936,3.0638297872340425,57.2463768115942,59.83692793266702,0.5942028985507245,1.2307692307692308,0.5,-0.674916642948363,15.555555555555555,31.015624999999996,其他球员
小克雷格·波特,后卫,61,17.7,4.3,1.8,4.0,44.0,0.5,1.5,34.8,0.3,0.6,55.6,3.3,3.1,0.9,0.6,0.9,0,0,后卫,8.745762711864407,6.711864406779661,6.305084745762713,51.24999999999999,50.42213883677298,0.375,2.2142857142857144,1.5,-0.7435688302504505,12.222222222222221,29.209558823529417,其他球员
丹尼尔·加福德,前锋,54,21.8,9.6,3.8,5.8,65.7,0.0,0.0,0.0,2.0,2.9,68.2,6.9,1.1,0.7,1.2,1.2,10,0,前锋,15.85321100917431,11.394495412844037,1.81651376146789,65.51724137931035,67.83493499152064,0.0,0.6470588235294118,1.9,0.01915229372131476,56.666666666666664,47.18750000000001,其他球员
丹尼斯·詹金斯,后卫,68,20.1,9.4,3.3,7.9,41.5,1.0,2.7,38.4,1.8,2.2,81.8,2.3,3.8,0.9,0.2,1.5,3,0,后卫,16.83582089552239,4.119402985074626,6.80597014925373,48.101265822784804,52.99954894000902,0.34177215189873417,1.9,1.1,-0.4337855670568524,30.74074074074074,38.40073529411765,其他球员
丹尼·沃尔夫,前锋,57,20.8,8.9,3.1,7.7,40.5,1.2,3.7,32.2,1.5,1.9,77.1,4.9,2.2,0.5,0.6,1.3,2,0,前锋,15.403846153846155,8.48076923076923,3.8076923076923075,48.05194805194805,52.132146204311155,0.4805194805194805,1.2222222222222223,1.1,-0.6151864636736847,18.88888888888889,33.75,其他球员
戴维恩·米切尔,后卫,67,28.6,9.2,3.7,7.6,48.3,1.3,3.3,39.5,0.6,0.9,67.2,2.7,6.5,1.0,0.2,1.5,4,0,后卫,11.58041958041958,3.3986013986013983,8.181818181818182,57.236842105263165,57.52876438219109,0.4342105263157895,3.25,1.2,0.22033727858142635,65.55555555555556,55.404411764705884,其他球员
戴隆·夏普,中锋,62,18.7,8.7,3.5,5.7,60.1,0.1,0.6,23.1,1.7,2.5,67.8,6.7,2.3,1.1,0.4,1.7,5,0,中锋,16.74866310160428,12.898395721925136,4.427807486631016,62.28070175438596,63.9705882352941,0.10526315789473684,1.0454545454545452,1.5,-0.06039032545127051,52.59259259259259,48.35526315789473,其他球员
达龙·福克斯,后卫,68,31.0,18.5,7.0,14.4,48.8,1.8,5.4,33.1,2.6,3.5,76.2,3.8,6.2,1.2,0.3,2.3,7,0,后卫,21.483870967741936,4.412903225806451,7.2,54.861111111111114,58.03011292346299,0.375,2.2142857142857144,1.5,0.7735541940306584,85.92592592592592,77.1139705882353,其他球员
迪恩·韦德,前锋,57,22.4,5.8,2.1,4.8,43.2,1.2,3.4,35.4,0.5,0.7,71.1,4.2,1.5,0.8,0.4,0.3,1,0,前锋,9.321428571428571,6.750000000000001,2.410714285714286,56.250000000000014,56.77368833202819,0.7083333333333334,1.875,1.2000000000000002,-0.564300700173413,23.333333333333332,31.041666666666668,其他球员
德安德烈·艾顿,中锋,67,27.3,12.4,5.6,8.3,67.4,0.0,0.0,0.0,1.2,1.9,63.0,8.2,0.8,0.6,0.9,1.2,21,0,中锋,16.351648351648354,10.813186813186812,1.054945054945055,67.46987951807229,67.86339754816112,0.0,0.4705882352941177,1.5,0.21668152077266672,64.81481481481481,53.68421052631578,其他球员
德玛尔·德罗赞,后卫,77,31.2,18.4,6.5,13.1,49.7,0.6,1.9,32.0,4.9,5.6,86.8,2.9,4.1,1.0,0.3,1.2,2,0,后卫,21.23076923076923,3.346153846153846,4.730769230769231,51.908396946564885,59.11076843998971,0.1450381679389313,2.411764705882353,1.3,0.5510708016593079,78.88888888888889,72.31617647058825,其他球员
德尼·阿夫迪亚,前锋,62,33.1,23.9,7.3,16.0,45.8,1.9,6.0,31.7,7.4,9.3,79.9,7.0,6.7,0.8,0.6,3.8,18,3,前锋,25.993957703927492,7.613293051359516,7.287009063444109,51.5625,59.476408520804306,0.375,1.558139534883721,1.4,1.17854424563723,94.44444444444444,82.60416666666667,巨星组
丹尼斯·施罗德,后卫,67,24.4,10.8,3.6,9.0,40.2,1.1,3.3,32.7,2.4,2.9,83.2,2.7,4.8,0.8,0.2,1.8,2,0,后卫,15.934426229508198,3.9836065573770494,7.081967213114754,46.111111111111114,52.54963020630596,0.36666666666666664,2.0869565217391304,1.0,-0.21374228671539008,43.333333333333336,45.69852941176471,其他球员
德里克·奎因,中锋,78,24.4,11.2,4.2,8.9,47.1,0.3,1.1,26.2,2.5,3.2,79.2,6.8,3.6,1.0,0.9,2.3,11,2,中锋,16.524590163934427,10.032786885245901,5.311475409836065,48.87640449438202,54.3267365153279,0.12359550561797754,1.2857142857142858,1.9,0.028218367534682723,57.77777777777777,53.684210526315795,其他球员
德里克·怀特,后卫,74,34.3,16.7,5.8,14.6,39.5,2.7,8.4,32.6,2.4,2.7,90.0,4.5,5.5,1.1,1.3,1.8,1,0,后卫,17.527696793002914,4.723032069970846,5.772594752186589,48.97260273972603,52.8882695718267,0.5753424657534247,2.3913043478260874,2.4000000000000004,0.6660103476661169,84.07407407407408,71.34191176470588,其他球员
德斯蒙德·贝恩,后卫,78,34.1,20.4,7.2,14.9,48.4,2.1,5.3,39.1,3.9,4.3,91.4,4.2,4.2,1.0,0.4,2.0,1,0,后卫,21.5366568914956,4.434017595307918,4.434017595307918,55.369127516778526,60.743211052882316,0.35570469798657717,1.6800000000000002,1.4,0.768284731428759,85.55555555555556,78.87867647058825,其他球员
德文·布克,后卫,62,33.4,25.8,8.5,18.6,45.5,1.9,5.8,33.0,6.9,8.0,86.9,3.9,6.0,0.8,0.3,3.1,6,0,后卫,27.808383233532936,4.203592814371258,6.467065868263473,50.80645161290322,58.31826401446655,0.31182795698924726,1.6666666666666665,1.1,1.0142358460776455,91.11111111111111,76.5625,巨星组
德文·瓦塞尔,后卫,63,30.5,14.0,5.0,11.3,43.8,2.5,6.5,38.9,1.6,2.0,81.6,4.0,2.5,0.8,0.4,0.9,1,0,后卫,16.524590163934427,4.721311475409836,2.9508196721311477,55.309734513274336,57.47126436781609,0.5752212389380531,1.7857142857142858,1.2000000000000002,0.07928533846761962,59.62962962962963,59.92647058823529,其他球员
狄龙·布鲁克斯,前锋,53,30.5,20.4,7.5,17.2,43.7,2.3,6.7,34.6,3.1,3.6,85.8,3.6,1.8,1.0,0.2,1.8,0,0,前锋,24.078688524590163,4.249180327868852,2.124590163934426,50.2906976744186,54.3015332197615,0.38953488372093026,0.782608695652174,1.2,0.16854391173603073,62.59259259259259,53.515625,其他球员
多米尼克·巴洛,前锋,67,24.0,7.9,3.1,5.7,54.4,0.3,1.2,25.9,1.3,1.9,71.2,4.7,1.3,0.8,0.7,0.8,2,0,前锋,11.850000000000001,7.050000000000001,1.9500000000000002,57.01754385964912,60.434516523867806,0.21052631578947367,1.0,1.5,-0.34990783505384415,34.44444444444444,38.958333333333336,其他球员
多诺万·克林根,中锋,73,27.2,12.0,4.6,8.8,52.0,1.0,3.1,32.7,1.8,2.7,67.3,11.6,2.1,0.6,1.7,1.3,33,0,中锋,15.882352941176471,15.352941176470587,2.7794117647058827,57.954545454545446,60.072086503804556,0.35227272727272724,1.1666666666666667,2.3,0.3710452692864806,74.07407407407408,63.02631578947368,其他球员
多诺万·米切尔,后卫,69,33.4,27.8,9.7,20.1,48.1,3.2,8.9,36.4,5.3,6.1,86.3,4.5,5.7,1.5,0.3,2.8,5,0,后卫,29.96407185628743,4.850299401197605,6.1437125748503005,56.218905472636806,61.00772471910112,0.4427860696517413,1.7272727272727275,1.8,1.416090112465264,97.4074074074074,86.61764705882354,巨星组
丹特·迪文琴佐,后卫,78,30.8,12.3,4.2,10.2,40.6,3.0,7.9,37.9,1.0,1.3,75.8,4.2,3.9,1.3,0.4,1.5,1,0,后卫,14.376623376623376,4.909090909090909,4.558441558441559,55.88235294117647,57.09246193835872,0.7745098039215688,1.95,1.7000000000000002,0.2733862442905332,68.51851851851852,65.86397058823529,其他球员
德雷克·鲍威尔,后卫,60,20.6,6.5,2.3,5.4,41.8,0.8,2.8,29.8,1.1,1.2,91.5,1.7,1.5,0.6,0.2,0.9,0,0,后卫,11.359223300970873,2.9708737864077666,2.6213592233009706,49.99999999999999,54.82456140350877,0.5185185185185185,1.0714285714285714,0.8,-0.8961495782044009,7.037037037037037,18.952205882352942,其他球员
德雷蒙德·格林,前锋,65,27.6,8.6,3.1,7.4,41.9,1.5,4.7,32.9,0.8,1.2,69.2,5.5,5.5,0.9,0.6,2.6,2,0,前锋,11.217391304347824,7.173913043478261,7.173913043478261,52.02702702702703,54.238143289606455,0.6351351351351351,1.7741935483870968,1.5,0.02259967247954811,57.03703703703704,52.44791666666667,其他球员
德鲁·史密斯,后卫,70,16.3,5.6,1.9,4.6,41.5,0.5,1.8,29.5,1.2,1.5,82.9,2.5,2.6,1.4,0.3,0.8,0,0,后卫,12.368098159509202,5.521472392638037,5.742331288343559,46.73913043478261,53.2319391634981,0.391304347826087,2.0,1.7,-0.6050985678918246,20.37037037037037,31.36029411764706,其他球员
邓肯·罗宾逊,前锋,74,27.6,12.0,4.1,9.0,44.8,2.9,7.0,40.8,1.1,1.4,76.0,2.7,2.1,0.6,0.3,0.7,0,0,前锋,15.652173913043477,3.5217391304347827,2.739130434782609,61.66666666666667,62.39600665557404,0.7777777777777778,1.7500000000000002,0.8999999999999999,-0.08490678035483637,50.0,51.92708333333333,其他球员
迪伦·哈珀,后卫,65,22.4,11.7,4.8,9.4,50.6,0.9,2.6,33.3,1.3,1.7,74.3,3.4,3.9,0.8,0.3,1.4,0,0,后卫,18.80357142857143,5.464285714285714,6.267857142857143,55.85106382978723,57.64682696097753,0.2765957446808511,2.0526315789473686,1.1,-0.07363870040444534,50.74074074074074,53.970588235294116,其他球员
戴森·丹尼尔斯,后卫,73,33.1,11.8,5.3,10.2,51.9,0.3,1.5,18.2,1.0,1.6,62.3,6.7,5.9,2.0,0.4,1.8,13,1,后卫,12.833836858006043,7.287009063444109,6.4169184290030215,53.43137254901962,54.10858400586941,0.14705882352941177,2.565217391304348,2.4,0.7167659769674268,84.44444444444444,69.17279411764707,其他球员
叶戈尔·杰明,后卫,52,25.2,10.3,3.4,8.6,39.9,2.4,6.2,38.5,1.0,1.3,83.1,3.2,3.3,0.8,0.3,1.7,1,0,后卫,14.714285714285715,4.571428571428572,4.714285714285714,53.48837209302325,56.14914958569559,0.7209302325581396,1.4999999999999998,1.1,-0.25279819501924417,40.74074074074074,46.69117647058824,其他球员
埃文·莫布里,中锋,62,32.1,18.1,7.2,13.2,54.4,1.0,3.3,29.9,2.7,4.5,60.6,9.0,3.6,0.8,1.8,1.8,26,0,中锋,20.299065420560748,10.093457943925234,4.037383177570093,58.333333333333336,59.61791831357049,0.25,1.565217391304348,2.6,0.8627267662068963,88.88888888888889,78.42105263157896,其他球员
盖布·文森特,后卫,50,16.8,4.4,1.4,4.2,34.5,1.1,3.3,33.1,0.4,0.4,95.0,1.0,1.4,0.5,0.1,0.5,0,0,后卫,9.428571428571429,2.142857142857143,3.0,46.42857142857142,50.27422303473492,0.7857142857142856,1.4,0.6,-1.2422042770403618,0.3703703703703704,8.088235294117649,其他球员
加里·佩顿二世,后卫,69,15.6,7.4,3.3,5.7,57.3,0.5,1.8,29.6,0.3,0.5,61.1,3.7,1.7,0.9,0.3,0.9,2,0,后卫,17.07692307692308,8.53846153846154,3.923076923076923,62.28070175438596,62.5,0.3157894736842105,1.2142857142857144,1.2,-0.4712108000775002,27.77777777777778,39.981617647058826,其他球员
小加里·特伦特,后卫,64,21.2,8.2,2.8,7.2,39.0,1.9,5.2,36.8,0.6,0.8,76.5,1.0,1.2,0.5,0.0,0.6,0,0,后卫,13.924528301886792,1.6981132075471699,2.0377358490566038,52.083333333333336,54.290254237288124,0.7222222222222222,1.0909090909090908,0.5,-0.8907764596825527,7.4074074074074066,18.36397058823529,其他球员
吉吉·杰克逊,前锋,54,21.5,12.5,4.7,9.4,49.9,1.2,3.5,33.2,2.0,2.7,73.5,4.3,1.4,0.6,0.8,1.6,1,0,前锋,20.930232558139537,7.199999999999999,2.344186046511628,56.38297872340425,59.029089535322996,0.3723404255319149,0.6666666666666666,1.4,-0.29199775311328957,37.77777777777778,43.72395833333332,其他球员
格雷森·阿伦,后卫,49,29.2,16.8,5.4,13.4,40.5,3.2,9.1,35.3,2.8,3.2,84.9,3.0,3.9,1.4,0.2,1.6,0,0,后卫,20.71232876712329,3.6986301369863015,4.808219178082192,52.23880597014925,56.72609400324149,0.6791044776119403,1.857142857142857,1.5999999999999999,0.4020601581342619,74.81481481481481,65.60661764705881,其他球员
吉·桑托斯,前锋,66,20.5,9.3,3.4,6.7,50.5,1.2,3.3,35.2,1.3,1.8,72.9,3.9,2.3,0.9,0.3,1.5,3,0,前锋,16.33170731707317,6.848780487804878,4.0390243902439025,59.70149253731343,62.06620395088095,0.4925373134328358,1.15,1.2,-0.2506400625352123,41.11111111111111,47.369791666666664,其他球员
哈里森·巴恩斯,前锋,73,25.9,10.0,3.4,7.5,45.3,1.8,4.7,39.1,1.3,1.6,82.8,2.8,2.0,0.7,0.2,0.8,0,0,前锋,13.8996138996139,3.891891891891892,2.77992277992278,57.333333333333336,60.94588005850804,0.6266666666666667,1.5384615384615383,0.8999999999999999,-0.2681082048545105,39.62962962962963,45.234375,其他球员
赫伯特·琼斯,前锋,56,28.4,8.9,3.3,8.5,38.3,1.4,4.6,30.9,0.9,1.1,80.6,3.4,2.8,1.6,0.5,1.3,0,0,前锋,11.281690140845072,4.309859154929577,3.5492957746478875,47.05882352941176,49.53250222617987,0.5411764705882353,1.5555555555555554,2.1,-0.24254289723868525,41.85185185185185,46.588541666666664,其他球员
伊曼纽尔·奎克利,后卫,67,32.4,16.9,5.9,13.2,44.5,2.6,6.9,37.4,2.5,3.1,82.1,4.1,6.0,1.3,0.1,1.5,8,0,后卫,18.77777777777778,4.555555555555555,6.666666666666667,54.545454545454554,58.01977478714638,0.5227272727272728,3.0,1.4000000000000001,0.7904312065780512,87.03703703703704,74.7610294117647,其他球员
艾萨克·奥科罗,前锋,62,27.1,9.2,3.3,7.3,45.8,1.2,3.5,33.0,1.4,1.8,79.1,2.7,1.6,0.7,0.5,0.7,0,0,前锋,12.22140221402214,3.5867158671586714,2.125461254612546,53.42465753424658,56.84626791893227,0.4794520547945206,1.3333333333333335,1.2,-0.4357328773347624,30.37037037037037,36.61458333333333,其他球员
以赛亚·科利尔,后卫,59,25.7,11.7,4.3,8.7,49.5,0.5,1.7,27.0,2.6,3.5,72.2,2.5,7.2,1.1,0.3,2.5,10,0,后卫,16.389105058365757,3.501945525291829,10.085603112840467,52.29885057471264,57.12890625,0.19540229885057472,2.4,1.4000000000000001,0.31756936362976607,70.37037037037037,59.375,其他球员
以赛亚·杰克逊,前锋,55,16.5,6.7,2.7,4.3,63.7,0.0,0.1,0.0,1.2,1.9,64.8,5.3,0.9,0.7,0.9,1.1,7,0,前锋,14.618181818181819,11.563636363636363,1.9636363636363636,62.79069767441862,65.22585669781932,0.023255813953488375,0.5625,1.6,-0.43922336048434063,30.0,33.984375,其他球员
以赛亚·乔,后卫,69,21.2,10.8,3.4,7.6,44.8,2.5,6.0,41.5,1.5,1.7,89.0,2.6,1.3,0.7,0.2,0.6,0,0,后卫,18.339622641509436,4.415094339622642,2.207547169811321,61.184210526315795,64.6861523718256,0.7894736842105263,1.1818181818181817,0.8999999999999999,-0.290696978653887,38.148148148148145,42.518382352941174,其他球员
以赛亚·斯图尔特,前锋,55,23.1,10.0,3.8,7.0,54.1,0.7,2.1,33.3,1.7,2.3,76.0,5.1,1.2,0.3,1.6,1.1,2,0,前锋,15.584415584415584,7.948051948051948,1.8701298701298699,59.28571428571428,62.406390414378436,0.3,0.7499999999999999,1.9000000000000001,-0.2424804753393202,42.22222222222222,43.177083333333336,其他球员
伊维察·祖巴茨,中锋,48,30.1,14.1,6.0,10.0,59.8,0.0,0.0,0.0,2.1,3.0,71.1,10.6,2.2,0.4,0.8,1.8,24,0,中锋,16.86378737541528,12.677740863787374,2.6312292358803986,60.0,62.27915194346289,0.0,0.9565217391304349,1.2000000000000002,0.3667989369135302,73.33333333333333,63.355263157894726,其他球员
贾科比·沃尔特,后卫,68,20.1,7.3,2.5,5.5,44.3,1.4,3.6,40.2,1.0,1.2,79.8,2.5,1.2,1.0,0.2,0.5,0,0,后卫,13.074626865671641,4.477611940298507,2.149253731343283,58.18181818181819,60.55076310550762,0.6545454545454545,1.2,1.2,-0.5407894919355669,24.074074074074073,33.98897058823529,其他球员
小贾巴里·史密斯,前锋,74,35.0,15.7,5.7,12.6,45.2,2.3,6.2,36.6,2.0,2.6,77.8,6.9,1.9,0.8,0.9,1.4,14,0,前锋,16.148571428571426,7.097142857142857,1.954285714285714,54.36507936507936,57.11583236321304,0.4920634920634921,1.0,1.7000000000000002,0.3087265690784202,69.62962962962963,64.55729166666666,其他球员
杰登·哈迪,后卫,56,15.8,9.2,3.2,7.6,42.6,1.8,4.6,39.5,1.0,1.3,75.3,1.5,1.0,0.3,0.1,1.1,0,0,后卫,20.962025316455694,3.4177215189873418,2.2784810126582276,53.947368421052644,56.289769946157605,0.6052631578947368,0.625,0.4,-0.989252288535071,3.3333333333333335,19.301470588235293,其他球员
杰登·麦克丹尼尔斯,前锋,71,31.9,14.8,5.6,10.9,51.8,1.4,3.4,42.1,2.1,2.5,83.9,4.2,2.7,1.1,1.0,1.8,0,0,前锋,16.702194357366775,4.739811912225706,3.047021943573668,57.798165137614674,61.66666666666667,0.3119266055045871,1.173913043478261,2.1,0.41119359665923666,75.18518518518519,71.11979166666667,其他球员
小海梅·哈克斯,前锋,71,28.3,15.2,6.1,12.2,50.1,0.7,2.4,30.5,2.3,3.0,77.1,5.1,4.7,0.7,0.3,2.0,6,0,前锋,19.335689045936395,6.487632508833922,5.978798586572439,52.86885245901639,56.213017751479285,0.19672131147540983,1.8800000000000001,1.0,0.26020107685794414,66.66666666666666,60.15625,其他球员
杰克·拉拉维亚,前锋,77,24.9,8.3,3.0,6.4,46.2,0.9,3.0,32.0,1.4,1.8,76.8,3.9,1.8,1.2,0.5,1.0,1,0,前锋,12.000000000000002,5.638554216867471,2.602409638554217,53.90625,57.70300333704116,0.46875,1.2,1.7,-0.28527107695705656,38.88888888888889,43.35937499999999,其他球员
杰伦·布伦森,后卫,71,35.0,26.0,9.2,19.9,46.5,2.6,7.2,37.0,4.8,5.7,84.3,3.4,6.7,0.7,0.1,2.4,10,0,后卫,26.742857142857144,3.497142857142857,6.891428571428572,52.763819095477395,58.014994644769736,0.36180904522613067,2.310344827586207,0.7999999999999999,1.0813965049260534,92.96296296296296,73.93382352941177,巨星组
杰伦·杜伦,中锋,67,28.3,19.5,7.4,11.6,64.5,0.0,0.0,0.0,4.6,6.1,74.8,10.6,1.9,0.8,0.9,1.8,41,0,中锋,24.80565371024735,13.484098939929327,2.4169611307420493,63.793103448275865,68.25819098291795,0.0,0.8260869565217391,1.7000000000000002,0.8925870097836727,90.0,75.98684210526315,其他球员
杰伦·约翰逊,前锋,69,35.2,22.8,8.4,17.1,49.3,1.7,4.8,35.1,4.2,5.4,78.4,10.3,8.0,1.3,0.4,3.4,47,13,前锋,23.318181818181817,10.534090909090908,8.181818181818182,54.093567251461984,58.53357979051139,0.2807017543859649,2.0512820512820515,1.7000000000000002,1.556720661136759,98.51851851851852,86.95312500000001,巨星组
杰伦·皮克特,后卫,47,15.8,4.9,1.9,4.4,42.4,0.9,2.4,38.6,0.3,0.3,86.7,2.3,2.2,0.3,0.1,0.6,0,0,后卫,11.164556962025316,5.240506329113924,5.012658227848101,53.40909090909091,54.06001765225067,0.5454545454545454,2.0,0.4,-1.015396248031346,2.5925925925925926,17.33455882352941,其他球员
杰伦·史密斯,前锋,53,20.7,10.2,3.7,7.6,48.3,1.5,4.2,37.3,1.3,1.8,74.2,6.7,1.2,0.5,0.8,1.0,9,0,前锋,17.73913043478261,11.65217391304348,2.0869565217391304,58.55263157894738,60.7721639656816,0.5526315789473685,0.7999999999999999,1.3,-0.28995020719182485,38.51851851851852,43.671875,其他球员
杰伦·萨格斯,后卫,53,27.5,13.7,4.9,11.4,43.2,2.0,6.2,32.3,1.8,2.2,85.2,3.9,5.5,1.9,0.7,2.7,3,1,后卫,17.934545454545454,5.1054545454545455,7.2,51.75438596491229,55.38486416558861,0.543859649122807,1.71875,2.5999999999999996,0.5444800602729665,77.77777777777779,68.16176470588235,其他球员
贾马尔·默里,后卫,73,35.3,25.5,8.8,18.2,48.3,3.2,7.5,43.4,4.6,5.2,88.5,4.4,7.2,0.9,0.4,2.3,18,0,后卫,26.005665722379604,4.4872521246458925,7.342776203966006,57.14285714285715,62.23155017571261,0.4120879120879121,2.5714285714285716,1.3,1.4033768880617576,97.03703703703704,87.15073529411765,巨星组
贾马尔·谢德,后卫,78,22.6,6.7,2.3,6.2,36.6,1.0,3.2,31.9,1.2,1.5,78.4,1.8,5.4,1.0,0.2,1.3,2,0,后卫,10.672566371681416,2.867256637168141,8.601769911504425,45.16129032258064,48.8338192419825,0.5161290322580645,3.0,1.2,-0.41967877566528367,31.11111111111111,34.83455882352941,其他球员
詹姆斯·哈登,后卫,68,35.0,23.7,7.0,16.0,43.7,3.1,8.2,37.5,6.6,7.5,88.1,4.9,8.1,1.1,0.4,3.5,20,2,后卫,24.377142857142854,5.04,8.331428571428571,53.43750000000001,61.398963730569946,0.5125,2.025,1.5,1.3863063139826513,96.66666666666667,88.10661764705884,巨星组
贾雷斯·沃克,前锋,73,25.6,11.5,4.0,9.5,42.1,1.7,4.6,37.6,1.8,2.4,75.3,5.1,2.4,0.8,0.3,1.8,3,0,前锋,16.171875,7.171874999999999,3.3749999999999996,51.05263157894736,54.47139067828722,0.4842105263157894,1.0434782608695652,1.1,-0.26617830053023567,40.0,46.45833333333333,其他球员
贾里德·麦凯恩,后卫,63,17.3,8.2,3.0,7.1,42.0,1.5,3.8,38.7,0.8,0.9,87.3,2.1,1.3,0.5,0.1,0.8,0,0,后卫,17.0635838150289,4.369942196531793,2.7052023121387285,52.81690140845071,54.69583778014942,0.5352112676056338,1.0,0.6,-0.9182297147514935,5.555555555555555,19.246323529411764,其他球员
小贾伦·杰克逊,前锋,48,30.3,19.4,7.1,15.0,47.6,1.8,4.9,35.7,3.4,4.2,80.3,5.7,2.0,1.1,1.4,2.2,3,0,前锋,23.04950495049505,6.772277227722773,2.376237623762376,53.333333333333336,57.57359924026591,0.3266666666666667,0.7407407407407407,2.5,0.5099600338407775,77.03703703703704,67.29166666666667,其他球员
贾里德·范德比尔特,前锋,60,17.5,4.5,1.7,3.7,46.6,0.5,1.5,29.7,0.6,0.9,62.3,4.5,1.2,0.9,0.3,0.8,1,0,前锋,9.257142857142858,9.257142857142858,2.4685714285714284,52.702702702702695,54.931640625,0.4054054054054054,0.923076923076923,1.2,-0.8555700526796745,8.518518518518519,20.208333333333332,其他球员
贾勒特·阿伦,中锋,54,27.1,15.4,6.1,9.5,64.1,0.0,0.2,10.0,3.2,4.5,71.0,8.5,1.8,1.0,0.8,1.3,20,0,中锋,20.457564575645755,11.29151291512915,2.391143911439114,64.21052631578948,67.07317073170732,0.021052631578947368,1.0,1.8,0.5832072101742466,81.48148148148148,68.75,其他球员
贾文特·格林,后卫,78,17.6,6.8,2.2,5.0,44.3,1.1,3.0,37.3,1.2,1.5,83.6,2.7,0.7,1.2,0.3,0.6,1,0,后卫,13.909090909090907,5.5227272727272725,1.4318181818181817,55.00000000000001,60.070671378091866,0.6,0.6363636363636362,1.5,-0.6368996571065835,17.037037037037038,32.05882352941176,其他球员
贾克森·海斯,中锋,65,18.1,7.3,2.9,3.9,75.4,0.0,0.0,100.0,1.4,2.2,64.1,4.1,0.9,0.4,0.8,0.4,1,0,中锋,14.519337016574585,8.154696132596683,1.7900552486187844,74.35897435897436,74.9794576828266,0.0,1.0,1.2000000000000002,-0.23444704235243832,42.96296296296296,31.31578947368421,其他球员
杰伊·赫夫,中锋,78,20.8,9.4,3.5,7.4,47.2,1.4,4.6,31.7,1.0,1.2,81.9,3.8,1.4,0.5,1.8,0.9,1,0,中锋,16.26923076923077,6.576923076923076,2.423076923076923,56.75675675675676,59.28355196770938,0.6216216216216215,1.0,2.3,-0.3479587708834525,34.81481481481482,35.59210526315789,其他球员
杰伦·布朗,后卫,69,34.4,28.7,10.4,21.8,47.6,2.0,5.7,34.5,6.0,7.6,79.5,7.0,5.2,1.0,0.4,3.6,14,3,后卫,30.034883720930235,7.325581395348838,5.44186046511628,52.293577981651374,57.071269487750556,0.26146788990825687,1.2682926829268295,1.4,1.252035046408845,95.18518518518519,78.65808823529412,巨星组
杰伦·韦尔斯,前锋,69,26.4,12.5,4.4,10.1,43.1,1.9,5.3,35.3,1.9,2.5,78.4,3.2,1.6,0.9,0.1,1.1,0,0,前锋,17.045454545454547,4.363636363636364,2.181818181818182,52.97029702970298,55.80357142857143,0.5247524752475248,1.0,1.0,-0.3130506872392921,36.666666666666664,41.97916666666667,其他球员
杰林·威廉姆斯,前锋,63,19.8,7.4,2.3,5.5,42.2,1.5,4.0,38.3,1.2,1.5,79.3,5.5,2.4,0.5,0.7,1.1,6,0,前锋,13.454545454545455,10.0,4.363636363636363,55.45454545454545,60.064935064935064,0.7272727272727273,1.4999999999999998,1.2,-0.3750877990589042,32.96296296296296,43.385416666666664,其他球员
杰伦·泰森,后卫,64,27.0,13.1,5.0,10.0,49.6,2.0,4.5,45.5,1.2,1.6,74.3,5.1,2.2,0.8,0.4,1.5,7,0,后卫,17.466666666666665,6.8,2.9333333333333336,60.0,61.19207772795217,0.45,1.1,1.2000000000000002,0.05348772149997838,58.88888888888889,59.595588235294116,其他球员
杰拉米·格兰特,前锋,57,29.7,18.6,5.8,12.8,45.3,2.4,6.1,38.9,4.6,5.6,81.4,3.5,2.1,0.7,0.6,2.1,0,0,前锋,22.545454545454547,4.242424242424242,2.545454545454546,54.6875,60.92767295597484,0.47656249999999994,0.8076923076923077,1.2999999999999998,0.2577111544818021,66.2962962962963,60.41666666666667,其他球员
杰里迈亚·菲尔斯,后卫,79,25.2,13.4,5.0,11.6,42.9,1.2,3.6,34.2,2.2,2.7,78.7,3.6,3.3,1.1,0.4,2.2,2,0,后卫,19.142857142857146,5.142857142857142,4.714285714285714,48.275862068965516,52.392868314044414,0.3103448275862069,1.222222222222222,1.5,-0.12027456593404023,47.77777777777778,51.19485294117647,其他球员
杰里科·西姆斯,中锋,63,18.7,4.5,2.0,2.5,79.6,0.0,0.0,0.0,0.6,0.9,61.4,5.3,1.3,0.2,0.2,1.1,4,0,中锋,8.663101604278076,10.203208556149733,2.502673796791444,80.0,77.69337016574586,0.0,0.8125,0.4,-0.4007347164390522,31.48148148148148,26.25,其他球员
杰文·卡特,后卫,49,16.3,6.5,2.3,6.0,39.4,1.5,4.2,35.4,0.3,0.4,78.9,1.7,1.6,0.7,0.2,0.7,0,0,后卫,14.355828220858895,3.7546012269938647,3.5337423312883436,50.83333333333333,52.623056994818654,0.7000000000000001,1.3333333333333335,0.8999999999999999,-0.9787867944637223,4.074074074074074,16.691176470588236,其他球员
乔克·兰代尔,中锋,68,22.1,10.6,4.1,8.1,51.5,1.1,2.8,38.3,1.2,1.9,63.5,5.7,1.7,0.5,0.5,0.9,9,0,中锋,17.266968325791854,9.285067873303168,2.7692307692307687,57.407407407407405,59.31065353625783,0.345679012345679,1.2142857142857144,1.0,-0.296727377244589,37.407407407407405,39.73684210526316,其他球员
约翰·科林斯,前锋,65,27.4,13.7,5.3,9.6,55.6,1.3,3.2,41.8,1.8,2.2,78.6,5.2,1.0,0.9,0.7,1.3,3,0,前锋,18.0,6.832116788321168,1.3138686131386863,61.97916666666667,64.81831945495836,0.33333333333333337,0.5555555555555556,1.6,0.12912667264757055,60.74074074074074,57.23958333333334,其他球员
约翰·康查尔,后卫,53,19.1,4.2,1.6,3.4,46.9,0.5,1.7,27.5,0.5,0.8,70.0,4.0,1.8,1.4,0.6,0.6,1,0,后卫,7.9162303664921465,7.539267015706805,3.3926701570680624,54.41176470588236,55.97014925373135,0.5,1.6363636363636362,2.0,-0.5237764144640934,25.185185185185183,34.26470588235294,其他球员
乔丹·克拉克森,后卫,68,18.0,8.8,3.3,7.4,45.0,1.0,3.1,33.3,1.1,1.3,82.4,1.8,1.3,0.4,0.1,0.9,0,0,后卫,17.6,3.5999999999999996,2.6,51.35135135135135,55.19317611640743,0.4189189189189189,0.9285714285714287,0.5,-0.9098753409750262,5.9259259259259265,20.643382352941178,其他球员
乔丹·古德温,后卫,68,22.6,8.7,3.3,8.0,41.0,1.6,4.3,36.3,0.6,0.8,69.6,4.9,2.2,1.5,0.2,1.0,2,0,后卫,13.858407079646016,7.8053097345132745,3.504424778761062,51.24999999999999,52.08333333333333,0.5375,1.4666666666666668,1.7,-0.32872378256233986,35.55555555555556,42.279411764705884,其他球员
乔丹·米勒,后卫,56,21.7,9.8,3.5,6.6,52.7,0.6,1.8,34.0,2.2,2.9,76.4,3.0,2.2,0.8,0.2,1.1,1,0,后卫,16.258064516129032,4.976958525345622,3.6497695852534564,57.57575757575758,62.21432199085831,0.27272727272727276,1.375,1.0,-0.27109340703206486,39.25925925925926,46.3235294117647,其他球员
乔丹·沃尔什,后卫,64,17.5,5.2,2.0,3.8,51.2,0.7,1.8,38.4,0.6,0.8,75.5,4.0,0.8,0.7,0.5,0.5,2,0,后卫,10.697142857142858,8.228571428571428,1.6457142857142857,61.8421052631579,62.6204238921002,0.4736842105263158,0.8,1.2,-0.6777353877448568,14.814814814814813,32.07720588235294,其他球员
何塞·阿尔瓦拉多,后卫,67,19.7,7.2,2.6,6.4,41.5,1.4,4.1,34.9,0.5,0.6,80.0,2.4,3.4,1.0,0.1,1.1,1,0,后卫,13.157360406091371,4.385786802030457,6.213197969543147,51.562499999999986,54.02160864345738,0.6406249999999999,2.125,1.1,-0.5106733680816494,25.555555555555554,33.3639705882353,其他球员
约什·吉迪,后卫,54,32.1,17.0,5.9,13.3,44.8,1.9,5.2,36.4,3.2,4.2,76.3,8.3,9.1,1.0,0.5,3.6,28,13,后卫,19.06542056074766,9.30841121495327,10.205607476635512,51.50375939849624,56.11301822022708,0.39097744360902253,2.2195121951219514,1.5,1.024193284202159,91.48148148148148,77.48161764705881,巨星组
约什·格林,后卫,55,16.0,4.4,1.5,3.2,45.8,1.0,2.4,41.8,0.5,0.5,89.3,1.8,0.9,0.6,0.1,0.6,0,0,后卫,9.9,4.05,2.025,62.5,64.32748538011695,0.7499999999999999,0.8181818181818181,0.7,-0.8627912536248722,8.148148148148149,20.055147058823533,其他球员
约什·哈特,后卫,63,30.1,12.1,4.6,9.1,50.7,1.5,3.7,40.9,1.4,1.9,72.3,7.6,4.9,1.1,0.3,1.9,13,2,后卫,14.47176079734219,9.08970099667774,5.8604651162790695,58.791208791208796,60.88969404186796,0.40659340659340665,2.041666666666667,1.4000000000000001,0.547487240628413,78.14814814814814,71.15808823529412,其他球员
约什·米诺特,前锋,49,17.0,7.4,2.6,5.1,50.0,1.3,3.1,41.8,1.0,1.2,78.7,3.2,0.9,0.9,0.5,0.9,1,0,前锋,15.670588235294119,6.776470588235294,1.9058823529411764,63.72549019607844,65.74271499644634,0.607843137254902,0.6428571428571429,1.4,-0.4603593355978258,28.51851851851852,33.177083333333336,其他球员
约什·奥科吉,后卫,74,17.2,4.6,1.6,3.7,43.8,0.8,2.0,39.7,0.5,0.9,58.5,2.4,0.8,0.8,0.2,0.5,1,0,后卫,9.627906976744185,5.023255813953488,1.6744186046511629,54.05405405405405,56.15234375,0.5405405405405405,0.8,1.0,-1.0007885630504638,2.9629629629629632,17.077205882352942,其他球员
朱·霍勒迪,后卫,49,29.1,16.3,6.1,13.2,45.8,2.6,6.8,38.9,1.6,1.9,83.0,4.5,6.1,1.1,0.1,2.8,7,0,后卫,20.16494845360825,5.56701030927835,7.546391752577319,56.060606060606055,58.06497577657452,0.5151515151515151,1.8484848484848484,1.2000000000000002,0.5655033821698323,80.0,70.88235294117646,其他球员
朱利安·尚帕尼,前锋,78,27.7,11.3,3.7,8.5,43.7,2.5,6.4,38.6,1.4,1.7,84.1,5.8,1.5,0.8,0.4,0.9,7,0,前锋,14.68592057761733,7.537906137184115,1.9494584837545126,58.235294117647065,61.09429065743945,0.7529411764705882,1.0714285714285714,1.2000000000000002,-0.05645082863124315,53.333333333333336,54.0625,其他球员
朱利叶斯·兰德尔,前锋,78,33.1,21.1,7.4,15.3,48.2,1.4,4.3,31.3,5.0,6.3,80.0,6.8,5.1,1.1,0.2,2.8,15,3,前锋,22.948640483383684,7.3957703927492435,5.546827794561933,52.94117647058824,58.37760070827801,0.28104575163398693,1.5454545454545454,1.3,0.8975058882157759,90.37037037037037,79.0625,巨星组
贾斯廷·尚帕尼,前锋,66,19.7,8.6,3.3,6.5,51.4,0.7,2.2,32.7,1.2,1.5,78.4,5.5,1.2,0.8,0.6,0.6,4,0,前锋,15.715736040609135,10.050761421319796,2.1928934010152283,56.15384615384615,60.05586592178771,0.3384615384615385,1.0909090909090908,1.4,-0.3767884858049597,32.592592592592595,40.20833333333333,其他球员
贾斯廷·爱德华兹,前锋,60,15.3,6.0,2.2,4.9,44.9,1.0,2.8,36.7,0.6,0.7,84.6,1.5,1.3,0.8,0.2,0.6,0,0,前锋,14.117647058823529,3.5294117647058822,3.058823529411765,55.10204081632652,57.6036866359447,0.5714285714285714,1.1818181818181817,1.0,-0.8811184224635336,7.777777777777778,20.729166666666668,其他球员
卡尔-安东尼·唐斯,中锋,72,31.0,20.1,6.9,13.8,49.6,1.5,4.1,36.8,4.8,5.7,85.5,11.9,2.9,0.8,0.5,2.5,53,1,中锋,23.34193548387097,13.819354838709678,3.367741935483871,55.434782608695656,61.626195732156,0.29710144927536225,0.9666666666666667,1.3,0.8506954597020757,88.51851851851852,75.4605263157895,其他球员
卡斯帕拉斯·亚库乔尼斯,后卫,49,17.8,6.2,1.9,4.6,42.4,1.2,3.0,41.8,1.1,1.2,88.3,2.6,2.6,0.6,0.1,1.0,0,0,后卫,12.53932584269663,5.258426966292135,5.258426966292135,54.34782608695653,60.45241809672387,0.6521739130434783,1.7333333333333334,0.7,-0.6016560693267502,21.11111111111111,31.801470588235293,其他球员
科怀·伦纳德,前锋,62,32.0,28.0,9.8,19.4,50.5,2.6,6.9,38.4,5.8,6.5,90.0,6.3,3.6,1.9,0.4,2.0,5,0,前锋,31.5,7.0874999999999995,4.05,57.216494845360835,62.8930817610063,0.3556701030927836,1.44,2.3,1.4765654984717174,97.77777777777777,88.28125,巨星组
凯尔埃尔·韦尔,中锋,73,22.2,11.1,4.5,8.5,52.9,1.2,3.0,38.4,1.0,1.3,75.5,9.1,0.7,0.8,1.1,0.8,24,0,中锋,18.0,14.756756756756756,1.135135135135135,60.0,61.177248677248684,0.35294117647058826,0.5384615384615384,1.9000000000000001,-0.03165076182273273,54.81481481481482,44.276315789473685,其他球员
凯尔登·约翰逊,前锋,78,23.2,13.0,5.0,9.5,52.5,1.2,3.3,37.3,1.8,2.2,79.8,5.3,1.4,0.5,0.1,0.8,5,0,前锋,20.17241379310345,8.224137931034482,2.1724137931034484,58.94736842105262,62.09400076423386,0.34736842105263155,1.0769230769230769,0.6,-0.17456746630232645,45.925925925925924,47.786458333333336,其他球员
肯塔维厄斯·考德威尔-波普,后卫,51,21.3,8.4,2.9,7.2,41.0,1.1,3.4,31.6,1.4,1.6,91.3,2.5,2.7,0.8,0.2,1.2,0,0,后卫,14.19718309859155,4.225352112676056,4.563380281690141,47.91666666666667,53.137651821862356,0.4722222222222222,1.5882352941176472,1.0,-0.5986440875076076,21.48148148148148,32.94117647058823,其他球员
基翁·埃利斯,后卫,69,20.4,6.6,2.3,5.3,43.8,1.3,3.5,36.3,0.7,0.9,72.3,1.9,0.9,1.2,0.7,0.6,0,0,后卫,11.647058823529413,3.352941176470588,1.5882352941176472,55.660377358490564,57.93539325842697,0.6603773584905661,0.8181818181818181,1.9,-0.6187724163692288,18.51851851851852,29.65073529411765,其他球员
凯文·杜兰特,前锋,75,36.4,25.9,9.1,17.6,51.9,2.4,5.8,41.0,5.2,6.0,87.7,5.4,4.8,0.8,0.9,3.2,7,0,前锋,25.615384615384617,5.340659340659341,4.747252747252747,58.52272727272726,63.98221343873517,0.32954545454545453,1.2972972972972971,1.7000000000000002,1.2566840778315964,95.55555555555556,86.015625,巨星组
凯文·赫尔特,后卫,66,22.4,9.9,3.9,8.6,45.0,1.4,4.7,30.2,0.8,1.0,76.8,3.5,2.5,0.8,0.5,1.0,1,0,后卫,15.910714285714288,5.625,4.017857142857143,53.48837209302325,54.756637168141594,0.5465116279069768,1.6666666666666667,1.3,-0.3769267900240525,32.22222222222222,44.13602941176471,其他球员
基扬特·乔治,后卫,54,33.1,23.6,7.4,16.3,45.6,2.5,6.7,37.1,6.2,7.0,89.2,3.7,6.1,1.1,0.3,3.1,4,0,后卫,25.667673716012086,4.024169184290031,6.634441087613292,53.06748466257669,60.8875128998968,0.4110429447852761,1.6944444444444442,1.4000000000000001,1.0688327459504787,92.5925925925926,80.75367647058825,巨星组
克里斯·米德尔顿,前锋,58,23.3,10.4,3.7,8.9,42.0,1.1,3.0,35.1,1.9,2.2,86.7,3.8,2.9,0.7,0.2,1.8,2,0,前锋,16.068669527896997,5.871244635193132,4.480686695278969,47.752808988764045,52.695581678151605,0.33707865168539325,1.2608695652173914,0.8999999999999999,-0.4594820854203869,28.888888888888886,40.651041666666664,其他球员
克莱·汤普森,后卫,66,21.8,11.8,4.2,10.5,39.5,2.9,7.6,38.6,0.5,0.7,75.6,2.1,1.4,0.5,0.3,0.9,0,0,后卫,19.486238532110093,3.467889908256881,2.311926605504587,53.80952380952382,54.589193190229466,0.7238095238095238,1.0,0.8,-0.6270366081420169,17.77777777777778,31.580882352941167,其他球员
科比·布朗,后卫,58,15.3,5.6,2.0,4.3,46.6,0.8,2.2,37.0,0.8,1.0,80.4,2.9,1.3,0.3,0.2,0.8,0,0,后卫,13.176470588235293,6.823529411764705,3.058823529411765,55.81395348837209,59.0717299578059,0.5116279069767442,1.0,0.5,-0.9544950960708455,4.814814814814815,21.96691176470588,其他球员
科比·桑德斯,后卫,64,19.8,7.1,2.6,5.6,46.3,1.1,2.8,40.8,0.8,1.0,80.3,2.2,1.6,0.7,0.1,1.2,0,0,后卫,12.909090909090908,4.0,2.909090909090909,56.250000000000014,58.774834437086085,0.5,0.9411764705882354,0.7999999999999999,-0.7185131035009474,12.962962962962962,26.360294117647058,其他球员
康·克努佩尔,后卫,78,31.5,18.7,6.4,13.4,48.1,3.4,7.9,43.0,2.5,2.9,86.2,5.3,3.4,0.7,0.2,2.0,7,0,后卫,21.37142857142857,6.057142857142857,3.8857142857142852,60.447761194029844,63.70945761787953,0.5895522388059702,1.3599999999999999,0.8999999999999999,0.5723273848915457,80.37037037037037,72.15073529411764,其他球员
克里斯·邓恩,后卫,78,27.3,7.5,2.8,5.9,48.3,1.0,2.6,38.2,0.8,1.0,76.5,3.3,3.6,1.6,0.2,1.3,0,0,后卫,9.89010989010989,4.351648351648351,4.747252747252747,55.932203389830505,59.14826498422712,0.4406779661016949,2.0,1.8,0.035494993413912344,58.14814814814815,53.49264705882352,其他球员
克里斯·默里,前锋,53,23.6,5.8,2.3,5.0,45.7,0.6,2.2,26.5,0.7,1.0,70.6,3.7,1.4,0.9,0.4,0.8,0,0,前锋,8.847457627118644,5.6440677966101696,2.1355932203389827,51.99999999999999,53.30882352941176,0.44000000000000006,1.0769230769230769,1.3,-0.7284814007817942,12.592592592592592,25.755208333333336,其他球员
凯尔·菲利波夫斯基,前锋,76,23.5,11.4,4.2,8.5,49.4,1.0,2.9,32.6,2.1,2.8,74.8,7.2,2.5,1.0,0.5,1.6,13,0,前锋,17.463829787234044,11.029787234042553,3.8297872340425534,55.294117647058826,58.56966707768188,0.3411764705882353,1.1904761904761905,1.5,0.025357497731032318,57.407407407407405,60.234375,其他球员
凯尔·库兹马,前锋,68,26.3,13.1,4.9,10.1,49.1,1.2,3.5,34.5,2.0,2.7,72.4,4.6,2.6,0.7,0.4,1.7,4,0,前锋,17.931558935361213,6.2965779467680605,3.5589353612167303,54.45544554455446,58.02622253720765,0.34653465346534656,1.1818181818181817,1.1,-0.07112090510909007,51.11111111111111,53.41145833333333,其他球员
凯肖恩·乔治,前锋,48,29.0,14.8,5.3,12.0,43.8,2.1,5.4,38.1,2.2,2.7,80.2,5.1,4.5,1.0,0.9,2.6,3,0,前锋,18.37241379310345,6.3310344827586205,5.586206896551724,52.916666666666664,56.111616621170754,0.45,1.4516129032258065,1.9,0.35789189022605766,72.5925925925926,66.09375,其他球员
拉梅洛·鲍尔,后卫,69,27.8,19.8,7.0,17.1,40.6,3.7,10.0,36.8,2.1,2.4,89.2,4.8,7.2,1.2,0.2,2.7,10,1,后卫,25.640287769784173,6.215827338129496,9.323741007194243,51.754385964912274,54.52742894910772,0.5847953216374269,2.25,1.4,0.7919739841696154,87.4074074074074,73.06985294117646,其他球员
兰德里·沙梅特,后卫,48,23.0,9.6,3.2,7.3,44.2,2.1,5.3,39.4,1.1,1.5,71.6,1.9,1.4,0.6,0.2,0.6,0,0,后卫,15.026086956521738,2.9739130434782606,2.1913043478260867,58.21917808219178,60.30150753768844,0.726027397260274,1.2727272727272725,0.8,-0.5042702062088739,25.925925925925924,35.82720588235294,其他球员
勒布朗·詹姆斯,前锋,56,33.4,20.6,7.8,15.2,51.1,1.3,4.1,31.3,3.8,5.2,74.4,6.0,6.9,1.1,0.6,2.9,14,3,前锋,22.20359281437126,6.467065868263473,7.437125748502995,55.59210526315789,58.89752973467522,0.26973684210526316,2.0294117647058827,1.7000000000000002,1.1002730786112525,93.33333333333333,82.86458333333333,巨星组
吕冈茨·多尔特,后卫,65,27.2,8.5,3.0,7.7,38.5,1.9,5.4,34.2,0.7,0.9,75.9,3.7,1.2,0.8,0.4,0.8,0,0,后卫,11.25,4.897058823529412,1.588235294117647,51.298701298701296,52.49505928853755,0.7012987012987013,0.923076923076923,1.2000000000000002,-0.6147884421749691,19.25925925925926,33.14338235294118,其他球员
卢卡·东契奇,后卫,64,35.8,33.5,10.8,22.8,47.6,4.0,10.8,36.6,7.9,10.1,78.0,7.7,8.3,1.6,0.5,4.0,34,8,后卫,33.68715083798883,7.743016759776537,8.3463687150838,56.14035087719298,61.48142710321539,0.4736842105263158,1.8444444444444446,2.1,1.9492588736490584,99.62962962962963,94.57720588235296,巨星组
卢卡·加尔扎,中锋,67,15.9,7.7,2.8,4.9,58.3,0.8,1.8,44.1,1.3,1.6,76.4,3.9,0.9,0.4,0.4,0.6,1,0,中锋,17.433962264150942,8.830188679245284,2.0377358490566038,65.3061224489796,68.70092790863669,0.36734693877551017,0.8181818181818181,0.8,-0.4824448369226425,27.40740740740741,28.486842105263158,其他球员
卢克·肯纳德,后卫,73,21.2,8.1,2.9,5.4,54.2,1.5,3.2,48.7,0.7,0.7,92.6,2.2,1.9,0.6,0.1,0.7,0,0,后卫,13.754716981132074,3.7358490566037736,3.226415094339622,67.59259259259258,70.95304835318849,0.5925925925925926,1.5833333333333333,0.7,-0.2037363478195523,44.074074074074076,36.3235294117647,其他球员
卢克·科内特,中锋,65,21.0,6.5,2.5,4.0,64.0,0.0,0.0,0.0,1.4,1.7,82.1,6.1,1.8,0.4,1.0,0.4,3,0,中锋,11.142857142857142,10.457142857142857,3.0857142857142854,62.5,68.44987363100252,0.0,2.0,1.4,-0.10127521758329558,49.629629629629626,41.973684210526315,其他球员
马利克·蒙克,后卫,60,22.4,12.6,4.5,10.4,43.5,2.0,5.2,39.2,1.6,1.8,87.8,1.9,3.1,0.6,0.4,1.5,0,0,后卫,20.25,3.0535714285714284,4.982142857142858,52.88461538461539,56.29020729092209,0.5,1.55,1.0,-0.2987774122847924,37.03703703703704,43.89705882352941,其他球员
马库斯·斯马特,后卫,60,28.8,9.5,3.1,7.7,39.9,1.6,4.8,33.6,1.7,2.1,81.6,2.8,2.8,1.4,0.4,1.5,0,0,后卫,11.875,3.5,3.5,50.64935064935065,55.07884972170686,0.6233766233766234,1.4,1.7999999999999998,-0.1435437101167365,47.40740740740741,48.89705882352941,其他球员
马克·威廉姆斯,中锋,58,23.6,11.6,4.7,7.4,63.9,0.0,0.0,100.0,2.2,2.8,77.0,8.0,1.0,0.9,0.9,1.1,14,0,中锋,17.694915254237287,12.203389830508474,1.5254237288135593,63.51351351351351,67.19184430027804,0.0,0.625,1.8,0.19307590389457602,63.70370370370371,51.31578947368421,其他球员
马文·巴格利三世,前锋,56,20.0,10.3,4.2,6.8,61.6,0.3,0.8,45.2,1.6,2.5,65.2,6.1,1.4,0.5,0.7,1.1,6,0,前锋,18.54,10.98,2.52,63.97058823529412,65.18987341772153,0.11764705882352942,0.8749999999999999,1.2,-0.17443377358465834,46.2962962962963,48.56770833333333,其他球员
马塔斯·布泽利斯,前锋,76,29.2,16.3,5.8,12.4,46.5,2.3,6.4,35.6,2.4,3.1,78.7,5.8,2.0,0.7,1.5,2.1,4,0,前锋,20.09589041095891,7.150684931506849,2.4657534246575343,56.048387096774185,59.21243824469631,0.5161290322580645,0.7692307692307692,2.2,0.2873857271527218,69.25925925925925,63.04687500000001,其他球员
马克斯·克里斯蒂,后卫,72,29.4,12.2,4.2,9.5,44.3,2.3,5.8,40.5,1.5,1.7,89.2,3.3,2.0,0.6,0.3,1.3,0,0,后卫,14.938775510204081,4.040816326530613,2.4489795918367347,56.315789473684205,59.523809523809526,0.6105263157894737,1.1111111111111112,0.8999999999999999,-0.1736624898149955,46.666666666666664,50.22058823529412,其他球员
马克西姆·雷诺,中锋,71,26.2,12.1,5.1,8.9,56.7,0.3,0.9,29.2,1.7,2.2,78.2,7.5,1.3,0.5,0.5,1.2,18,0,中锋,16.62595419847328,10.305343511450381,1.7862595419847331,58.98876404494382,61.30928252938792,0.10112359550561797,0.7647058823529412,1.0,-0.0770436819877357,50.37037037037037,46.44736842105263,其他球员
小迈克尔·波特,前锋,52,32.5,24.2,8.5,18.4,46.3,3.4,9.3,36.3,3.8,4.4,85.9,7.1,3.0,1.1,0.3,2.3,12,0,前锋,26.806153846153844,7.864615384615385,3.3230769230769233,55.434782608695656,59.50039339103069,0.5054347826086957,1.0714285714285714,1.4000000000000001,0.8900912157641823,89.62962962962962,79.27083333333334,其他球员
米卡尔·布里奇斯,后卫,78,33.3,14.7,5.8,12.0,48.7,1.9,5.3,37.1,1.0,1.2,83.2,3.9,3.8,1.3,0.8,1.1,1,0,后卫,15.891891891891891,4.216216216216217,4.108108108108108,56.25,58.66858237547892,0.44166666666666665,2.3749999999999996,2.1,0.5564788218564302,79.25925925925927,73.87867647058823,其他球员
迈克·康利,后卫,52,18.2,4.4,1.3,4.0,32.0,1.0,3.1,32.1,0.9,1.0,90.0,1.7,2.9,0.6,0.3,0.6,0,0,后卫,8.703296703296704,3.3626373626373627,5.736263736263736,45.0,49.549549549549546,0.775,2.6363636363636362,0.8999999999999999,-0.9392378724235321,5.185185185185185,20.0,其他球员
迈尔斯·布里奇斯,前锋,74,31.2,17.4,6.3,13.8,46.0,2.0,5.9,33.6,2.7,3.3,83.1,5.8,3.2,0.6,0.4,1.4,7,0,前锋,20.076923076923077,6.692307692307692,3.6923076923076925,52.89855072463767,57.04169944925255,0.427536231884058,1.6842105263157896,1.0,0.32274802548556786,70.74074074074073,65.13020833333333,其他球员
米切尔·罗宾逊,中锋,58,19.6,5.6,2.4,3.4,72.4,0.0,0.0,0.0,0.7,1.7,40.6,8.7,0.9,0.9,1.1,0.7,6,0,中锋,10.285714285714285,15.979591836734691,1.6530612244897958,70.58823529411765,67.50241080038573,0.0,0.75,2.0,-0.10980470919601157,49.25925925925926,38.0921052631579,其他球员
摩西·穆迪,后卫,60,25.7,12.1,4.1,9.3,44.0,2.5,6.3,40.1,1.5,1.9,77.0,3.3,1.6,1.0,0.6,1.0,0,0,后卫,16.94941634241245,4.6225680933852145,2.2412451361867705,57.5268817204301,59.688239936858714,0.6774193548387096,1.0666666666666667,1.6,-0.11865793296703941,48.148148148148145,52.058823529411754,其他球员
穆罕默德·盖耶,前锋,74,15.4,4.5,1.7,3.8,45.4,0.5,1.7,30.6,0.5,0.8,64.5,3.6,0.9,0.8,0.5,0.4,3,0,前锋,10.519480519480519,8.415584415584416,2.103896103896104,51.31578947368421,54.190751445086704,0.4473684210526316,1.0,1.3,-0.9788638743984598,3.7037037037037033,15.859375,其他球员
穆萨·迪亚巴特,前锋,70,25.9,8.0,3.2,5.0,63.2,0.0,0.0,50.0,1.6,2.5,66.3,8.8,1.9,0.8,1.0,1.0,20,0,前锋,11.11969111969112,12.231660231660232,2.6409266409266405,64.0,65.57377049180329,0.0,1.2666666666666666,1.8,0.15275968759034342,61.85185185185185,55.494791666666664,其他球员
迈尔斯·特纳,中锋,70,26.9,11.9,4.0,9.1,43.8,2.1,5.4,38.5,1.9,2.5,74.4,5.3,1.4,0.7,1.6,1.2,4,0,中锋,15.92565055762082,7.092936802973977,1.8736059479553904,55.494505494505496,58.333333333333336,0.5934065934065935,0.8235294117647058,2.3,-0.05830768666504293,52.96296296296297,47.171052631578945,其他球员
纳奎恩·汤姆林,前锋,61,15.2,5.5,2.2,4.7,47.0,0.4,1.7,21.0,0.7,0.9,75.0,2.7,0.7,0.6,0.5,0.4,0,0,前锋,13.026315789473685,6.394736842105264,1.6578947368421053,51.06382978723405,53.96389324960753,0.36170212765957444,0.7777777777777777,1.1,-1.073506906812631,1.8518518518518516,9.999999999999998,其他球员
纳吉·马绍尔,前锋,72,29.6,15.4,5.7,11.1,51.2,0.9,2.9,29.5,3.1,4.1,76.5,4.7,3.3,1.1,0.1,1.6,2,0,前锋,18.72972972972973,5.716216216216217,4.013513513513513,55.4054054054054,59.671419714817105,0.26126126126126126,1.5714285714285712,1.2000000000000002,0.3329891838565177,71.48148148148148,68.671875,其他球员
纳兹·里德,中锋,75,26.1,13.5,5.1,11.3,45.2,2.1,5.8,36.1,1.2,1.6,73.3,6.3,2.2,0.9,1.0,1.6,6,0,中锋,18.620689655172413,8.689655172413792,3.0344827586206895,54.424778761061944,56.23125624791735,0.5132743362831858,1.0476190476190477,1.9,0.057749410323185174,59.25925925925925,58.026315789473685,其他球员
尼米亚斯·科塔,中锋,73,25.5,10.2,4.3,6.6,64.8,0.0,0.1,0.0,1.7,2.4,69.9,8.4,1.6,0.8,1.3,1.0,16,0,中锋,14.4,11.858823529411765,2.2588235294117647,65.15151515151516,66.61442006269593,0.015151515151515154,1.0666666666666667,2.1,0.26685074352441884,67.4074074074074,54.4078947368421,其他球员
尼克·克拉克斯顿,中锋,69,27.8,11.7,4.8,8.4,57.1,0.0,0.3,15.8,2.0,3.3,61.6,6.9,3.7,0.7,1.1,1.4,11,2,中锋,15.151079136690647,8.93525179856115,4.7913669064748206,57.14285714285714,59.378806333739334,0.03571428571428571,1.9473684210526319,1.8,0.2833863078317937,68.88888888888889,60.986842105263165,其他球员
尼基尔·亚历山大-沃克,后卫,75,33.2,20.6,6.9,15.3,45.4,3.2,8.0,39.4,3.6,4.0,90.0,3.5,3.7,1.3,0.5,2.1,2,0,后卫,22.33734939759036,3.795180722891566,4.0120481927710845,55.55555555555556,60.375146541617816,0.5228758169934641,1.4230769230769231,1.8,0.7552052385504913,85.18518518518519,76.28676470588235,其他球员
尼古拉斯·巴图姆,前锋,71,17.8,4.0,1.3,3.3,39.8,1.2,3.1,39.8,0.1,0.2,81.8,2.5,0.9,0.7,0.3,0.5,0,0,前锋,8.089887640449438,5.056179775280898,1.8202247191011234,57.57575757575758,59.031877213695395,0.9393939393939394,0.9,1.0,-0.9056609009752176,6.296296296296296,17.1875,其他球员
尼古拉·约基奇,中锋,62,35.0,27.9,10.0,17.4,57.1,1.8,4.6,38.3,6.2,7.5,82.7,12.9,10.9,1.4,0.8,3.8,53,32,中锋,28.697142857142858,13.268571428571429,11.211428571428572,62.64367816091955,67.3913043478261,0.26436781609195403,2.5348837209302326,2.2,2.3223717491290614,100.0,93.15789473684211,巨星组
尼古拉·约维奇,前锋,47,17.2,7.3,2.4,6.7,36.6,1.0,3.6,26.9,1.5,2.1,68.3,3.3,2.2,0.6,0.4,1.4,0,0,前锋,15.279069767441861,6.906976744186046,4.604651162790698,43.28358208955223,47.87513116474291,0.5373134328358209,1.1578947368421053,1.0,-0.9570212487766673,4.444444444444445,23.255208333333336,其他球员
尼古拉·武切维奇,中锋,61,28.7,15.4,6.3,12.7,49.5,1.6,4.2,37.0,1.2,1.5,83.5,8.5,3.3,0.6,0.7,1.3,23,0,中锋,19.317073170731707,10.662020905923345,4.139372822299651,55.90551181102362,57.63473053892216,0.33070866141732286,1.8333333333333333,1.2999999999999998,0.3817282948516082,74.44444444444444,64.67105263157895,其他球员
尼克·克利福德,后卫,72,24.6,8.2,3.2,7.7,41.4,1.0,3.1,33.6,0.8,1.1,68.8,3.7,2.3,0.9,0.3,1.5,0,0,后卫,11.999999999999998,5.414634146341464,3.3658536585365852,48.05194805194805,50.097751710654926,0.4025974025974026,1.15,1.2,-0.6230026911057424,18.14814814814815,35.055147058823536,其他球员
诺阿·克洛尼,前锋,66,27.0,12.3,3.8,9.6,39.6,2.0,5.9,32.9,2.7,3.4,80.4,4.1,1.6,0.8,0.7,1.5,1,0,前锋,16.400000000000002,5.466666666666667,2.1333333333333333,50.0,55.4253785147801,0.6145833333333334,0.8,1.5,-0.2546307763167972,40.370370370370374,44.84375,其他球员
诺兰·特拉奥雷,后卫,54,22.6,8.9,3.2,8.6,37.8,1.1,3.4,32.4,1.3,1.7,78.0,1.7,3.9,0.8,0.4,2.3,1,0,后卫,14.176991150442479,2.7079646017699113,6.212389380530973,43.604651162790695,47.60376551133933,0.3953488372093023,1.392857142857143,1.2000000000000002,-0.6355242214162218,17.40740740740741,34.797794117647065,其他球员
诺曼·鲍威尔,后卫,55,30.1,22.1,7.4,15.7,47.3,2.7,7.1,38.4,4.5,5.5,82.5,3.6,2.6,1.1,0.3,1.9,1,0,后卫,26.431893687707642,4.305647840531561,3.1096345514950166,55.73248407643312,60.98233995584991,0.45222929936305734,1.0833333333333335,1.4000000000000001,0.594904793830265,81.85185185185185,70.53308823529412,其他球员
奥柴·阿巴吉,后卫,62,15.7,5.1,2.0,4.5,43.6,0.5,2.1,26.6,0.6,0.7,83.7,2.3,0.8,0.4,0.3,0.5,0,0,后卫,11.694267515923567,5.273885350318471,1.8343949044585988,50.0,53.036605657237935,0.4666666666666667,0.8,0.7,-1.2101148826903085,0.7407407407407408,10.661764705882353,其他球员
欧吉·阿奴诺比,前锋,64,33.4,16.9,5.9,12.1,48.6,2.3,6.0,38.8,2.8,3.4,82.3,5.3,2.2,1.6,0.7,1.9,5,0,前锋,18.21556886227545,5.712574850299401,2.37125748502994,58.26446280991736,62.150632538982045,0.49586776859504134,0.9166666666666667,2.3,0.6546222382508506,83.7037037037037,75.02604166666666,其他球员
奥利维耶-马克桑斯·普罗斯珀,前锋,52,18.5,9.7,3.5,6.5,53.8,1.1,2.8,39.2,1.7,2.2,76.1,3.5,1.0,0.8,0.3,0.9,1,0,前锋,18.875675675675677,6.8108108108108105,1.945945945945946,62.30769230769231,64.94376004284949,0.43076923076923074,0.7142857142857143,1.1,-0.36918373546152233,33.33333333333333,36.79687499999999,其他球员
奥涅卡·奥孔古,前锋,71,31.0,15.4,5.6,11.7,48.2,2.0,5.2,37.9,2.1,2.8,75.5,7.7,3.2,1.1,1.1,1.7,16,0,前锋,17.883870967741935,8.941935483870967,3.7161290322580647,56.41025641025641,59.542220847510066,0.4444444444444445,1.4545454545454546,2.2,0.6004589043857195,82.5925925925926,78.22916666666667,其他球员
奥索·伊戈达罗,前锋,78,22.3,6.5,2.9,4.5,65.4,0.0,0.0,0.0,0.7,1.4,45.1,5.1,2.3,0.9,0.7,1.2,4,0,前锋,10.493273542600896,8.233183856502242,3.7130044843049324,64.44444444444444,63.52619233776389,0.0,1.352941176470588,1.6,-0.18989773799207635,45.18518518518518,48.125,其他球员
乌斯曼·吉昂,前锋,53,18.2,7.2,2.8,6.6,42.4,1.1,3.1,36.4,0.5,0.7,72.2,2.9,2.1,0.4,0.3,1.0,4,0,前锋,14.241758241758241,5.736263736263736,4.153846153846154,50.75757575757576,52.11349160393747,0.4696969696969697,1.4000000000000001,0.7,-0.899368081101648,6.666666666666667,21.40625,其他球员
皮杰·华盛顿,前锋,55,31.0,14.1,5.3,11.8,44.8,1.3,4.1,32.0,2.3,3.3,68.7,7.1,1.8,1.0,1.1,1.7,8,0,前锋,16.374193548387094,8.24516129032258,2.0903225806451613,50.42372881355932,53.19951705402958,0.34745762711864403,0.8181818181818181,2.1,0.1028056527604215,60.0,58.75,其他球员
保罗·班凯罗,前锋,68,34.9,22.2,7.3,16.1,45.7,1.2,3.9,30.8,6.4,8.2,77.4,8.4,5.1,0.7,0.6,3.1,25,2,前锋,22.89971346704871,8.664756446991404,5.260744985673353,49.06832298136645,56.32230566267504,0.24223602484472048,1.4166666666666665,1.2999999999999998,0.9146268357722406,90.74074074074075,75.28645833333334,巨星组
帕斯卡尔·西亚卡姆,前锋,62,33.2,24.0,9.0,18.6,48.4,1.7,4.7,35.8,4.2,6.1,69.3,6.6,3.8,1.1,0.4,2.2,10,0,前锋,26.024096385542165,7.156626506024096,4.120481927710842,52.956989247311824,56.38037962788949,0.25268817204301075,1.4074074074074072,1.5,0.8797255386590279,89.25925925925927,77.34374999999999,其他球员
帕特·斯潘塞,后卫,62,18.0,7.1,2.8,6.4,43.3,0.9,2.4,36.0,0.7,0.9,78.2,2.4,3.5,0.7,0.1,1.3,1,0,后卫,14.2,4.8,7.0,50.78125,52.2366097704532,0.37499999999999994,1.9444444444444444,0.7999999999999999,-0.698809210486707,13.703703703703704,26.966911764705884,其他球员
帕特里克·威廉姆斯,前锋,68,19.7,6.6,2.4,6.4,36.9,1.2,3.6,34.0,0.7,1.0,68.2,2.8,1.3,0.6,0.3,1.0,0,0,前锋,12.060913705583756,5.116751269035533,2.375634517766498,46.875,48.24561403508771,0.5625,0.8666666666666667,0.8999999999999999,-1.085690224575058,1.4814814814814816,14.322916666666664,其他球员
佩顿·普里查德,后卫,76,32.4,17.0,6.4,13.8,46.2,2.6,7.1,37.2,1.6,1.8,88.8,4.0,5.1,0.8,0.1,1.4,4,0,后卫,18.88888888888889,4.444444444444445,5.666666666666667,55.79710144927537,58.25109649122807,0.5144927536231884,2.6842105263157894,0.9,0.5475099697445891,78.51851851851852,69.96323529411764,其他球员
佩勒·拉尔松,后卫,67,26.3,11.3,3.9,7.9,50.0,0.9,2.7,32.2,2.6,3.3,79.2,3.5,3.4,0.7,0.2,1.4,1,0,后卫,15.467680608365018,4.7908745247148286,4.653992395437262,55.0632911392405,60.41488451668092,0.34177215189873417,1.7894736842105263,0.8999999999999999,-0.041412022072164066,54.074074074074076,54.06249999999999,其他球员
佩顿·沃特森,后卫,54,29.6,14.6,5.3,10.8,49.1,1.5,3.6,41.1,2.6,3.5,73.0,4.9,2.1,0.9,1.1,1.7,2,0,后卫,17.756756756756758,5.95945945945946,2.5540540540540544,56.01851851851851,59.15721231766613,0.3333333333333333,0.9545454545454545,2.0,0.1981618147740213,64.07407407407408,63.014705882352935,其他球员
普雷舍斯·阿丘瓦,大前锋,70,23.6,9.9,4.3,7.9,53.8,0.4,1.3,30.7,1.0,1.8,54.8,6.7,1.3,0.9,0.7,0.9,11,0,前锋,15.101694915254237,10.220338983050848,1.9830508474576272,56.96202531645569,56.948918545789226,0.16455696202531644,0.9285714285714287,1.6,-0.2502284312497254,41.48148148148148,44.869791666666664,其他球员
昆汀·格兰姆斯,后卫,71,29.7,13.5,4.5,10.1,45.2,1.7,5.1,33.2,2.7,3.2,83.7,3.7,3.4,0.9,0.4,1.8,2,0,后卫,16.363636363636363,4.484848484848485,4.121212121212121,52.97029702970298,58.6548488008342,0.504950495049505,1.4782608695652175,1.3,0.13870498859297056,61.111111111111114,61.81985294117647,其他球员
昆滕·波斯特,中锋,67,17.3,7.7,2.9,6.6,44.0,1.4,4.1,33.6,0.5,0.6,79.1,4.0,1.4,0.4,0.5,0.8,0,0,中锋,16.023121387283236,8.323699421965317,2.913294797687861,54.54545454545454,56.08974358974359,0.6212121212121212,1.0769230769230769,0.9,-0.7748052512475467,10.74074074074074,24.802631578947373,其他球员
拉扬·鲁珀特,后卫,62,16.0,4.8,1.7,4.4,39.6,0.7,1.9,34.2,0.6,0.8,76.0,2.6,1.0,0.8,0.1,0.7,1,1,后卫,10.799999999999999,5.8500000000000005,2.25,46.59090909090908,50.5050505050505,0.43181818181818177,0.8333333333333334,0.9,-1.1741917736036098,1.1111111111111112,12.16911764705882,其他球员
里德·谢泼德,后卫,78,26.4,13.6,5.0,11.5,43.1,2.8,7.0,39.7,0.9,1.1,81.0,2.9,3.4,1.5,0.7,1.6,2,0,后卫,18.545454545454547,3.9545454545454546,4.636363636363637,55.65217391304348,56.742323097463284,0.6086956521739131,1.6190476190476188,2.2,0.21705221943003405,65.18518518518519,60.93750000000001,其他球员
阿尔杰·巴雷特,前锋,54,30.2,19.1,7.0,14.3,49.2,1.7,5.0,34.4,3.4,4.8,71.2,5.2,3.4,0.7,0.3,1.8,0,0,前锋,22.768211920529804,6.198675496688742,4.0529801324503305,54.895104895104886,58.18912990494761,0.34965034965034963,1.4782608695652175,1.0,0.41430579279038554,75.55555555555556,66.27604166666666,其他球员
罗伯特·威廉姆斯三世,中锋,55,16.9,6.7,3.0,4.2,71.6,0.1,0.4,33.3,0.5,0.9,61.7,6.9,1.0,0.6,1.5,0.8,4,0,中锋,14.272189349112429,14.698224852071007,2.1301775147928996,72.61904761904762,72.88946910356832,0.09523809523809523,0.7692307692307692,2.1,-0.041554165337664734,53.70370370370371,36.776315789473685,其他球员
罗纳德·霍兰二世,前锋,74,19.8,8.1,3.0,6.9,43.1,0.6,2.5,23.1,1.6,2.0,80.1,4.1,1.2,1.2,0.3,1.2,2,0,前锋,14.727272727272725,7.454545454545454,2.1818181818181817,47.826086956521735,52.056555269922875,0.36231884057971014,0.7058823529411765,1.5,-0.6739457316507189,15.925925925925927,26.40625,其他球员
罗伊斯·奥尼尔,前锋,75,28.7,9.8,3.4,8.1,41.9,2.7,6.7,40.8,0.3,0.5,72.2,4.8,2.7,1.1,0.4,1.4,2,0,前锋,12.292682926829269,6.020905923344947,3.3867595818815333,58.64197530864198,58.894230769230774,0.8271604938271605,1.4210526315789476,1.5,-0.011589598887929443,55.925925925925924,56.432291666666664,其他球员
鲁迪·戈贝尔,中锋,75,31.3,11.0,4.4,6.5,68.5,0.0,0.1,0.0,2.1,4.0,52.5,11.5,1.7,0.8,1.6,1.4,33,0,中锋,12.651757188498403,13.226837060702875,1.9552715654952075,67.6923076923077,66.5859564164649,0.015384615384615385,0.8947368421052632,2.4000000000000004,0.5815633555706271,81.11111111111111,62.5,其他球员
八村塁,前锋,63,28.1,11.1,4.3,8.6,50.6,1.7,3.9,43.0,0.7,1.0,73.3,3.2,0.8,0.5,0.3,0.6,0,0,前锋,14.220640569395016,4.099644128113879,1.0249110320284698,59.883720930232556,61.39380530973452,0.4534883720930233,0.7272727272727273,0.8,-0.3610695200075019,33.7037037037037,37.473958333333336,其他球员
拉塞尔·威斯布鲁克,后卫,64,29.0,15.2,5.6,13.1,42.7,2.0,5.9,33.8,2.0,2.9,69.4,5.4,6.7,1.3,0.2,3.3,16,6,后卫,18.868965517241378,6.703448275862069,8.317241379310346,50.38167938931297,52.86588759042849,0.450381679389313,1.7631578947368423,1.5,0.4983520869253594,76.66666666666667,66.67279411764706,其他球员
瑞安·邓恩,前锋,66,19.3,5.8,2.4,5.2,45.2,0.8,2.4,33.5,0.3,0.6,47.6,4.2,1.4,0.9,0.4,0.8,1,0,前锋,10.818652849740932,7.83419689119171,2.61139896373057,53.84615384615385,53.07467057101024,0.4615384615384615,1.0769230769230769,1.3,-0.7876071902953883,10.37037037037037,24.192708333333332,其他球员
瑞安·卡尔克布伦纳,中锋,66,21.5,7.6,3.2,4.3,74.6,0.0,0.1,0.0,1.2,1.7,70.8,5.5,0.8,0.5,1.5,0.9,3,0,中锋,12.725581395348836,9.209302325581396,1.3395348837209302,74.4186046511628,75.27733755942947,0.023255813953488375,0.5714285714285715,2.0,-0.02433864688523822,55.18518518518518,36.38157894736842,其他球员
瑞安·内姆哈德,后卫,56,18.7,6.2,2.5,6.2,40.9,0.8,2.3,36.5,0.4,0.5,76.9,2.0,4.9,0.4,0.0,1.4,3,0,后卫,11.93582887700535,3.8502673796791447,9.433155080213904,46.774193548387096,48.28660436137071,0.3709677419354838,2.578947368421053,0.4,-0.7907493073160214,10.0,23.38235294117647,其他球员
瑞安·罗林斯,后卫,73,32.1,17.2,6.5,13.8,47.3,2.5,6.1,40.9,1.6,2.1,78.8,4.6,5.6,1.5,0.4,2.7,6,0,后卫,19.28971962616822,5.158878504672897,6.280373831775701,56.15942028985506,58.408041293126864,0.44202898550724634,1.7499999999999998,1.9,0.7849434250596766,86.29629629629629,79.20955882352942,其他球员
萨迪克·贝,后卫,72,31.2,17.7,6.1,13.4,45.1,2.1,5.7,36.7,3.4,4.1,84.1,5.6,2.5,0.9,0.1,0.9,7,0,后卫,20.42307692307692,6.461538461538462,2.8846153846153846,53.35820895522387,58.20836621941594,0.4253731343283582,1.7857142857142858,1.0,0.3678126704779716,73.70370370370371,66.1029411764706,其他球员
萨姆·豪瑟,前锋,75,24.8,9.1,3.2,7.7,41.8,2.5,6.4,38.9,0.2,0.3,85.0,3.8,1.4,0.5,0.3,0.5,0,0,前锋,13.209677419354836,5.516129032258064,2.032258064516129,57.7922077922078,58.0949948927477,0.8311688311688312,1.4,0.8,-0.4851971436847802,27.037037037037038,34.791666666666664,其他球员
萨姆·梅里尔,后卫,50,26.4,12.7,4.3,9.3,46.0,3.0,7.2,42.1,1.1,1.3,86.2,2.6,2.4,0.6,0.1,0.8,1,0,后卫,17.31818181818182,3.545454545454546,3.2727272727272725,62.36559139784945,64.32333873581847,0.7741935483870968,1.846153846153846,0.7,-0.005885250342373909,56.2962962962963,52.38970588235294,其他球员
桑德罗·马穆凯拉什维利,前锋,76,21.9,11.2,4.1,7.9,52.3,1.4,3.7,38.6,1.5,2.0,75.3,4.9,1.9,0.8,0.5,0.8,3,0,前锋,18.410958904109588,8.054794520547945,3.1232876712328763,60.759493670886066,63.78132118451024,0.46835443037974683,1.4615384615384615,1.3,-0.03756673128378558,54.44444444444444,54.973958333333336,其他球员
斯科蒂·巴恩斯,前锋,76,33.7,18.1,7.1,14.2,50.2,0.8,2.9,29.2,3.0,3.7,81.3,7.5,5.9,1.5,1.5,2.7,29,2,前锋,19.335311572700295,8.01186943620178,6.3026706231454,52.81690140845071,57.17715440990651,0.20422535211267606,1.84375,3.0,1.1270686475123088,93.7037037037037,82.21354166666666,巨星组
谢登·夏普,后卫,48,30.0,21.4,8.0,17.6,45.6,2.1,6.2,34.0,3.2,4.0,78.4,4.4,2.6,1.4,0.1,3.0,0,0,后卫,25.68,5.28,3.12,51.42045454545454,55.2685950413223,0.35227272727272724,0.7428571428571429,1.5,0.4456122343352603,76.29629629629629,63.382352941176464,其他球员
谢伊·吉尔杰斯-亚历山大,后卫,66,33.3,31.4,10.8,19.5,55.2,1.7,4.4,38.3,8.1,9.2,88.0,4.4,6.5,1.4,0.8,2.2,7,0,后卫,33.945945945945944,4.756756756756757,7.027027027027027,59.743589743589745,66.67232886020044,0.22564102564102567,2.4074074074074074,2.2,1.8003333652471571,99.25925925925925,93.125,巨星组
西迪·西索科,后卫,71,19.9,5.3,1.9,4.7,39.9,0.8,2.8,30.1,0.8,1.2,65.1,2.3,1.5,0.7,0.4,1.0,0,0,后卫,9.587939698492463,4.160804020100502,2.71356783919598,48.93617021276595,50.68859984697781,0.5957446808510638,1.0,1.1,-1.0238872015465754,2.2222222222222223,17.738970588235293,其他球员
西蒙尼·丰泰基奥,前锋,69,16.6,8.3,2.7,6.7,40.3,1.7,4.6,36.6,1.2,1.4,84.0,3.0,1.4,0.5,0.1,0.7,0,0,前锋,18.0,6.506024096385541,3.0361445783132526,52.98507462686567,56.724986331328594,0.6865671641791045,1.1666666666666667,0.6,-0.7958870463573405,9.62962962962963,21.953125,其他球员
赛昂·詹姆斯,后卫,79,22.6,5.4,1.7,4.5,37.7,1.0,2.8,36.2,1.0,1.2,84.5,3.5,2.0,0.6,0.3,0.8,0,0,后卫,8.601769911504425,5.575221238938052,3.1858407079646014,48.88888888888889,53.69928400954653,0.6222222222222222,1.5384615384615383,0.8999999999999999,-0.7724934992868223,11.11111111111111,27.169117647058822,其他球员
斯潘塞·琼斯,前锋,64,22.1,5.5,2.1,4.1,50.4,0.9,2.3,39.6,0.5,0.8,60.8,3.3,0.8,0.8,0.5,0.5,1,0,前锋,8.959276018099548,5.375565610859728,1.3031674208144797,62.19512195121952,61.76999101527404,0.5609756097560976,0.8,1.3,-0.6122334596133663,20.0,27.447916666666664,其他球员
斯蒂芬·卡斯尔,后卫,66,30.0,16.7,5.7,12.0,47.4,1.2,3.6,32.6,4.2,5.7,73.3,5.2,7.3,1.1,0.3,3.2,16,4,后卫,20.04,6.24,8.76,52.5,57.55445271574304,0.3,1.9729729729729728,1.4000000000000001,0.75327135140051,84.81481481481481,75.11029411764706,其他球员
斯维·米哈伊柳克,后卫,50,23.1,9.4,3.5,7.2,47.8,2.0,4.8,40.8,0.5,0.6,89.3,2.5,1.9,0.5,0.1,0.8,0,0,后卫,14.64935064935065,3.896103896103896,2.9610389610389607,62.5,62.968917470525184,0.6666666666666666,1.4615384615384615,0.6,-0.38423487630024195,31.851851851851855,39.8345588235294,其他球员
提杰·麦康奈尔,后卫,56,17.2,9.4,4.3,8.0,53.8,0.3,0.9,32.0,0.4,0.5,86.2,2.2,5.1,1.0,0.2,1.1,1,0,后卫,19.674418604651166,4.604651162790698,10.674418604651162,55.625,57.17761557177615,0.1125,3.1874999999999996,1.2,-0.11732066281457851,48.51851851851852,46.10294117647058,其他球员
塔里·伊森,前锋,56,25.8,10.4,4.0,9.7,41.1,1.6,4.4,36.3,0.8,1.1,75.0,6.3,1.5,1.2,0.5,1.4,6,0,前锋,14.511627906976745,8.790697674418604,2.093023255813953,49.48453608247423,51.06048703849175,0.45360824742268047,0.7894736842105263,1.7,-0.32470456283548876,35.92592592592593,46.06770833333333,其他球员
泰勒·亨德里克斯,前锋,58,18.9,7.3,2.7,6.0,45.2,1.1,3.1,33.7,0.8,1.2,67.1,3.7,0.9,0.8,0.5,0.8,2,0,前锋,13.904761904761907,7.047619047619049,1.7142857142857144,54.166666666666664,55.912990196078425,0.5166666666666667,0.6923076923076923,1.3,-0.7451964540514446,11.851851851851853,21.71875,其他球员
特伦斯·曼,后卫,63,24.3,7.2,2.7,5.8,45.7,0.9,2.4,36.4,1.0,1.3,78.8,3.2,3.0,0.7,0.2,1.1,0,0,后卫,10.666666666666666,4.7407407407407405,4.444444444444445,54.310344827586206,56.49717514124294,0.41379310344827586,1.875,0.8999999999999999,-0.4469720047946034,29.629629629629626,37.97794117647059,其他球员
小蒂姆·哈达威,后卫,77,26.7,13.6,4.4,9.7,45.1,2.8,6.9,41.1,2.0,2.5,81.3,2.6,1.3,0.5,0.1,0.5,0,0,后卫,18.337078651685392,3.5056179775280905,1.7528089887640452,59.7938144329897,62.96296296296296,0.7113402061855671,1.3,0.6,-0.1683574631019079,47.03703703703704,46.72794117647058,其他球员
托拜厄斯·哈里斯,前锋,60,27.9,13.2,4.9,10.6,46.4,1.3,3.6,34.9,2.2,2.5,87.3,5.1,2.6,0.9,0.4,1.0,3,0,前锋,17.032258064516128,6.580645161290323,3.35483870967742,52.358490566037744,56.41025641025641,0.339622641509434,1.7333333333333334,1.3,0.0437129184090188,58.51851851851851,58.333333333333336,其他球员
图马尼·卡马拉,前锋,78,33.2,13.2,4.7,10.7,43.9,2.6,7.1,36.6,1.2,1.7,70.4,5.2,2.4,1.1,0.4,1.8,3,0,前锋,14.313253012048191,5.63855421686747,2.6024096385542164,56.07476635514019,57.65199161425577,0.6635514018691588,1.0434782608695652,1.5,0.1588976455689867,62.22222222222222,61.901041666666664,其他球员
特雷·约翰逊,后卫,60,24.1,12.2,4.5,10.8,41.9,1.9,5.4,35.8,1.3,1.5,87.4,2.8,2.0,0.6,0.3,1.6,0,0,后卫,18.224066390041493,4.182572614107883,2.987551867219917,50.46296296296296,53.228621291448505,0.5,0.9523809523809523,0.8999999999999999,-0.5029145227647325,26.296296296296294,37.610294117647065,其他球员
特雷·琼斯,后卫,61,27.0,13.7,5.1,9.3,55.4,0.6,2.0,31.9,2.8,3.4,82.5,3.1,5.4,1.2,0.2,1.4,5,0,后卫,18.266666666666666,4.133333333333334,7.2,58.06451612903225,63.449425713227114,0.2150537634408602,2.842105263157895,1.4,0.5790045657521995,80.74074074074075,70.88235294117646,其他球员
特伦登·沃特福德,前锋,52,16.5,6.6,2.6,5.1,51.3,0.2,1.0,20.0,1.2,1.5,77.9,3.3,2.5,0.3,0.4,1.2,1,1,前锋,14.4,7.2,5.454545454545454,52.941176470588246,57.291666666666664,0.19607843137254904,1.4705882352941178,0.7,-0.7544276565787786,11.481481481481481,28.489583333333336,其他球员
特雷·墨菲三世,前锋,66,35.5,21.5,7.5,15.9,47.0,3.2,8.6,37.9,3.3,3.7,88.6,5.7,3.8,1.5,0.4,1.8,4,0,前锋,21.802816901408452,5.780281690140845,3.8535211267605627,57.23270440251572,61.33044272021908,0.5408805031446541,1.6521739130434783,1.9,1.0486131441443183,91.85185185185185,85.26041666666667,巨星组
特里斯坦·达席尔瓦,前锋,73,24.7,10.0,3.6,8.1,44.8,1.6,4.2,38.1,1.1,1.2,89.0,3.7,1.5,0.9,0.3,0.9,0,0,前锋,14.574898785425102,5.392712550607288,2.1862348178137654,54.320987654320994,57.95085767269356,0.5185185185185186,1.0714285714285714,1.2,-0.35449559994310004,34.074074074074076,41.53645833333333,其他球员
泰瑞斯·马克西,后卫,66,38.2,28.6,10.0,21.6,46.3,3.2,8.6,37.0,5.4,6.1,89.0,4.2,6.7,1.9,0.8,2.4,7,0,后卫,26.952879581151834,3.9581151832460733,6.31413612565445,53.703703703703695,58.886509635974306,0.3981481481481481,2.310344827586207,2.7,1.7383449142081542,98.88888888888889,89.70588235294119,巨星组
维克托·文班亚马,前锋,62,29.4,24.9,8.6,16.9,50.9,1.9,5.5,35.0,5.8,7.0,82.8,11.6,3.1,1.0,3.1,2.4,41,1,前锋,30.48979591836735,14.204081632653061,3.7959183673469394,56.50887573964497,62.31231231231232,0.3254437869822486,1.0689655172413794,4.1,1.3422782436781513,95.92592592592592,84.89583333333333,巨星组
维特·克雷伊奇,后卫,64,21.7,8.6,3.0,6.7,44.8,2.0,5.1,39.1,0.6,0.8,74.5,2.3,1.6,0.7,0.3,0.6,0,0,后卫,14.267281105990783,3.815668202764977,2.654377880184332,59.70149253731343,60.97560975609756,0.7611940298507462,1.4545454545454546,1.0,-0.46231087957661876,28.14814814814815,37.99632352941176,其他球员
维杰·埃奇库姆,后卫,71,34.8,16.1,6.0,13.7,43.9,2.0,5.6,35.8,2.0,2.4,82.7,5.5,4.1,1.4,0.5,1.8,7,0,后卫,16.655172413793107,5.689655172413794,4.241379310344827,51.09489051094891,54.55407969639469,0.40875912408759124,1.7826086956521738,1.9,0.5588266885229999,79.62962962962963,71.96691176470588,其他球员
小沃尔特·克莱顿,后卫,67,20.4,7.7,2.5,6.6,38.1,1.1,3.5,30.3,1.6,1.8,89.8,2.0,4.0,0.7,0.3,1.7,0,0,后卫,13.588235294117647,3.5294117647058827,7.058823529411765,46.21212121212121,52.083333333333336,0.5303030303030303,1.8181818181818181,1.0,-0.5950580509167444,21.85185185185185,32.352941176470594,其他球员
小温德尔·卡特,中锋,74,29.6,12.1,4.3,8.3,51.6,1.0,3.0,32.3,2.5,3.1,79.7,7.5,2.0,0.8,0.6,1.3,12,0,中锋,14.716216216216214,9.121621621621621,2.4324324324324325,57.831325301204814,62.60347682119204,0.36144578313253006,1.1111111111111112,1.4,0.21386161708322687,64.44444444444444,62.10526315789474,其他球员
威尔·理查德,后卫,67,20.2,6.6,2.4,5.1,47.4,1.1,3.1,34.1,0.7,0.8,85.2,2.5,1.4,1.2,0.1,0.8,0,0,后卫,11.762376237623762,4.455445544554456,2.495049504950495,57.84313725490197,60.52824651504035,0.607843137254902,1.0769230769230769,1.3,-0.523858471590398,24.814814814814813,32.922794117647065,其他球员
威尔·赖利,后卫,70,21.4,10.2,3.6,7.9,45.6,1.1,3.2,33.8,1.9,2.4,79.5,2.7,1.9,0.7,0.1,1.2,2,0,后卫,17.1588785046729,4.542056074766355,3.1962616822429903,52.53164556962025,56.94506476105404,0.4050632911392405,1.1176470588235294,0.7999999999999999,-0.5272883244956108,24.444444444444443,35.80882352941177,其他球员
伊夫·米西,中锋,66,19.7,5.7,2.4,4.5,54.4,0.0,0.0,0.0,0.9,1.5,55.9,5.8,1.3,0.3,1.5,0.8,5,0,中锋,10.416243654822336,10.598984771573603,2.375634517766498,53.333333333333336,55.23255813953488,0.0,1.0,1.8,-0.6957616446486146,14.074074074074074,23.092105263157897,其他球员
扎卡里·里萨谢,前锋,64,22.7,9.7,3.7,8.1,45.8,1.5,3.9,37.6,0.9,1.3,64.0,3.8,1.1,0.9,0.5,0.9,0,0,前锋,15.383259911894273,6.026431718061674,1.7444933920704846,54.93827160493827,55.9271217712177,0.4814814814814815,0.7857142857142858,1.4,-0.49769571953667907,26.666666666666668,33.333333333333336,其他球员
齐艾尔·威廉姆斯,前锋,56,22.9,10.2,3.3,7.7,42.5,1.5,4.5,34.3,2.1,2.5,85.0,2.4,1.1,1.4,0.4,1.1,0,0,前锋,16.034934497816593,3.7729257641921397,1.7292576419213976,52.5974025974026,57.954545454545446,0.5844155844155844,0.6875,1.7999999999999998,-0.3437128102165363,35.18518518518518,37.994791666666664,其他球员
锡安·威廉森,前锋,62,29.7,21.0,7.8,13.0,60.0,0.0,0.1,25.0,5.4,7.5,71.6,5.7,3.2,1.0,0.5,2.0,6,0,前锋,25.454545454545457,6.90909090909091,3.878787878787879,60.0,64.41717791411043,0.007692307692307693,1.28,1.5,0.8014563807101309,87.77777777777777,80.26041666666666,其他球员
